time_sec,leg_id,planned_x_rel_m,planned_y_rel_m,planned_z_rel_m,actual_x_rel_m,actual_y_rel_m,actual_z_rel_m,actual_x_abs_m,actual_y_abs_m,actual_z_abs_m
0.000001,0,0.000000,0.000000,0.000000,0.000000,-0.000884,-0.000360,-0.041077,0.107116,-0.264076
0.000001,1,0.000000,0.000000,0.000000,0.000000,-0.001714,0.000710,-0.037325,-0.109714,-0.262376
0.000001,2,0.000000,0.000000,0.000000,0.000000,0.000051,0.000021,-0.036536,0.108051,-0.264511
0.000001,3,0.000000,0.000000,0.000000,0.000000,0.002306,-0.000934,-0.037642,-0.105694,-0.264239
0.007968,0,0.000008,0.000000,0.000000,-0.000011,-0.000876,-0.000359,-0.041088,0.107124,-0.264074
0.007968,1,0.000008,0.000000,0.000000,0.000008,-0.001698,0.000702,-0.037317,-0.109698,-0.262384
0.007968,2,0.000008,0.000000,0.000000,0.000005,0.000059,0.000020,-0.036531,0.108059,-0.264511
0.007968,3,0.000008,0.000000,0.000000,0.000048,0.002298,-0.000938,-0.037594,-0.105702,-0.264243
0.011929,0,0.000019,0.000000,0.000000,-0.000100,-0.000700,-0.000139,-0.041178,0.107300,-0.263855
0.011929,1,0.000019,0.000000,0.000000,0.000175,-0.001689,0.000873,-0.037150,-0.109689,-0.262213
0.011929,2,0.000019,0.000000,0.000000,0.000162,0.000219,0.000207,-0.036374,0.108219,-0.264325
0.011929,3,0.000019,0.000000,0.000000,0.000165,0.001985,-0.000626,-0.037477,-0.106015,-0.263931
0.016208,0,0.000034,0.000000,0.000001,-0.000158,-0.000588,0.000015,-0.041235,0.107412,-0.263700
0.016208,1,0.000034,0.000000,0.000001,0.000289,-0.001696,0.000991,-0.037036,-0.109696,-0.262095
0.016208,2,0.000034,0.000000,0.000001,0.000276,0.000363,0.000356,-0.036260,0.108363,-0.264175
0.016208,3,0.000034,0.000000,0.000001,0.000250,0.001760,-0.000405,-0.037392,-0.106240,-0.263710
0.020186,0,0.000053,0.000000,0.000002,-0.000181,-0.000468,0.000162,-0.041258,0.107532,-0.263554
0.020186,1,0.000053,0.000000,0.000002,0.000386,-0.001688,0.001105,-0.036939,-0.109688,-0.261981
0.020186,2,0.000053,0.000000,0.000002,0.000382,0.000499,0.000494,-0.036153,0.108499,-0.264037
0.020186,3,0.000053,0.000000,0.000002,0.000302,0.001512,-0.000188,-0.037340,-0.106488,-0.263493
0.023794,0,0.000075,0.000000,0.000003,-0.000202,-0.000372,0.000284,-0.041279,0.107628,-0.263432
0.023794,1,0.000075,0.000000,0.000003,0.000487,-0.001679,0.001197,-0.036838,-0.109679,-0.261890
0.023794,2,0.000075,0.000000,0.000003,0.000461,0.000619,0.000609,-0.036075,0.108619,-0.263923
0.023794,3,0.000075,0.000000,0.000003,0.000369,0.001312,-0.000011,-0.037273,-0.106688,-0.263316
0.027223,0,0.000100,0.000000,0.000004,-0.000161,-0.000308,0.000364,-0.041238,0.107692,-0.263352
0.027223,1,0.000100,0.000000,0.000004,0.000536,-0.001679,0.001260,-0.036789,-0.109679,-0.261827
0.027223,2,0.000100,0.000000,0.000004,0.000519,0.000683,0.000682,-0.036017,0.108683,-0.263850
0.027223,3,0.000100,0.000000,0.000004,0.000413,0.001176,0.000111,-0.037229,-0.106824,-0.263194
0.031631,0,0.000132,0.000000,0.000007,-0.000186,-0.000244,0.000452,-0.041263,0.107756,-0.263264
0.031631,1,0.000132,0.000000,0.000007,0.000598,-0.001670,0.001324,-0.036726,-0.109670,-0.261763
0.031631,2,0.000132,0.000000,0.000007,0.000592,0.000755,0.000771,-0.035944,0.108755,-0.263760
0.031631,3,0.000132,0.000000,0.000007,0.000468,0.001040,0.000253,-0.037174,-0.106960,-0.263053
0.035025,0,0.000165,0.000000,0.000009,-0.000211,-0.000188,0.000536,-0.041288,0.107812,-0.263179
0.035025,1,0.000165,0.000000,0.000009,0.000676,-0.001662,0.001385,-0.036648,-0.109662,-0.261701
0.035025,2,0.000165,0.000000,0.000009,0.000656,0.000818,0.000850,-0.035880,0.108818,-0.263682
0.035025,3,0.000165,0.000000,0.000009,0.000488,0.000928,0.000359,-0.037154,-0.107072,-0.262946
0.038845,0,0.000203,0.000000,0.000012,-0.000256,-0.000140,0.000609,-0.041333,0.107860,-0.263107
0.038845,1,0.000203,0.000000,0.000012,0.000714,-0.001654,0.001435,-0.036611,-0.109654,-0.261652
0.038845,2,0.000203,0.000000,0.000012,0.000720,0.000874,0.000915,-0.035816,0.108874,-0.263616
0.038845,3,0.000203,0.000000,0.000012,0.000509,0.000840,0.000450,-0.037133,-0.107160,-0.262856
0.042263,0,0.000243,0.000000,0.000016,-0.000282,-0.000108,0.000675,-0.041359,0.107892,-0.263041
0.042263,1,0.000243,0.000000,0.000016,0.000765,-0.001661,0.001486,-0.036560,-0.109661,-0.261601
0.042263,2,0.000243,0.000000,0.000016,0.000781,0.000930,0.000979,-0.035755,0.108930,-0.263553
0.042263,3,0.000243,0.000000,0.000016,0.000531,0.000753,0.000531,-0.037112,-0.107247,-0.262774
0.045608,0,0.000287,0.000000,0.000021,-0.000316,-0.000069,0.000736,-0.041393,0.107931,-0.262980
0.045608,1,0.000287,0.000000,0.000021,0.000793,-0.001653,0.001518,-0.036532,-0.109653,-0.261568
0.045608,2,0.000287,0.000000,0.000021,0.000828,0.000970,0.001031,-0.035708,0.108970,-0.263500
0.045608,3,0.000287,0.000000,0.000021,0.000543,0.000665,0.000604,-0.037099,-0.107335,-0.262701
0.048901,0,0.000333,0.000000,0.000026,-0.000298,-0.000037,0.000783,-0.041375,0.107963,-0.262933
0.048901,1,0.000333,0.000000,0.000026,0.000830,-0.001653,0.001552,-0.036495,-0.109653,-0.261534
0.048901,2,0.000333,0.000000,0.000026,0.000873,0.001009,0.001081,-0.035663,0.109009,-0.263450
0.048901,3,0.000333,0.000000,0.000026,0.000566,0.000593,0.000664,-0.037076,-0.107407,-0.262641
0.051974,0,0.000381,0.000000,0.000031,-0.000274,0.000003,0.000838,-0.041351,0.108003,-0.262878
0.051974,1,0.000381,0.000000,0.000031,0.000871,-0.001661,0.001586,-0.036453,-0.109661,-0.261500
0.051974,2,0.000381,0.000000,0.000031,0.000917,0.001049,0.001131,-0.035619,0.109049,-0.263400
0.051974,3,0.000381,0.000000,0.000031,0.000592,0.000538,0.000719,-0.037050,-0.107462,-0.262586
0.056091,0,0.000440,0.000000,0.000039,-0.000303,0.000051,0.000898,-0.041380,0.108051,-0.262817
0.056091,1,0.000440,0.000000,0.000039,0.000913,-0.001669,0.001620,-0.036412,-0.109669,-0.261466
0.056091,2,0.000440,0.000000,0.000039,0.000961,0.001089,0.001181,-0.035574,0.109089,-0.263350
0.056091,3,0.000440,0.000000,0.000039,0.000599,0.000458,0.000784,-0.037043,-0.107542,-0.262521
0.060441,0,0.000506,0.000000,0.000048,-0.000316,0.000107,0.000969,-0.041393,0.108107,-0.262747
0.060441,1,0.000506,0.000000,0.000048,0.000945,-0.001684,0.001674,-0.036380,-0.109684,-0.261412
0.060441,2,0.000506,0.000000,0.000048,0.001033,0.001121,0.001236,-0.035503,0.109121,-0.263295
0.060441,3,0.000506,0.000000,0.000048,0.000617,0.000402,0.000841,-0.037025,-0.107598,-0.262464
0.064290,0,0.000572,0.000000,0.000058,-0.000318,0.000162,0.001041,-0.041395,0.108162,-0.262675
0.064290,1,0.000572,0.000000,0.000058,0.000987,-0.001700,0.001721,-0.036338,-0.109700,-0.261365
0.064290,2,0.000572,0.000000,0.000058,0.001075,0.001152,0.001280,-0.035461,0.109152,-0.263251
0.064290,3,0.000572,0.000000,0.000058,0.000643,0.000339,0.000900,-0.036999,-0.107661,-0.262405
0.067660,0,0.000638,0.000000,0.000068,-0.000325,0.000226,0.001111,-0.041403,0.108226,-0.262605
0.067660,1,0.000638,0.000000,0.000068,0.001026,-0.001723,0.001768,-0.036299,-0.109723,-0.261318
0.067660,2,0.000638,0.000000,0.000068,0.001136,0.001192,0.001337,-0.035400,0.109192,-0.263194
0.067660,3,0.000638,0.000000,0.000068,0.000661,0.000291,0.000945,-0.036982,-0.107709,-0.262360
0.071327,0,0.000709,0.000000,0.000079,-0.000333,0.000266,0.001171,-0.041410,0.108266,-0.262544
0.071327,1,0.000709,0.000000,0.000079,0.001063,-0.001739,0.001809,-0.036262,-0.109739,-0.261277
0.071327,2,0.000709,0.000000,0.000079,0.001180,0.001208,0.001368,-0.035356,0.109208,-0.263163
0.071327,3,0.000709,0.000000,0.000079,0.000691,0.000235,0.000988,-0.036951,-0.107765,-0.262318
0.075124,0,0.000786,0.000000,0.000093,-0.000328,0.000305,0.001226,-0.041405,0.108305,-0.262489
0.075124,1,0.000786,0.000000,0.000093,0.001113,-0.001762,0.001858,-0.036212,-0.109762,-0.261229
0.075124,2,0.000786,0.000000,0.000093,0.001243,0.001248,0.001428,-0.035293,0.109248,-0.263104
0.075124,3,0.000786,0.000000,0.000093,0.000724,0.000203,0.001023,-0.036918,-0.107797,-0.262282
0.078266,0,0.000860,0.000000,0.000106,-0.000309,0.000369,0.001295,-0.041386,0.108369,-0.262420
0.078266,1,0.000860,0.000000,0.000106,0.001165,-0.001770,0.001893,-0.036160,-0.109770,-0.261193
0.078266,2,0.000860,0.000000,0.000106,0.001285,0.001263,0.001465,-0.035251,0.109263,-0.263066
0.078266,3,0.000860,0.000000,0.000106,0.000733,0.000164,0.001057,-0.036909,-0.107836,-0.262249
0.081388,0,0.000937,0.000000,0.000120,-0.000298,0.000409,0.001347,-0.041375,0.108409,-0.262369
0.081388,1,0.000937,0.000000,0.000120,0.001196,-0.001793,0.001932,-0.036129,-0.109793,-0.261154
0.081388,2,0.000937,0.000000,0.000120,0.001321,0.001287,0.001501,-0.035215,0.109287,-0.263031
0.081388,3,0.000937,0.000000,0.000120,0.000785,0.000140,0.001081,-0.036858,-0.107860,-0.262225
0.085067,0,0.001024,0.000000,0.000137,-0.000276,0.000464,0.001415,-0.041353,0.108464,-0.262301
0.085067,1,0.001024,0.000000,0.000137,0.001253,-0.001809,0.001968,-0.036071,-0.109809,-0.261118
0.085067,2,0.001024,0.000000,0.000137,0.001381,0.001303,0.001539,-0.035155,0.109303,-0.262993
0.085067,3,0.001024,0.000000,0.000137,0.000817,0.000108,0.001107,-0.036825,-0.107892,-0.262198
0.088167,0,0.001108,0.000000,0.000153,-0.000274,0.000496,0.001455,-0.041351,0.108496,-0.262260
0.088167,1,0.001108,0.000000,0.000153,0.001295,-0.001809,0.001999,-0.036030,-0.109809,-0.261088
0.088167,2,0.001108,0.000000,0.000153,0.001406,0.001319,0.001569,-0.035129,0.109319,-0.262962
0.088167,3,0.001108,0.000000,0.000153,0.000842,0.000076,0.001135,-0.036800,-0.107924,-0.262170
0.091521,0,0.001198,0.000000,0.000172,-0.000256,0.000512,0.001495,-0.041333,0.108512,-0.262220
0.091521,1,0.001198,0.000000,0.000172,0.001341,-0.001825,0.002023,-0.035984,-0.109825,-0.261063
0.091521,2,0.001198,0.000000,0.000172,0.001469,0.001327,0.001598,-0.035067,0.109327,-0.262934
0.091521,3,0.001198,0.000000,0.000172,0.000894,0.000053,0.001159,-0.036749,-0.107947,-0.262146
0.094921,0,0.001292,0.000000,0.000193,-0.000227,0.000559,0.001550,-0.041304,0.108559,-0.262166
0.094921,1,0.001292,0.000000,0.000193,0.001391,-0.001848,0.002063,-0.035934,-0.109848,-0.261023
0.094921,2,0.001292,0.000000,0.000193,0.001510,0.001327,0.001619,-0.035026,0.109327,-0.262912
0.094921,3,0.001292,0.000000,0.000193,0.000947,0.000037,0.001173,-0.036695,-0.107963,-0.262132
0.098068,0,0.001386,0.000000,0.000213,-0.000184,0.000575,0.001587,-0.041262,0.108575,-0.262129
0.098068,1,0.001386,0.000000,0.000213,0.001458,-0.001840,0.002081,-0.035867,-0.109840,-0.261005
0.098068,2,0.001386,0.000000,0.000213,0.001567,0.001350,0.001649,-0.034968,0.109350,-0.262882
0.098068,3,0.001386,0.000000,0.000213,0.000996,0.000029,0.001188,-0.036646,-0.107971,-0.262117
0.101223,0,0.001483,0.000000,0.000236,-0.000145,0.000607,0.001627,-0.041222,0.108607,-0.262089
0.101223,1,0.001483,0.000000,0.000236,0.001504,-0.001848,0.002102,-0.035820,-0.109848,-0.260984
0.101223,2,0.001483,0.000000,0.000236,0.001606,0.001350,0.001668,-0.034930,0.109350,-0.262863
0.101223,3,0.001483,0.000000,0.000236,0.001055,0.000029,0.001201,-0.036587,-0.107971,-0.262104
0.104522,0,0.001586,0.000000,0.000260,-0.000127,0.000623,0.001658,-0.041204,0.108623,-0.262057
0.104522,1,0.001586,0.000000,0.000260,0.001564,-0.001848,0.002124,-0.035761,-0.109848,-0.260962
0.104522,2,0.001586,0.000000,0.000260,0.001671,0.001350,0.001687,-0.034865,0.109350,-0.262845
0.104522,3,0.001586,0.000000,0.000260,0.001101,0.000029,0.001210,-0.036541,-0.107971,-0.262095
0.107408,0,0.001686,0.000000,0.000284,-0.000080,0.000630,0.001688,-0.041157,0.108630,-0.262028
0.107408,1,0.001686,0.000000,0.000284,0.001645,-0.001848,0.002141,-0.035680,-0.109848,-0.260945
0.107408,2,0.001686,0.000000,0.000284,0.001717,0.001334,0.001699,-0.034819,0.109334,-0.262833
0.107408,3,0.001686,0.000000,0.000284,0.001160,0.000013,0.001229,-0.036482,-0.107987,-0.262076
0.110203,0,0.001788,0.000000,0.000309,-0.000033,0.000638,0.001708,-0.041110,0.108638,-0.262008
0.110203,1,0.001788,0.000000,0.000309,0.001712,-0.001847,0.002162,-0.035612,-0.109847,-0.260924
0.110203,2,0.001788,0.000000,0.000309,0.001771,0.001342,0.001719,-0.034764,0.109342,-0.262813
0.110203,3,0.001788,0.000000,0.000309,0.001219,0.000013,0.001233,-0.036423,-0.107987,-0.262072
0.113233,0,0.001896,0.000000,0.000337,-0.000002,0.000654,0.001734,-0.041079,0.108654,-0.261982
0.113233,1,0.001896,0.000000,0.000337,0.001769,-0.001847,0.002172,-0.035556,-0.109847,-0.260914
0.113233,2,0.001896,0.000000,0.000337,0.001820,0.001334,0.001727,-0.034716,0.109334,-0.262804
0.113233,3,0.001896,0.000000,0.000337,0.001268,0.000013,0.001245,-0.036374,-0.107987,-0.262060
0.116586,0,0.002013,0.000000,0.000368,0.000037,0.000646,0.001758,-0.041040,0.108646,-0.261958
0.116586,1,0.002013,0.000000,0.000368,0.001844,-0.001847,0.002193,-0.035480,-0.109847,-0.260893
0.116586,2,0.002013,0.000000,0.000368,0.001896,0.001342,0.001751,-0.034640,0.109342,-0.262780
0.116586,3,0.002013,0.000000,0.000368,0.001351,0.000021,0.001251,-0.036291,-0.107979,-0.262054
0.120261,0,0.002140,0.000000,0.000404,0.000094,0.000654,0.001771,-0.040983,0.108654,-0.261945
0.120261,1,0.002140,0.000000,0.000404,0.001917,-0.001839,0.002207,-0.035408,-0.109839,-0.260879
0.120261,2,0.002140,0.000000,0.000404,0.001964,0.001334,0.001769,-0.034572,0.109334,-0.262762
0.120261,3,0.002140,0.000000,0.000404,0.001429,0.000021,0.001265,-0.036213,-0.107979,-0.262040
0.123209,0,0.002256,0.000000,0.000436,0.000160,0.000662,0.001800,-0.040917,0.108662,-0.261915
0.123209,1,0.002256,0.000000,0.000436,0.002006,-0.001815,0.002212,-0.035319,-0.109815,-0.260874
0.123209,2,0.002256,0.000000,0.000436,0.002023,0.001318,0.001776,-0.034513,0.109318,-0.262756
0.123209,3,0.002256,0.000000,0.000436,0.001502,0.000021,0.001273,-0.036141,-0.107979,-0.262032
0.126078,0,0.002375,0.000000,0.000470,0.000228,0.000646,0.001804,-0.040850,0.108646,-0.261911
0.126078,1,0.002375,0.000000,0.000470,0.002076,-0.001799,0.002221,-0.035249,-0.109799,-0.260866
0.126078,2,0.002375,0.000000,0.000470,0.002085,0.001318,0.001792,-0.034451,0.109318,-0.262739
0.126078,3,0.002375,0.000000,0.000470,0.001561,0.000029,0.001283,-0.036081,-0.107971,-0.262022
0.129479,0,0.002507,0.000000,0.000509,0.000255,0.000638,0.001818,-0.040822,0.108638,-0.261897
0.129479,1,0.002507,0.000000,0.000509,0.002145,-0.001799,0.002236,-0.035179,-0.109799,-0.260851
0.129479,2,0.002507,0.000000,0.000509,0.002161,0.001318,0.001813,-0.034375,0.109318,-0.262719
0.129479,3,0.002507,0.000000,0.000509,0.001628,0.000029,0.001295,-0.036014,-0.107971,-0.262010
0.133424,0,0.002653,0.000000,0.000555,0.000329,0.000630,0.001840,-0.040748,0.108630,-0.261876
0.133424,1,0.002653,0.000000,0.000555,0.002253,-0.001776,0.002242,-0.035072,-0.109776,-0.260845
0.133424,2,0.002653,0.000000,0.000555,0.002229,0.001294,0.001824,-0.034307,0.109294,-0.262707
0.133424,3,0.002653,0.000000,0.000555,0.001712,0.000029,0.001314,-0.035931,-0.107971,-0.261991
0.136855,0,0.002792,0.000000,0.000600,0.000403,0.000622,0.001853,-0.040674,0.108622,-0.261863
0.136855,1,0.002792,0.000000,0.000600,0.002338,-0.001768,0.002251,-0.034986,-0.109768,-0.260835
0.136855,2,0.002792,0.000000,0.000600,0.002307,0.001286,0.001835,-0.034229,0.109286,-0.262697
0.136855,3,0.002792,0.000000,0.000600,0.001792,0.000029,0.001330,-0.035850,-0.107971,-0.261975
0.139899,0,0.002927,0.000000,0.000643,0.000492,0.000622,0.001866,-0.040585,0.108622,-0.261849
0.139899,1,0.002927,0.000000,0.000643,0.002430,-0.001759,0.002266,-0.034895,-0.109759,-0.260820
0.139899,2,0.002927,0.000000,0.000643,0.002393,0.001277,0.001854,-0.034142,0.109277,-0.262678
0.139899,3,0.002927,0.000000,0.000643,0.001873,0.000021,0.001350,-0.035769,-0.107979,-0.261955
0.142859,0,0.003064,0.000000,0.000687,0.000565,0.000622,0.001882,-0.040512,0.108622,-0.261833
0.142859,1,0.003064,0.000000,0.000687,0.002502,-0.001744,0.002277,-0.034822,-0.109744,-0.260809
0.142859,2,0.003064,0.000000,0.000687,0.002456,0.001277,0.001870,-0.034080,0.109277,-0.262662
0.142859,3,0.003064,0.000000,0.000687,0.001940,0.000029,0.001359,-0.035702,-0.107971,-0.261946
0.146692,0,0.003223,0.000000,0.000742,0.000599,0.000614,0.001901,-0.040478,0.108614,-0.261814
0.146692,1,0.003223,0.000000,0.000742,0.002604,-0.001736,0.002294,-0.034720,-0.109736,-0.260792
0.146692,2,0.003223,0.000000,0.000742,0.002563,0.001261,0.001889,-0.033972,0.109261,-0.262643
0.146692,3,0.003223,0.000000,0.000742,0.002045,0.000029,0.001381,-0.035597,-0.107971,-0.261924
0.149616,0,0.003365,0.000000,0.000790,0.000683,0.000590,0.001918,-0.040394,0.108590,-0.261798
0.149616,1,0.003365,0.000000,0.000790,0.002698,-0.001720,0.002308,-0.034626,-0.109720,-0.260778
0.149616,2,0.003365,0.000000,0.000790,0.002644,0.001253,0.001902,-0.033891,0.109253,-0.262629
0.149616,3,0.003365,0.000000,0.000790,0.002110,0.000029,0.001400,-0.035532,-0.107971,-0.261906
0.152585,0,0.003512,0.000000,0.000841,0.000755,0.000582,0.001937,-0.040323,0.108582,-0.261778
0.152585,1,0.003512,0.000000,0.000841,0.002790,-0.001719,0.002336,-0.034535,-0.109719,-0.260751
0.152585,2,0.003512,0.000000,0.000841,0.002720,0.001245,0.001929,-0.033815,0.109245,-0.262603
0.152585,3,0.003512,0.000000,0.000841,0.002197,0.000029,0.001421,-0.035446,-0.107971,-0.261884
0.155453,0,0.003659,0.000000,0.000892,0.000849,0.000590,0.001959,-0.040228,0.108590,-0.261756
0.155453,1,0.003659,0.000000,0.000892,0.002881,-0.001719,0.002354,-0.034444,-0.109719,-0.260732
0.155453,2,0.003659,0.000000,0.000892,0.002807,0.001245,0.001951,-0.033729,0.109245,-0.262580
0.155453,3,0.003659,0.000000,0.000892,0.002272,0.000037,0.001438,-0.035370,-0.107963,-0.261867
0.158719,0,0.003818,0.000000,0.000951,0.000902,0.000582,0.001988,-0.040175,0.108582,-0.261728
0.158719,1,0.003818,0.000000,0.000951,0.002991,-0.001711,0.002379,-0.034333,-0.109711,-0.260707
0.158719,2,0.003818,0.000000,0.000951,0.002915,0.001229,0.001970,-0.033621,0.109229,-0.262561
0.158719,3,0.003818,0.000000,0.000951,0.002364,0.000037,0.001465,-0.035278,-0.107963,-0.261840
0.161546,0,0.003971,0.000000,0.001006,0.000985,0.000582,0.002021,-0.040092,0.108582,-0.261695
0.161546,1,0.003971,0.000000,0.001006,0.003083,-0.001703,0.002403,-0.034242,-0.109703,-0.260683
0.161546,2,0.003971,0.000000,0.001006,0.003009,0.001213,0.001994,-0.033526,0.109213,-0.262538
0.161546,3,0.003971,0.000000,0.001006,0.002472,0.000037,0.001490,-0.035171,-0.107963,-0.261815
0.165837,0,0.004163,0.000000,0.001083,0.001083,0.000582,0.002051,-0.039994,0.108582,-0.261664
0.165837,1,0.004163,0.000000,0.001083,0.003199,-0.001687,0.002439,-0.034126,-0.109687,-0.260647
0.165837,2,0.004163,0.000000,0.001083,0.003126,0.001213,0.002037,-0.033410,0.109213,-0.262495
0.165837,3,0.004163,0.000000,0.001083,0.002593,0.000037,0.001529,-0.035049,-0.107963,-0.261776
0.169546,0,0.004344,0.000000,0.001155,0.001212,0.000590,0.002114,-0.039865,0.108590,-0.261602
0.169546,1,0.004344,0.000000,0.001155,0.003337,-0.001687,0.002485,-0.033988,-0.109687,-0.260601
0.169546,2,0.004344,0.000000,0.001155,0.003250,0.001197,0.002072,-0.033285,0.109197,-0.262460
0.169546,3,0.004344,0.000000,0.001155,0.002709,0.000037,0.001562,-0.034933,-0.107963,-0.261743
0.173002,0,0.004523,0.000000,0.001227,0.001317,0.000590,0.002159,-0.039760,0.108590,-0.261556
0.173002,1,0.004523,0.000000,0.001227,0.003471,-0.001679,0.002525,-0.033853,-0.109679,-0.260561
0.173002,2,0.004523,0.000000,0.001227,0.003375,0.001197,0.002114,-0.033161,0.109197,-0.262418
0.173002,3,0.004523,0.000000,0.001227,0.002847,0.000037,0.001599,-0.034796,-0.107963,-0.261707
0.176395,0,0.004611,0.000000,0.001276,0.001432,0.000605,0.002212,-0.039645,0.108605,-0.261503
0.176395,1,0.004611,0.000000,0.001276,0.003588,-0.001678,0.002577,-0.033737,-0.109678,-0.260509
0.176395,2,0.004611,0.000000,0.001276,0.003497,0.001188,0.002150,-0.033039,0.109188,-0.262382
0.176395,3,0.004611,0.000000,0.001276,0.002973,0.000029,0.001637,-0.034669,-0.107971,-0.261668
0.179609,0,0.004695,0.000000,0.001323,0.001531,0.000605,0.002261,-0.039546,0.108605,-0.261454
0.179609,1,0.004695,0.000000,0.001323,0.003709,-0.001686,0.002628,-0.033615,-0.109686,-0.260458
0.179609,2,0.004695,0.000000,0.001323,0.003613,0.001180,0.002190,-0.032923,0.109180,-0.262342
0.179609,3,0.004695,0.000000,0.001323,0.003084,0.000037,0.001671,-0.034558,-0.107963,-0.261635
0.182839,0,0.004779,0.000000,0.001371,0.001604,0.000605,0.002320,-0.039473,0.108605,-0.261395
0.182839,1,0.004779,0.000000,0.001371,0.003847,-0.001693,0.002687,-0.033478,-0.109693,-0.260399
0.182839,2,0.004779,0.000000,0.001371,0.003732,0.001172,0.002232,-0.032804,0.109172,-0.262299
0.182839,3,0.004779,0.000000,0.001371,0.003219,0.000029,0.001717,-0.034423,-0.107971,-0.261588
0.185868,0,0.004858,0.000000,0.001416,0.001696,0.000613,0.002374,-0.039381,0.108613,-0.261342
0.185868,1,0.004858,0.000000,0.001416,0.003969,-0.001685,0.002741,-0.033356,-0.109685,-0.260345
0.185868,2,0.004858,0.000000,0.001416,0.003864,0.001180,0.002277,-0.032671,0.109180,-0.262255
0.185868,3,0.004858,0.000000,0.001416,0.003322,0.000029,0.001755,-0.034320,-0.107971,-0.261550
0.189151,0,0.004944,0.000000,0.001467,0.001803,0.000629,0.002428,-0.039274,0.108629,-0.261287
0.189151,1,0.004944,0.000000,0.001467,0.004067,-0.001693,0.002796,-0.033258,-0.109693,-0.260290
0.189151,2,0.004944,0.000000,0.001467,0.003970,0.001164,0.002312,-0.032566,0.109164,-0.262220
0.189151,3,0.004944,0.000000,0.001467,0.003438,0.000037,0.001794,-0.034204,-0.107963,-0.261511
0.192719,0,0.005037,0.000000,0.001522,0.001910,0.000636,0.002489,-0.039167,0.108636,-0.261227
0.192719,1,0.005037,0.000000,0.001522,0.004173,-0.001700,0.002859,-0.033152,-0.109700,-0.260227
0.192719,2,0.005037,0.000000,0.001522,0.004091,0.001164,0.002351,-0.032444,0.109164,-0.262180
0.192719,3,0.005037,0.000000,0.001522,0.003549,0.000029,0.001844,-0.034093,-0.107971,-0.261461
0.195798,0,0.005117,0.000000,0.001571,0.002011,0.000644,0.002559,-0.039066,0.108644,-0.261156
0.195798,1,0.005117,0.000000,0.001571,0.004298,-0.001700,0.002928,-0.033027,-0.109700,-0.260158
0.195798,2,0.005117,0.000000,0.001571,0.004202,0.001156,0.002395,-0.032333,0.109156,-0.262137
0.195798,3,0.005117,0.000000,0.001571,0.003657,0.000037,0.001884,-0.033985,-0.107963,-0.261421
0.198677,0,0.005192,0.000000,0.001617,0.002059,0.000636,0.002609,-0.039018,0.108636,-0.261106
0.198677,1,0.005192,0.000000,0.001617,0.004385,-0.001715,0.002994,-0.032940,-0.109715,-0.260092
0.198677,2,0.005192,0.000000,0.001617,0.004313,0.001155,0.002433,-0.032223,0.109155,-0.262099
0.198677,3,0.005192,0.000000,0.001617,0.003771,0.000029,0.001928,-0.033871,-0.107971,-0.261377
0.201814,0,0.005274,0.000000,0.001669,0.002133,0.000668,0.002682,-0.038945,0.108668,-0.261034
0.201814,1,0.005274,0.000000,0.001669,0.004486,-0.001730,0.003064,-0.032839,-0.109730,-0.260022
0.201814,2,0.005274,0.000000,0.001669,0.004410,0.001155,0.002476,-0.032125,0.109155,-0.262056
0.201814,3,0.005274,0.000000,0.001669,0.003874,0.000037,0.001972,-0.033768,-0.107963,-0.261333
0.205038,0,0.005358,0.000000,0.001722,0.002251,0.000675,0.002744,-0.038826,0.108675,-0.260972
0.205038,1,0.005358,0.000000,0.001722,0.004589,-0.001738,0.003134,-0.032736,-0.109738,-0.259952
0.205038,2,0.005358,0.000000,0.001722,0.004516,0.001147,0.002514,-0.032020,0.109147,-0.262017
0.205038,3,0.005358,0.000000,0.001722,0.003974,0.000021,0.002024,-0.033668,-0.107979,-0.261282
0.208043,0,0.005436,0.000000,0.001773,0.002340,0.000683,0.002804,-0.038737,0.108683,-0.260912
0.208043,1,0.005436,0.000000,0.001773,0.004695,-0.001745,0.003197,-0.032630,-0.109745,-0.259889
0.208043,2,0.005436,0.000000,0.001773,0.004627,0.001147,0.002561,-0.031909,0.109147,-0.261970
0.208043,3,0.005436,0.000000,0.001773,0.004083,0.000013,0.002080,-0.033560,-0.107987,-0.261225
0.210350,0,0.005496,0.000000,0.001812,0.002378,0.000691,0.002860,-0.038700,0.108691,-0.260856
0.210350,1,0.005496,0.000000,0.001812,0.004779,-0.001769,0.003254,-0.032546,-0.109769,-0.259832
0.210350,2,0.005496,0.000000,0.001812,0.004697,0.001147,0.002595,-0.031839,0.109147,-0.261936
0.210350,3,0.005496,0.000000,0.001812,0.004164,0.000013,0.002115,-0.033478,-0.107987,-0.261190
0.213216,0,0.005570,0.000000,0.001862,0.002465,0.000691,0.002898,-0.038612,0.108691,-0.260817
0.213216,1,0.005570,0.000000,0.001862,0.004853,-0.001768,0.003309,-0.032472,-0.109768,-0.259777
0.213216,2,0.005570,0.000000,0.001862,0.004781,0.001154,0.002628,-0.031755,0.109154,-0.261903
0.213216,3,0.005570,0.000000,0.001862,0.004242,0.000005,0.002160,-0.033400,-0.107995,-0.261145
0.215899,0,0.005640,0.000000,0.001909,0.002554,0.000706,0.002962,-0.038523,0.108706,-0.260753
0.215899,1,0.005640,0.000000,0.001909,0.004961,-0.001776,0.003375,-0.032364,-0.109776,-0.259711
0.215899,2,0.005640,0.000000,0.001909,0.004868,0.001154,0.002678,-0.031668,0.109154,-0.261853
0.215899,3,0.005640,0.000000,0.001909,0.004332,-0.000003,0.002207,-0.033310,-0.108003,-0.261099
0.218469,0,0.005707,0.000000,0.001954,0.002595,0.000714,0.003020,-0.038482,0.108714,-0.260695
0.218469,1,0.005707,0.000000,0.001954,0.005043,-0.001791,0.003436,-0.032282,-0.109791,-0.259651
0.218469,2,0.005707,0.000000,0.001954,0.004952,0.001146,0.002713,-0.031584,0.109146,-0.261818
0.218469,3,0.005707,0.000000,0.001954,0.004413,-0.000003,0.002251,-0.033229,-0.108003,-0.261054
0.221184,0,0.005778,0.000000,0.002003,0.002691,0.000722,0.003071,-0.038386,0.108722,-0.260645
0.221184,1,0.005778,0.000000,0.002003,0.005130,-0.001783,0.003491,-0.032195,-0.109783,-0.259595
0.221184,2,0.005778,0.000000,0.002003,0.005051,0.001146,0.002750,-0.031484,0.109146,-0.261781
0.221184,3,0.005778,0.000000,0.002003,0.004498,-0.000011,0.002301,-0.033145,-0.108011,-0.261004
0.224360,0,0.005860,0.000000,0.002061,0.002771,0.000722,0.003120,-0.038306,0.108722,-0.260596
0.224360,1,0.005860,0.000000,0.002061,0.005203,-0.001798,0.003544,-0.032122,-0.109798,-0.259542
0.224360,2,0.005860,0.000000,0.002061,0.005127,0.001170,0.002809,-0.031408,0.109170,-0.261723
0.224360,3,0.005860,0.000000,0.002061,0.004606,-0.000011,0.002355,-0.033036,-0.108011,-0.260950
0.226749,0,0.005922,0.000000,0.002104,0.002844,0.000737,0.003186,-0.038233,0.108737,-0.260530
0.226749,1,0.005922,0.000000,0.002104,0.005306,-0.001813,0.003617,-0.032019,-0.109813,-0.259469
0.226749,2,0.005922,0.000000,0.002104,0.005222,0.001154,0.002842,-0.031314,0.109154,-0.261689
0.226749,3,0.005922,0.000000,0.002104,0.004672,-0.000035,0.002411,-0.032971,-0.108035,-0.260894
0.228968,0,0.005980,0.000000,0.002146,0.002913,0.000729,0.003230,-0.038164,0.108729,-0.260485
0.228968,1,0.005980,0.000000,0.002146,0.005379,-0.001821,0.003666,-0.031946,-0.109821,-0.259420
0.228968,2,0.005980,0.000000,0.002146,0.005293,0.001153,0.002885,-0.031243,0.109153,-0.261646
0.228968,3,0.005980,0.000000,0.002146,0.004755,-0.000035,0.002449,-0.032887,-0.108035,-0.260856
0.231549,0,0.006047,0.000000,0.002194,0.003008,0.000745,0.003275,-0.038069,0.108745,-0.260441
0.231549,1,0.006047,0.000000,0.002194,0.005463,-0.001821,0.003723,-0.031861,-0.109821,-0.259363
0.231549,2,0.006047,0.000000,0.002194,0.005368,0.001161,0.002928,-0.031167,0.109161,-0.261603
0.231549,3,0.006047,0.000000,0.002194,0.004834,-0.000050,0.002507,-0.032808,-0.108050,-0.260798
0.234746,0,0.006130,0.000000,0.002255,0.003041,0.000737,0.003328,-0.038036,0.108737,-0.260388
0.234746,1,0.006130,0.000000,0.002255,0.005547,-0.001828,0.003774,-0.031778,-0.109828,-0.259312
0.234746,2,0.006130,0.000000,0.002255,0.005463,0.001161,0.002987,-0.031072,0.109161,-0.261545
0.234746,3,0.006130,0.000000,0.002255,0.004922,-0.000058,0.002569,-0.032721,-0.108058,-0.260736
0.237740,0,0.006208,0.000000,0.002312,0.003156,0.000745,0.003388,-0.037921,0.108745,-0.260328
0.237740,1,0.006208,0.000000,0.002312,0.005636,-0.001820,0.003824,-0.031688,-0.109820,-0.259262
0.237740,2,0.006208,0.000000,0.002312,0.005563,0.001161,0.003033,-0.030972,0.109161,-0.261499
0.237740,3,0.006208,0.000000,0.002312,0.005043,-0.000058,0.002627,-0.032599,-0.108058,-0.260678
0.240477,0,0.006279,0.000000,0.002366,0.003284,0.000760,0.003446,-0.037793,0.108760,-0.260270
0.240477,1,0.006279,0.000000,0.002366,0.005723,-0.001835,0.003881,-0.031602,-0.109835,-0.259205
0.240477,2,0.006279,0.000000,0.002366,0.005661,0.001176,0.003092,-0.030875,0.109176,-0.261440
0.240477,3,0.006279,0.000000,0.002366,0.005117,-0.000066,0.002685,-0.032525,-0.108066,-0.260620
0.243501,0,0.006358,0.000000,0.002425,0.003335,0.000760,0.003502,-0.037742,0.108760,-0.260213
0.243501,1,0.006358,0.000000,0.002425,0.005812,-0.001835,0.003925,-0.031513,-0.109835,-0.259161
0.243501,2,0.006358,0.000000,0.002425,0.005755,0.001176,0.003141,-0.030781,0.109176,-0.261390
0.243501,3,0.006358,0.000000,0.002425,0.005214,-0.000074,0.002740,-0.032428,-0.108074,-0.260565
0.246467,0,0.006435,0.000000,0.002484,0.003411,0.000752,0.003561,-0.037666,0.108752,-0.260154
0.246467,1,0.006435,0.000000,0.002484,0.005909,-0.001827,0.003974,-0.031416,-0.109827,-0.259112
0.246467,2,0.006435,0.000000,0.002484,0.005853,0.001176,0.003203,-0.030683,0.109176,-0.261329
0.246467,3,0.006435,0.000000,0.002484,0.005315,-0.000074,0.002804,-0.032327,-0.108074,-0.260501
0.249022,0,0.006501,0.000000,0.002536,0.003549,0.000768,0.003612,-0.037528,0.108768,-0.260104
0.249022,1,0.006501,0.000000,0.002536,0.005984,-0.001834,0.004026,-0.031340,-0.109834,-0.259060
0.249022,2,0.006501,0.000000,0.002536,0.005942,0.001183,0.003260,-0.030594,0.109183,-0.261272
0.249022,3,0.006501,0.000000,0.002536,0.005402,-0.000082,0.002857,-0.032241,-0.108082,-0.260448
0.251922,0,0.006576,0.000000,0.002595,0.003660,0.000776,0.003660,-0.037417,0.108776,-0.260055
0.251922,1,0.006576,0.000000,0.002595,0.006081,-0.001826,0.004066,-0.031244,-0.109826,-0.259020
0.251922,2,0.006576,0.000000,0.002595,0.006037,0.001183,0.003309,-0.030499,0.109183,-0.261222
0.251922,3,0.006576,0.000000,0.002595,0.005494,-0.000090,0.002916,-0.032148,-0.108090,-0.260389
0.254245,0,0.006636,0.000000,0.002643,0.003690,0.000744,0.003701,-0.037387,0.108744,-0.260015
0.254245,1,0.006636,0.000000,0.002643,0.006162,-0.001826,0.004102,-0.031163,-0.109826,-0.258984
0.254245,2,0.006636,0.000000,0.002643,0.006123,0.001183,0.003360,-0.030413,0.109183,-0.261172
0.254245,3,0.006636,0.000000,0.002643,0.005567,-0.000106,0.002968,-0.032075,-0.108106,-0.260337
0.256508,0,0.006695,0.000000,0.002690,0.003838,0.000752,0.003741,-0.037239,0.108752,-0.259975
0.256508,1,0.006695,0.000000,0.002690,0.006218,-0.001818,0.004138,-0.031106,-0.109818,-0.258948
0.256508,2,0.006695,0.000000,0.002690,0.006194,0.001183,0.003404,-0.030342,0.109183,-0.261128
0.256508,3,0.006695,0.000000,0.002690,0.005640,-0.000098,0.003011,-0.032002,-0.108098,-0.260294
0.258696,0,0.006752,0.000000,0.002735,0.003862,0.000759,0.003793,-0.037215,0.108759,-0.259923
0.258696,1,0.006752,0.000000,0.002735,0.006304,-0.001817,0.004170,-0.031021,-0.109817,-0.258916
0.258696,2,0.006752,0.000000,0.002735,0.006277,0.001191,0.003446,-0.030259,0.109191,-0.261086
0.258696,3,0.006752,0.000000,0.002735,0.005721,-0.000106,0.003059,-0.031921,-0.108106,-0.260246
0.260894,0,0.006809,0.000000,0.002782,0.003978,0.000744,0.003818,-0.037099,0.108744,-0.259897
0.260894,1,0.006809,0.000000,0.002782,0.006347,-0.001817,0.004205,-0.030977,-0.109817,-0.258882
0.260894,2,0.006809,0.000000,0.002782,0.006358,0.001182,0.003488,-0.030178,0.109182,-0.261044
0.260894,3,0.006809,0.000000,0.002782,0.005789,-0.000113,0.003103,-0.031853,-0.108113,-0.260202
0.263331,0,0.006872,0.000000,0.002834,0.004044,0.000751,0.003867,-0.037033,0.108751,-0.259848
0.263331,1,0.006872,0.000000,0.002834,0.006425,-0.001817,0.004238,-0.030900,-0.109817,-0.258848
0.263331,2,0.006872,0.000000,0.002834,0.006439,0.001198,0.003540,-0.030097,0.109198,-0.260992
0.263331,3,0.006872,0.000000,0.002834,0.005868,-0.000113,0.003154,-0.031775,-0.108113,-0.260151
0.265665,0,0.006933,0.000000,0.002884,0.004108,0.000728,0.003900,-0.036969,0.108728,-0.259815
0.265665,1,0.006933,0.000000,0.002884,0.006511,-0.001809,0.004276,-0.030814,-0.109809,-0.258810
0.265665,2,0.006933,0.000000,0.002884,0.006517,0.001198,0.003583,-0.030019,0.109198,-0.260949
0.265665,3,0.006933,0.000000,0.002884,0.005944,-0.000113,0.003203,-0.031699,-0.108113,-0.260102
0.268395,0,0.007003,0.000000,0.002943,0.004271,0.000743,0.003942,-0.036806,0.108743,-0.259774
0.268395,1,0.007003,0.000000,0.002943,0.006591,-0.001801,0.004309,-0.030733,-0.109801,-0.258777
0.268395,2,0.007003,0.000000,0.002943,0.006617,0.001198,0.003638,-0.029919,0.109198,-0.260894
0.268395,3,0.007003,0.000000,0.002943,0.006036,-0.000129,0.003265,-0.031607,-0.108129,-0.260040
0.270831,0,0.007067,0.000000,0.002996,0.004301,0.000735,0.003992,-0.036776,0.108735,-0.259724
0.270831,1,0.007067,0.000000,0.002996,0.006661,-0.001808,0.004356,-0.030663,-0.109808,-0.258730
0.270831,2,0.007067,0.000000,0.002996,0.006701,0.001197,0.003686,-0.029835,0.109197,-0.260845
0.270831,3,0.007067,0.000000,0.002996,0.006106,-0.000121,0.003305,-0.031536,-0.108121,-0.260000
0.274012,0,0.007149,0.000000,0.003067,0.004425,0.000719,0.004026,-0.036652,0.108719,-0.259690
0.274012,1,0.007149,0.000000,0.003067,0.006744,-0.001808,0.004395,-0.030580,-0.109808,-0.258691
0.274012,2,0.007149,0.000000,0.003067,0.006790,0.001197,0.003740,-0.029746,0.109197,-0.260792
0.274012,3,0.007149,0.000000,0.003067,0.006208,-0.000121,0.003363,-0.031434,-0.108121,-0.259942
0.277071,0,0.007228,0.000000,0.003135,0.004595,0.000711,0.004072,-0.036482,0.108711,-0.259643
0.277071,1,0.007228,0.000000,0.003135,0.006833,-0.001792,0.004442,-0.030491,-0.109792,-0.258644
0.277071,2,0.007228,0.000000,0.003135,0.006903,0.001205,0.003812,-0.029633,0.109205,-0.260719
0.277071,3,0.007228,0.000000,0.003135,0.006316,-0.000121,0.003426,-0.031326,-0.108121,-0.259879
0.280115,0,0.007307,0.000000,0.003204,0.004675,0.000719,0.004134,-0.036402,0.108719,-0.259581
0.280115,1,0.007307,0.000000,0.003204,0.006922,-0.001792,0.004487,-0.030403,-0.109792,-0.258600
0.280115,2,0.007307,0.000000,0.003204,0.007000,0.001220,0.003881,-0.029536,0.109220,-0.260651
0.280115,3,0.007307,0.000000,0.003204,0.006411,-0.000121,0.003485,-0.031231,-0.108121,-0.259820
0.283290,0,0.007389,0.000000,0.003276,0.004708,0.000695,0.004190,-0.036369,0.108695,-0.259525
0.283290,1,0.007389,0.000000,0.003276,0.007000,-0.001776,0.004532,-0.030325,-0.109776,-0.258554
0.283290,2,0.007389,0.000000,0.003276,0.007116,0.001212,0.003941,-0.029420,0.109212,-0.260591
0.283290,3,0.007389,0.000000,0.003276,0.006516,-0.000129,0.003558,-0.031126,-0.108129,-0.259747
0.286573,0,0.007474,0.000000,0.003352,0.004859,0.000687,0.004236,-0.036218,0.108687,-0.259480
0.286573,1,0.007474,0.000000,0.003352,0.007094,-0.001775,0.004591,-0.030231,-0.109775,-0.258495
0.286573,2,0.007474,0.000000,0.003352,0.007208,0.001220,0.004010,-0.029328,0.109220,-0.260522
0.286573,3,0.007474,0.000000,0.003352,0.006617,-0.000129,0.003622,-0.031026,-0.108129,-0.259683
0.289682,0,0.007555,0.000000,0.003425,0.005070,0.000695,0.004286,-0.036007,0.108695,-0.259429
0.289682,1,0.007555,0.000000,0.003425,0.007209,-0.001775,0.004636,-0.030116,-0.109775,-0.258451
0.289682,2,0.007555,0.000000,0.003425,0.007313,0.001203,0.004064,-0.029223,0.109203,-0.260467
0.289682,3,0.007555,0.000000,0.003425,0.006727,-0.000129,0.003688,-0.030915,-0.108129,-0.259617
0.292869,0,0.007637,0.000000,0.003500,0.005166,0.000679,0.004337,-0.035911,0.108679,-0.259379
0.292869,1,0.007637,0.000000,0.003500,0.007295,-0.001767,0.004692,-0.030030,-0.109767,-0.258394
0.292869,2,0.007637,0.000000,0.003500,0.007397,0.001219,0.004138,-0.029139,0.109219,-0.260394
0.292869,3,0.007637,0.000000,0.003500,0.006859,-0.000137,0.003761,-0.030783,-0.108137,-0.259544
0.295867,0,0.007715,0.000000,0.003571,0.005180,0.000671,0.004399,-0.035897,0.108671,-0.259317
0.295867,1,0.007715,0.000000,0.003571,0.007370,-0.001759,0.004738,-0.029954,-0.109759,-0.258348
0.295867,2,0.007715,0.000000,0.003571,0.007480,0.001227,0.004198,-0.029055,0.109227,-0.260333
0.295867,3,0.007715,0.000000,0.003571,0.006948,-0.000137,0.003824,-0.030694,-0.108137,-0.259481
0.298561,0,0.007785,0.000000,0.003636,0.005341,0.000655,0.004434,-0.035736,0.108655,-0.259282
0.298561,1,0.007785,0.000000,0.003636,0.007448,-0.001743,0.004784,-0.029876,-0.109743,-0.258302
0.298561,2,0.007785,0.000000,0.003636,0.007577,0.001218,0.004257,-0.028958,0.109218,-0.260274
0.298561,3,0.007785,0.000000,0.003636,0.007056,-0.000144,0.003900,-0.030586,-0.108144,-0.259405
0.301632,0,0.007864,0.000000,0.003710,0.005542,0.000655,0.004480,-0.035535,0.108655,-0.259236
0.301632,1,0.007864,0.000000,0.003710,0.007534,-0.001742,0.004835,-0.029791,-0.109742,-0.258251
0.301632,2,0.007864,0.000000,0.003710,0.007658,0.001226,0.004316,-0.028878,0.109226,-0.260216
0.301632,3,0.007864,0.000000,0.003710,0.007148,-0.000137,0.003953,-0.030495,-0.108137,-0.259352
0.305255,0,0.007958,0.000000,0.003799,0.005542,0.000647,0.004537,-0.035535,0.108647,-0.259178
0.305255,1,0.007958,0.000000,0.003799,0.007631,-0.001726,0.004890,-0.029694,-0.109726,-0.258196
0.305255,2,0.007958,0.000000,0.003799,0.007761,0.001234,0.004396,-0.028775,0.109234,-0.260136
0.305255,3,0.007958,0.000000,0.003799,0.007288,-0.000144,0.004043,-0.030355,-0.108144,-0.259262
0.308056,0,0.008030,0.000000,0.003869,0.005639,0.000631,0.004606,-0.035438,0.108631,-0.259109
0.308056,1,0.008030,0.000000,0.003869,0.007728,-0.001718,0.004949,-0.029597,-0.109718,-0.258137
0.308056,2,0.008030,0.000000,0.003869,0.007831,0.001233,0.004458,-0.028705,0.109233,-0.260074
0.308056,3,0.008030,0.000000,0.003869,0.007385,-0.000152,0.004109,-0.030258,-0.108152,-0.259197
0.310852,0,0.008102,0.000000,0.003939,0.005837,0.000639,0.004653,-0.035241,0.108639,-0.259063
0.310852,1,0.008102,0.000000,0.003939,0.007819,-0.001718,0.005006,-0.029506,-0.109718,-0.258080
0.310852,2,0.008102,0.000000,0.003939,0.007925,0.001233,0.004518,-0.028611,0.109233,-0.260014
0.310852,3,0.008102,0.000000,0.003939,0.007479,-0.000144,0.004174,-0.030163,-0.108144,-0.259132
0.314313,0,0.008192,0.000000,0.004026,0.005985,0.000631,0.004706,-0.035092,0.108631,-0.259010
0.314313,1,0.008192,0.000000,0.004026,0.007918,-0.001717,0.005071,-0.029407,-0.109717,-0.258015
0.314313,2,0.008192,0.000000,0.004026,0.008012,0.001241,0.004591,-0.028524,0.109241,-0.259941
0.314313,3,0.008192,0.000000,0.004026,0.007592,-0.000160,0.004259,-0.030050,-0.108160,-0.259047
0.317341,0,0.008270,0.000000,0.004103,0.006031,0.000631,0.004776,-0.035046,0.108631,-0.258940
0.317341,1,0.008270,0.000000,0.004103,0.008002,-0.001701,0.005122,-0.029323,-0.109701,-0.257964
0.317341,2,0.008270,0.000000,0.004103,0.008101,0.001232,0.004660,-0.028435,0.109232,-0.259872
0.317341,3,0.008270,0.000000,0.004103,0.007687,-0.000152,0.004324,-0.029955,-0.108152,-0.258982
0.320077,0,0.008340,0.000000,0.004174,0.006116,0.000631,0.004841,-0.034961,0.108631,-0.258875
0.320077,1,0.008340,0.000000,0.004174,0.008093,-0.001701,0.005188,-0.029232,-0.109701,-0.257898
0.320077,2,0.008340,0.000000,0.004174,0.008192,0.001240,0.004720,-0.028344,0.109240,-0.259811
0.320077,3,0.008340,0.000000,0.004174,0.007787,-0.000160,0.004401,-0.029856,-0.108160,-0.258904
0.322949,0,0.008415,0.000000,0.004248,0.006323,0.000631,0.004877,-0.034754,0.108631,-0.258839
0.322949,1,0.008415,0.000000,0.004248,0.008168,-0.001700,0.005247,-0.029156,-0.109700,-0.257839
0.322949,2,0.008415,0.000000,0.004248,0.008252,0.001240,0.004781,-0.028284,0.109240,-0.259751
0.322949,3,0.008415,0.000000,0.004248,0.007886,-0.000160,0.004466,-0.029756,-0.108160,-0.258839
0.326422,0,0.008504,0.000000,0.004339,0.006359,0.000630,0.004955,-0.034718,0.108630,-0.258761
0.326422,1,0.008504,0.000000,0.004339,0.008281,-0.001692,0.005322,-0.029044,-0.109692,-0.257764
0.326422,2,0.008504,0.000000,0.004339,0.008362,0.001247,0.004860,-0.028174,0.109247,-0.259671
0.326422,3,0.008504,0.000000,0.004339,0.008008,-0.000168,0.004565,-0.029635,-0.108168,-0.258740
0.329460,0,0.008583,0.000000,0.004420,0.006448,0.000630,0.005032,-0.034630,0.108630,-0.258684
0.329460,1,0.008583,0.000000,0.004420,0.008372,-0.001684,0.005385,-0.028952,-0.109684,-0.257701
0.329460,2,0.008583,0.000000,0.004420,0.008445,0.001255,0.004931,-0.028091,0.109255,-0.259601
0.329460,3,0.008583,0.000000,0.004420,0.008099,-0.000175,0.004643,-0.029543,-0.108175,-0.258662
0.332398,0,0.008658,0.000000,0.004498,0.006624,0.000630,0.005081,-0.034453,0.108630,-0.258634
0.332398,1,0.008658,0.000000,0.004498,0.008453,-0.001683,0.005449,-0.028872,-0.109683,-0.257637
0.332398,2,0.008658,0.000000,0.004498,0.008521,0.001254,0.004999,-0.028015,0.109254,-0.259533
0.332398,3,0.008658,0.000000,0.004498,0.008202,-0.000175,0.004720,-0.029440,-0.108175,-0.258585
0.335218,0,0.008731,0.000000,0.004574,0.006759,0.000638,0.005146,-0.034318,0.108638,-0.258569
0.335218,1,0.008731,0.000000,0.004574,0.008536,-0.001683,0.005516,-0.028788,-0.109683,-0.257570
0.335218,2,0.008731,0.000000,0.004574,0.008596,0.001246,0.005054,-0.027940,0.109246,-0.259477
0.335218,3,0.008731,0.000000,0.004574,0.008306,-0.000183,0.004794,-0.029336,-0.108183,-0.258511
0.338529,0,0.008816,0.000000,0.004664,0.006782,0.000630,0.005225,-0.034296,0.108630,-0.258490
0.338529,1,0.008816,0.000000,0.004664,0.008636,-0.001682,0.005591,-0.028689,-0.109682,-0.257495
0.338529,2,0.008816,0.000000,0.004664,0.008693,0.001269,0.005136,-0.027843,0.109269,-0.259396
0.338529,3,0.008816,0.000000,0.004664,0.008404,-0.000191,0.004878,-0.029239,-0.108191,-0.258427
0.341855,0,0.008902,0.000000,0.004755,0.006938,0.000622,0.005296,-0.034139,0.108622,-0.258419
0.341855,1,0.008902,0.000000,0.004755,0.008735,-0.001682,0.005674,-0.028589,-0.109682,-0.257412
0.341855,2,0.008902,0.000000,0.004755,0.008792,0.001269,0.005220,-0.027743,0.109269,-0.259312
0.341855,3,0.008902,0.000000,0.004755,0.008509,-0.000207,0.004973,-0.029133,-0.108207,-0.258332
0.345112,0,0.008986,0.000000,0.004845,0.007121,0.000629,0.005373,-0.033956,0.108629,-0.258342
0.345112,1,0.008986,0.000000,0.004845,0.008853,-0.001673,0.005756,-0.028472,-0.109673,-0.257330
0.345112,2,0.008986,0.000000,0.004845,0.008884,0.001261,0.005301,-0.027652,0.109261,-0.259230
0.345112,3,0.008986,0.000000,0.004845,0.008616,-0.000206,0.005056,-0.029026,-0.108206,-0.258249
0.348412,0,0.009071,0.000000,0.004937,0.007237,0.000629,0.005444,-0.033840,0.108629,-0.258272
0.348412,1,0.009071,0.000000,0.004937,0.008942,-0.001673,0.005829,-0.028383,-0.109673,-0.257257
0.348412,2,0.009071,0.000000,0.004937,0.008991,0.001276,0.005391,-0.027544,0.109276,-0.259141
0.348412,3,0.009071,0.000000,0.004937,0.008714,-0.000214,0.005149,-0.028928,-0.108214,-0.258156
0.352158,0,0.009167,0.000000,0.005042,0.007321,0.000629,0.005543,-0.033756,0.108629,-0.258173
0.352158,1,0.009167,0.000000,0.005042,0.009034,-0.001665,0.005919,-0.028291,-0.109665,-0.257167
0.352158,2,0.009167,0.000000,0.005042,0.009101,0.001276,0.005477,-0.027434,0.109276,-0.259055
0.352158,3,0.009167,0.000000,0.005042,0.008837,-0.000222,0.005251,-0.028805,-0.108222,-0.258054
0.355315,0,0.009249,0.000000,0.005132,0.007447,0.000629,0.005640,-0.033630,0.108629,-0.258076
0.355315,1,0.009249,0.000000,0.005132,0.009133,-0.001664,0.006003,-0.028192,-0.109664,-0.257083
0.355315,2,0.009249,0.000000,0.005132,0.009193,0.001275,0.005561,-0.027343,0.109275,-0.258970
0.355315,3,0.009249,0.000000,0.005132,0.008921,-0.000238,0.005334,-0.028721,-0.108238,-0.257971
0.358109,0,0.009320,0.000000,0.005212,0.007592,0.000629,0.005712,-0.033485,0.108629,-0.258003
0.358109,1,0.009320,0.000000,0.005212,0.009224,-0.001664,0.006079,-0.028100,-0.109664,-0.257008
0.358109,2,0.009320,0.000000,0.005212,0.009284,0.001283,0.005650,-0.027251,0.109283,-0.258882
0.358109,3,0.009320,0.000000,0.005212,0.009010,-0.000245,0.005419,-0.028632,-0.108245,-0.257886
0.360788,0,0.009389,0.000000,0.005290,0.007746,0.000628,0.005784,-0.033332,0.108628,-0.257931
0.360788,1,0.009389,0.000000,0.005290,0.009310,-0.001663,0.006149,-0.028015,-0.109663,-0.256937
0.360788,2,0.009389,0.000000,0.005290,0.009370,0.001282,0.005720,-0.027165,0.109282,-0.258812
0.360788,3,0.009389,0.000000,0.005290,0.009091,-0.000245,0.005493,-0.028551,-0.108245,-0.257812
0.363987,0,0.009472,0.000000,0.005383,0.007789,0.000636,0.005865,-0.033288,0.108636,-0.257851
0.363987,1,0.009472,0.000000,0.005383,0.009398,-0.001663,0.006213,-0.027927,-0.109663,-0.256874
0.363987,2,0.009472,0.000000,0.005383,0.009467,0.001298,0.005808,-0.027069,0.109298,-0.258724
0.363987,3,0.009472,0.000000,0.005383,0.009178,-0.000261,0.005588,-0.028465,-0.108261,-0.257718
0.367497,0,0.009562,0.000000,0.005486,0.007917,0.000644,0.005959,-0.033161,0.108644,-0.257757
0.367497,1,0.009562,0.000000,0.005486,0.009490,-0.001654,0.006294,-0.027835,-0.109654,-0.256792
0.367497,2,0.009562,0.000000,0.005486,0.009569,0.001289,0.005891,-0.026967,0.109289,-0.258640
0.367497,3,0.009562,0.000000,0.005486,0.009290,-0.000268,0.005679,-0.028352,-0.108268,-0.257626
0.370635,0,0.009642,0.000000,0.005579,0.008073,0.000643,0.006052,-0.033004,0.108643,-0.257664
0.370635,1,0.009642,0.000000,0.005579,0.009607,-0.001654,0.006388,-0.027717,-0.109654,-0.256698
0.370635,2,0.009642,0.000000,0.005579,0.009689,0.001289,0.005998,-0.026846,0.109289,-0.258534
0.370635,3,0.009642,0.000000,0.005579,0.009368,-0.000268,0.005759,-0.028274,-0.108268,-0.257546
0.373981,0,0.009728,0.000000,0.005678,0.008227,0.000651,0.006136,-0.032851,0.108651,-0.257579
0.373981,1,0.009728,0.000000,0.005678,0.009712,-0.001638,0.006462,-0.027613,-0.109638,-0.256624
0.373981,2,0.009728,0.000000,0.005678,0.009786,0.001296,0.006092,-0.026750,0.109296,-0.258440
0.373981,3,0.009728,0.000000,0.005678,0.009455,-0.000299,0.005861,-0.028187,-0.108299,-0.257444
0.377178,0,0.009810,0.000000,0.005775,0.008316,0.000651,0.006241,-0.032762,0.108651,-0.257474
0.377178,1,0.009810,0.000000,0.005775,0.009826,-0.001645,0.006557,-0.027498,-0.109645,-0.256529
0.377178,2,0.009810,0.000000,0.005775,0.009904,0.001296,0.006196,-0.026632,0.109296,-0.258336
0.377178,3,0.009810,0.000000,0.005775,0.009557,-0.000299,0.005948,-0.028085,-0.108299,-0.257358
0.379971,0,0.009882,0.000000,0.005859,0.008396,0.000658,0.006332,-0.032681,0.108658,-0.257383
0.379971,1,0.009882,0.000000,0.005859,0.009915,-0.001637,0.006636,-0.027410,-0.109637,-0.256450
0.379971,2,0.009882,0.000000,0.005859,0.009993,0.001303,0.006290,-0.026543,0.109303,-0.258241
0.379971,3,0.009882,0.000000,0.005859,0.009635,-0.000307,0.006031,-0.028007,-0.108307,-0.257274
0.382742,0,0.009953,0.000000,0.005944,0.008541,0.000658,0.006406,-0.032536,0.108658,-0.257310
0.382742,1,0.009953,0.000000,0.005944,0.010001,-0.001636,0.006716,-0.027324,-0.109636,-0.256370
0.382742,2,0.009953,0.000000,0.005944,0.010092,0.001303,0.006375,-0.026444,0.109303,-0.258157
0.382742,3,0.009953,0.000000,0.005944,0.009708,-0.000323,0.006112,-0.027934,-0.108323,-0.257193
0.385497,0,0.010024,0.000000,0.006029,0.008613,0.000658,0.006486,-0.032465,0.108658,-0.257230
0.385497,1,0.010024,0.000000,0.006029,0.010104,-0.001636,0.006788,-0.027220,-0.109636,-0.256299
0.385497,2,0.010024,0.000000,0.006029,0.010170,0.001302,0.006464,-0.026366,0.109302,-0.258067
0.385497,3,0.010024,0.000000,0.006029,0.009773,-0.000330,0.006191,-0.027869,-0.108330,-0.257114
0.388326,0,0.010096,0.000000,0.006116,0.008689,0.000658,0.006562,-0.032388,0.108658,-0.257154
0.388326,1,0.010096,0.000000,0.006116,0.010193,-0.001635,0.006870,-0.027132,-0.109635,-0.256216
0.388326,2,0.010096,0.000000,0.006116,0.010266,0.001317,0.006553,-0.026270,0.109317,-0.257979
0.388326,3,0.010096,0.000000,0.006116,0.009867,-0.000338,0.006273,-0.027776,-0.108338,-0.257032
0.390998,0,0.010165,0.000000,0.006200,0.008842,0.000665,0.006638,-0.032235,0.108665,-0.257078
0.390998,1,0.010165,0.000000,0.006200,0.010273,-0.001635,0.006944,-0.027052,-0.109635,-0.256142
0.390998,2,0.010165,0.000000,0.006200,0.010351,0.001317,0.006633,-0.026184,0.109317,-0.257899
0.390998,3,0.010165,0.000000,0.006200,0.009931,-0.000353,0.006355,-0.027711,-0.108353,-0.256950
0.394198,0,0.010247,0.000000,0.006300,0.008895,0.000673,0.006720,-0.032182,0.108673,-0.256996
0.394198,1,0.010247,0.000000,0.006300,0.010377,-0.001626,0.007031,-0.026948,-0.109626,-0.256055
0.394198,2,0.010247,0.000000,0.006300,0.010442,0.001316,0.006727,-0.026093,0.109316,-0.257804
0.394198,3,0.010247,0.000000,0.006300,0.010020,-0.000353,0.006447,-0.027622,-0.108353,-0.256859
0.396967,0,0.010318,0.000000,0.006388,0.008991,0.000673,0.006815,-0.032086,0.108673,-0.256900
0.396967,1,0.010318,0.000000,0.006388,0.010505,-0.001618,0.007124,-0.026820,-0.109618,-0.255962
0.396967,2,0.010318,0.000000,0.006388,0.010539,0.001316,0.006818,-0.025997,0.109316,-0.257713
0.396967,3,0.010318,0.000000,0.006388,0.010114,-0.000369,0.006532,-0.027528,-0.108369,-0.256773
0.399776,0,0.010390,0.000000,0.006477,0.009120,0.000672,0.006882,-0.031957,0.108672,-0.256834
0.399776,1,0.010390,0.000000,0.006477,0.010593,-0.001617,0.007207,-0.026732,-0.109617,-0.255879
0.399776,2,0.010390,0.000000,0.006477,0.010611,0.001331,0.006909,-0.025924,0.109331,-0.257622
0.399776,3,0.010390,0.000000,0.006477,0.010184,-0.000392,0.006632,-0.027458,-0.108392,-0.256673
0.402635,0,0.010463,0.000000,0.006569,0.009202,0.000680,0.006976,-0.031875,0.108680,-0.256740
0.402635,1,0.010463,0.000000,0.006569,0.010704,-0.001609,0.007293,-0.026620,-0.109609,-0.255793
0.402635,2,0.010463,0.000000,0.006569,0.010692,0.001331,0.006993,-0.025844,0.109331,-0.257539
0.402635,3,0.010463,0.000000,0.006569,0.010270,-0.000400,0.006715,-0.027372,-0.108400,-0.256590
0.405454,0,0.010535,0.000000,0.006659,0.009279,0.000688,0.007056,-0.031798,0.108688,-0.256660
0.405454,1,0.010535,0.000000,0.006659,0.010798,-0.001601,0.007378,-0.026527,-0.109601,-0.255708
0.405454,2,0.010535,0.000000,0.006659,0.010798,0.001338,0.007080,-0.025738,0.109338,-0.257452
0.405454,3,0.010535,0.000000,0.006659,0.010348,-0.000392,0.006801,-0.027294,-0.108392,-0.256504
0.408365,0,0.010610,0.000000,0.006754,0.009411,0.000680,0.007131,-0.031666,0.108680,-0.256585
0.408365,1,0.010610,0.000000,0.006754,0.010910,-0.001592,0.007473,-0.026415,-0.109592,-0.255613
0.408365,2,0.010610,0.000000,0.006754,0.010873,0.001330,0.007164,-0.025663,0.109330,-0.257368
0.408365,3,0.010610,0.000000,0.006754,0.010447,-0.000407,0.006901,-0.027195,-0.108407,-0.256404
0.411353,0,0.010686,0.000000,0.006852,0.009480,0.000679,0.007217,-0.031597,0.108679,-0.256498
0.411353,1,0.010686,0.000000,0.006852,0.011008,-0.001592,0.007567,-0.026316,-0.109592,-0.255519
0.411353,2,0.010686,0.000000,0.006852,0.010966,0.001337,0.007256,-0.025569,0.109337,-0.257276
0.411353,3,0.010686,0.000000,0.006852,0.010534,-0.000415,0.007003,-0.027109,-0.108415,-0.256302
0.414222,0,0.010759,0.000000,0.006946,0.009572,0.000679,0.007301,-0.031505,0.108679,-0.256415
0.414222,1,0.010759,0.000000,0.006946,0.011125,-0.001591,0.007663,-0.026200,-0.109591,-0.255424
0.414222,2,0.010759,0.000000,0.006946,0.011052,0.001337,0.007345,-0.025484,0.109337,-0.257187
0.414222,3,0.010759,0.000000,0.006946,0.010617,-0.000422,0.007092,-0.027026,-0.108422,-0.256213
0.416988,0,0.010830,0.000000,0.007038,0.009691,0.000687,0.007388,-0.031386,0.108687,-0.256328
0.416988,1,0.010830,0.000000,0.007038,0.011221,-0.001575,0.007747,-0.026104,-0.109575,-0.255339
0.416988,2,0.010830,0.000000,0.007038,0.011119,0.001328,0.007421,-0.025417,0.109328,-0.257111
0.416988,3,0.010830,0.000000,0.007038,0.010692,-0.000438,0.007186,-0.026950,-0.108438,-0.256119
0.419730,0,0.010900,0.000000,0.007129,0.009760,0.000686,0.007465,-0.031318,0.108686,-0.256250
0.419730,1,0.010900,0.000000,0.007129,0.011314,-0.001582,0.007839,-0.026011,-0.109582,-0.255247
0.419730,2,0.010900,0.000000,0.007129,0.011207,0.001336,0.007507,-0.025329,0.109336,-0.257025
0.419730,3,0.010900,0.000000,0.007129,0.010778,-0.000445,0.007278,-0.026864,-0.108445,-0.256027
0.422533,0,0.010972,0.000000,0.007223,0.009847,0.000686,0.007544,-0.031231,0.108686,-0.256172
0.422533,1,0.010972,0.000000,0.007223,0.011412,-0.001566,0.007917,-0.025912,-0.109566,-0.255169
0.422533,2,0.010972,0.000000,0.007223,0.011276,0.001335,0.007589,-0.025260,0.109335,-0.256943
0.422533,3,0.010972,0.000000,0.007223,0.010858,-0.000453,0.007365,-0.026784,-0.108453,-0.255940
0.425299,0,0.011042,0.000000,0.007316,0.009954,0.000678,0.007622,-0.031123,0.108678,-0.256093
0.425299,1,0.011042,0.000000,0.007316,0.011498,-0.001574,0.008010,-0.025827,-0.109574,-0.255076
0.425299,2,0.011042,0.000000,0.007316,0.011356,0.001327,0.007669,-0.025180,0.109327,-0.256862
0.425299,3,0.011042,0.000000,0.007316,0.010944,-0.000476,0.007473,-0.026698,-0.108476,-0.255832
0.428103,0,0.011114,0.000000,0.007411,0.010018,0.000686,0.007716,-0.031059,0.108686,-0.256000
0.428103,1,0.011114,0.000000,0.007411,0.011604,-0.001565,0.008100,-0.025721,-0.109565,-0.254986
0.428103,2,0.011114,0.000000,0.007411,0.011449,0.001335,0.007761,-0.025087,0.109335,-0.256770
0.428103,3,0.011114,0.000000,0.007411,0.011025,-0.000483,0.007569,-0.026618,-0.108483,-0.255736
0.431525,0,0.011201,0.000000,0.007528,0.010121,0.000686,0.007802,-0.030956,0.108686,-0.255914
0.431525,1,0.011201,0.000000,0.007528,0.011702,-0.001565,0.008195,-0.025623,-0.109565,-0.254891
0.431525,2,0.011201,0.000000,0.007528,0.011521,0.001334,0.007855,-0.025014,0.109334,-0.256677
0.431525,3,0.011201,0.000000,0.007528,0.011118,-0.000483,0.007676,-0.026524,-0.108483,-0.255630
0.434455,0,0.011276,0.000000,0.007629,0.010230,0.000693,0.007905,-0.030847,0.108693,-0.255810
0.434455,1,0.011276,0.000000,0.007629,0.011798,-0.001564,0.008295,-0.025527,-0.109564,-0.254791
0.434455,2,0.011276,0.000000,0.007629,0.011620,0.001333,0.007959,-0.024916,0.109333,-0.256573
0.434455,3,0.011276,0.000000,0.007629,0.011220,-0.000491,0.007785,-0.026422,-0.108491,-0.255520
0.437718,0,0.011359,0.000000,0.007742,0.010317,0.000685,0.007990,-0.030760,0.108685,-0.255726
0.437718,1,0.011359,0.000000,0.007742,0.011886,-0.001556,0.008385,-0.025439,-0.109556,-0.254702
0.437718,2,0.011359,0.000000,0.007742,0.011713,0.001325,0.008053,-0.024823,0.109325,-0.256478
0.437718,3,0.011359,0.000000,0.007742,0.011327,-0.000514,0.007906,-0.026315,-0.108514,-0.255399
0.441016,0,0.011443,0.000000,0.007857,0.010431,0.000677,0.008092,-0.030646,0.108677,-0.255623
0.441016,1,0.011443,0.000000,0.007857,0.011989,-0.001555,0.008494,-0.025335,-0.109555,-0.254592
0.441016,2,0.011443,0.000000,0.007857,0.011814,0.001332,0.008172,-0.024722,0.109332,-0.256359
0.441016,3,0.011443,0.000000,0.007857,0.011416,-0.000521,0.008029,-0.026226,-0.108521,-0.255276
0.443871,0,0.011516,0.000000,0.007957,0.010544,0.000692,0.008205,-0.030533,0.108692,-0.255511
0.443871,1,0.011516,0.000000,0.007957,0.012085,-0.001562,0.008589,-0.025240,-0.109562,-0.254497
0.443871,2,0.011516,0.000000,0.007957,0.011894,0.001324,0.008262,-0.024642,0.109324,-0.256269
0.443871,3,0.011516,0.000000,0.007957,0.011514,-0.000521,0.008123,-0.026128,-0.108521,-0.255182
0.447072,0,0.011598,0.000000,0.008070,0.010632,0.000692,0.008302,-0.030445,0.108692,-0.255414
0.447072,1,0.011598,0.000000,0.008070,0.012175,-0.001554,0.008672,-0.025150,-0.109554,-0.254414
0.447072,2,0.011598,0.000000,0.008070,0.011987,0.001331,0.008364,-0.024549,0.109331,-0.256168
0.447072,3,0.011598,0.000000,0.008070,0.011600,-0.000529,0.008234,-0.026042,-0.108529,-0.255071
0.449995,0,0.011672,0.000000,0.008174,0.010720,0.000684,0.008405,-0.030357,0.108684,-0.255311
0.449995,1,0.011672,0.000000,0.008174,0.012286,-0.001538,0.008765,-0.025039,-0.109538,-0.254321
0.449995,2,0.011672,0.000000,0.008174,0.012075,0.001323,0.008471,-0.024461,0.109323,-0.256060
0.449995,3,0.011672,0.000000,0.008174,0.011696,-0.000544,0.008342,-0.025946,-0.108544,-0.254964
0.452753,0,0.011742,0.000000,0.008273,0.010814,0.000684,0.008492,-0.030263,0.108684,-0.255224
0.452753,1,0.011742,0.000000,0.008273,0.012370,-0.001545,0.008849,-0.024954,-0.109545,-0.254238
0.452753,2,0.011742,0.000000,0.008273,0.012157,0.001323,0.008567,-0.024378,0.109323,-0.255964
0.452753,3,0.011742,0.000000,0.008273,0.011779,-0.000551,0.008441,-0.025863,-0.108551,-0.254864
0.455523,0,0.011813,0.000000,0.008373,0.010906,0.000691,0.008588,-0.030171,0.108691,-0.255127
0.455523,1,0.011813,0.000000,0.008373,0.012447,-0.001537,0.008927,-0.024878,-0.109537,-0.254159
0.455523,2,0.011813,0.000000,0.008373,0.012242,0.001330,0.008670,-0.024293,0.109330,-0.255862
0.455523,3,0.011813,0.000000,0.008373,0.011856,-0.000559,0.008534,-0.025786,-0.108559,-0.254771
0.458273,0,0.011883,0.000000,0.008472,0.010973,0.000699,0.008685,-0.030104,0.108699,-0.255030
0.458273,1,0.011883,0.000000,0.008472,0.012537,-0.001529,0.009010,-0.024788,-0.109529,-0.254076
0.458273,2,0.011883,0.000000,0.008472,0.012327,0.001322,0.008765,-0.024208,0.109322,-0.255766
0.458273,3,0.011883,0.000000,0.008472,0.011939,-0.000574,0.008637,-0.025703,-0.108574,-0.254668
0.461202,0,0.011957,0.000000,0.008579,0.011078,0.000698,0.008774,-0.029999,0.108698,-0.254941
0.461202,1,0.011957,0.000000,0.008579,0.012625,-0.001544,0.009109,-0.024700,-0.109544,-0.253977
0.461202,2,0.011957,0.000000,0.008579,0.012426,0.001321,0.008879,-0.024110,0.109321,-0.255653
0.461202,3,0.011957,0.000000,0.008579,0.012019,-0.000574,0.008730,-0.025623,-0.108574,-0.254575
0.464290,0,0.012036,0.000000,0.008692,0.011155,0.000714,0.008885,-0.029922,0.108714,-0.254830
0.464290,1,0.012036,0.000000,0.008692,0.012720,-0.001528,0.009195,-0.024605,-0.109528,-0.253891
0.464290,2,0.012036,0.000000,0.008692,0.012513,0.001320,0.008981,-0.024023,0.109320,-0.255551
0.464290,3,0.012036,0.000000,0.008692,0.012099,-0.000589,0.008839,-0.025543,-0.108589,-0.254466
0.467473,0,0.012117,0.000000,0.008809,0.011250,0.000721,0.008994,-0.029827,0.108721,-0.254721
0.467473,1,0.012117,0.000000,0.008809,0.012804,-0.001535,0.009297,-0.024520,-0.109535,-0.253789
0.467473,2,0.012117,0.000000,0.008809,0.012588,0.001328,0.009090,-0.023948,0.109328,-0.255441
0.467473,3,0.012117,0.000000,0.008809,0.012182,-0.000589,0.008944,-0.025460,-0.108589,-0.254361
0.470578,0,0.012195,0.000000,0.008924,0.011356,0.000713,0.009098,-0.029722,0.108713,-0.254617
0.470578,1,0.012195,0.000000,0.008924,0.012897,-0.001534,0.009405,-0.024428,-0.109534,-0.253681
0.470578,2,0.012195,0.000000,0.008924,0.012673,0.001327,0.009199,-0.023863,0.109327,-0.255333
0.470578,3,0.012195,0.000000,0.008924,0.012275,-0.000612,0.009062,-0.025367,-0.108612,-0.254244
0.473691,0,0.012274,0.000000,0.009040,0.011451,0.000720,0.009207,-0.029627,0.108720,-0.254508
0.473691,1,0.012274,0.000000,0.009040,0.012997,-0.001526,0.009499,-0.024327,-0.109526,-0.253587
0.473691,2,0.012274,0.000000,0.009040,0.012768,0.001326,0.009309,-0.023768,0.109326,-0.255222
0.473691,3,0.012274,0.000000,0.009040,0.012358,-0.000604,0.009164,-0.025284,-0.108604,-0.254142
0.476558,0,0.012347,0.000000,0.009147,0.011517,0.000728,0.009313,-0.029560,0.108728,-0.254402
0.476558,1,0.012347,0.000000,0.009147,0.013082,-0.001525,0.009599,-0.024243,-0.109525,-0.253487
0.476558,2,0.012347,0.000000,0.009147,0.012832,0.001326,0.009404,-0.023704,0.109326,-0.255127
0.476558,3,0.012347,0.000000,0.009147,0.012443,-0.000619,0.009269,-0.025199,-0.108619,-0.254036
0.479348,0,0.012418,0.000000,0.009252,0.011601,0.000720,0.009405,-0.029476,0.108720,-0.254311
0.479348,1,0.012418,0.000000,0.009252,0.013177,-0.001517,0.009697,-0.024148,-0.109517,-0.253389
0.479348,2,0.012418,0.000000,0.009252,0.012912,0.001325,0.009507,-0.023624,0.109325,-0.255024
0.479348,3,0.012418,0.000000,0.009252,0.012505,-0.000619,0.009371,-0.025137,-0.108619,-0.253935
0.482024,0,0.012486,0.000000,0.009354,0.011698,0.000735,0.009511,-0.029379,0.108735,-0.254205
0.482024,1,0.012486,0.000000,0.009354,0.013264,-0.001509,0.009787,-0.024061,-0.109509,-0.253299
0.482024,2,0.012486,0.000000,0.009354,0.012978,0.001333,0.009609,-0.023558,0.109333,-0.254923
0.482024,3,0.012486,0.000000,0.009354,0.012593,-0.000626,0.009467,-0.025049,-0.108626,-0.253839
0.484799,0,0.012556,0.000000,0.009459,0.011752,0.000742,0.009612,-0.029325,0.108742,-0.254103
0.484799,1,0.012556,0.000000,0.009459,0.013346,-0.001508,0.009883,-0.023979,-0.109508,-0.253203
0.484799,2,0.012556,0.000000,0.009459,0.013055,0.001332,0.009709,-0.023481,0.109332,-0.254823
0.484799,3,0.012556,0.000000,0.009459,0.012660,-0.000626,0.009564,-0.024982,-0.108626,-0.253741
0.487537,0,0.012626,0.000000,0.009564,0.011849,0.000734,0.009709,-0.029228,0.108734,-0.254007
0.487537,1,0.012626,0.000000,0.009564,0.013441,-0.001508,0.009985,-0.023884,-0.109508,-0.253101
0.487537,2,0.012626,0.000000,0.009564,0.013132,0.001332,0.009809,-0.023404,0.109332,-0.254723
0.487537,3,0.012626,0.000000,0.009564,0.012739,-0.000649,0.009668,-0.024903,-0.108649,-0.253637
0.490681,0,0.012705,0.000000,0.009685,0.011938,0.000742,0.009803,-0.029139,0.108742,-0.253913
0.490681,1,0.012705,0.000000,0.009685,0.013518,-0.001499,0.010082,-0.023807,-0.109499,-0.253004
0.490681,2,0.012705,0.000000,0.009685,0.013208,0.001331,0.009909,-0.023327,0.109331,-0.254622
0.490681,3,0.012705,0.000000,0.009685,0.012825,-0.000656,0.009789,-0.024817,-0.108656,-0.253516
0.493762,0,0.012783,0.000000,0.009805,0.012018,0.000749,0.009923,-0.029059,0.108749,-0.253792
0.493762,1,0.012783,0.000000,0.009805,0.013623,-0.001499,0.010195,-0.023702,-0.109499,-0.252891
0.493762,2,0.012783,0.000000,0.009805,0.013272,0.001331,0.010014,-0.023263,0.109331,-0.254518
0.493762,3,0.012783,0.000000,0.009805,0.012913,-0.000648,0.009897,-0.024730,-0.108648,-0.253408
0.496511,0,0.012853,0.000000,0.009912,0.012102,0.000749,0.010037,-0.028975,0.108749,-0.253679
0.496511,1,0.012853,0.000000,0.009912,0.013718,-0.001498,0.010306,-0.023607,-0.109498,-0.252780
0.496511,2,0.012853,0.000000,0.009912,0.013354,0.001322,0.010116,-0.023181,0.109322,-0.254415
0.496511,3,0.012853,0.000000,0.009912,0.012977,-0.000663,0.010008,-0.024665,-0.108663,-0.253297
0.499292,0,0.012923,0.000000,0.010020,0.012199,0.000749,0.010136,-0.028878,0.108749,-0.253579
0.499292,1,0.012923,0.000000,0.010020,0.013797,-0.001490,0.010397,-0.023528,-0.109490,-0.252689
0.499292,2,0.012923,0.000000,0.010020,0.013423,0.001322,0.010208,-0.023113,0.109322,-0.254323
0.499292,3,0.012923,0.000000,0.010020,0.013052,-0.000663,0.010114,-0.024590,-0.108663,-0.253191
0.502118,0,0.012995,0.000000,0.010131,0.012273,0.000741,0.010235,-0.028804,0.108741,-0.253480
0.502118,1,0.012995,0.000000,0.010131,0.013887,-0.001504,0.010509,-0.023438,-0.109504,-0.252577
0.502118,2,0.012995,0.000000,0.010131,0.013495,0.001321,0.010312,-0.023041,0.109321,-0.254219
0.502118,3,0.012995,0.000000,0.010131,0.013124,-0.000678,0.010224,-0.024518,-0.108678,-0.253081
0.505229,0,0.013073,0.000000,0.010254,0.012365,0.000756,0.010354,-0.028712,0.108756,-0.253361
0.505229,1,0.013073,0.000000,0.010254,0.013987,-0.001496,0.010623,-0.023338,-0.109496,-0.252464
0.505229,2,0.013073,0.000000,0.010254,0.013569,0.001328,0.010431,-0.022967,0.109328,-0.254100
0.505229,3,0.013073,0.000000,0.010254,0.013217,-0.000678,0.010342,-0.024426,-0.108678,-0.252964
0.508028,0,0.013144,0.000000,0.010366,0.012450,0.000755,0.010468,-0.028627,0.108755,-0.253248
0.508028,1,0.013144,0.000000,0.010366,0.014079,-0.001488,0.010728,-0.023246,-0.109488,-0.252359
0.508028,2,0.013144,0.000000,0.010366,0.013658,0.001328,0.010537,-0.022877,0.109328,-0.253995
0.508028,3,0.013144,0.000000,0.010366,0.013301,-0.000685,0.010454,-0.024341,-0.108685,-0.252852
0.511271,0,0.013226,0.000000,0.010495,0.012539,0.000755,0.010578,-0.028538,0.108755,-0.253138
0.511271,1,0.013226,0.000000,0.010495,0.014166,-0.001487,0.010840,-0.023159,-0.109487,-0.252247
0.511271,2,0.013226,0.000000,0.010495,0.013732,0.001320,0.010650,-0.022803,0.109320,-0.253882
0.511271,3,0.013226,0.000000,0.010495,0.013395,-0.000685,0.010589,-0.024248,-0.108685,-0.252716
0.514505,0,0.013307,0.000000,0.010625,0.012639,0.000762,0.010702,-0.028438,0.108762,-0.253013
0.514505,1,0.013307,0.000000,0.010625,0.014273,-0.001502,0.010972,-0.023051,-0.109502,-0.252114
0.514505,2,0.013307,0.000000,0.010625,0.013840,0.001327,0.010778,-0.022695,0.109327,-0.253753
0.514505,3,0.013307,0.000000,0.010625,0.013477,-0.000684,0.010714,-0.024165,-0.108684,-0.252592
0.517442,0,0.013381,0.000000,0.010744,0.012722,0.000762,0.010832,-0.028355,0.108762,-0.252884
0.517442,1,0.013381,0.000000,0.010744,0.014371,-0.001493,0.011092,-0.022954,-0.109493,-0.251994
0.517442,2,0.013381,0.000000,0.010744,0.013909,0.001318,0.010895,-0.022626,0.109318,-0.253637
0.517442,3,0.013381,0.000000,0.010744,0.013544,-0.000707,0.010831,-0.024098,-0.108707,-0.252474
0.520179,0,0.013451,0.000000,0.010855,0.012808,0.000754,0.010936,-0.028269,0.108754,-0.252780
0.520179,1,0.013451,0.000000,0.010855,0.014437,-0.001485,0.011187,-0.022888,-0.109485,-0.251899
0.520179,2,0.013451,0.000000,0.010855,0.013999,0.001318,0.011000,-0.022537,0.109318,-0.253531
0.520179,3,0.013451,0.000000,0.010855,0.013619,-0.000707,0.010938,-0.024024,-0.108707,-0.252368
0.523002,0,0.013522,0.000000,0.010970,0.012885,0.000769,0.011048,-0.028193,0.108769,-0.252668
0.523002,1,0.013522,0.000000,0.010970,0.014529,-0.001485,0.011296,-0.022796,-0.109485,-0.251790
0.523002,2,0.013522,0.000000,0.010970,0.014070,0.001317,0.011114,-0.022466,0.109317,-0.253418
0.523002,3,0.013522,0.000000,0.010970,0.013688,-0.000699,0.011035,-0.023955,-0.108699,-0.252270
0.525730,0,0.013590,0.000000,0.011082,0.012966,0.000761,0.011155,-0.028111,0.108761,-0.252560
0.525730,1,0.013590,0.000000,0.011082,0.014613,-0.001491,0.011418,-0.022712,-0.109491,-0.251668
0.525730,2,0.013590,0.000000,0.011082,0.014154,0.001317,0.011232,-0.022382,0.109317,-0.253299
0.525730,3,0.013590,0.000000,0.011082,0.013752,-0.000706,0.011144,-0.023891,-0.108706,-0.252162
0.528453,0,0.013659,0.000000,0.011194,0.013040,0.000768,0.011271,-0.028037,0.108768,-0.252445
0.528453,1,0.013659,0.000000,0.011194,0.014702,-0.001491,0.011524,-0.022623,-0.109491,-0.251563
0.528453,2,0.013659,0.000000,0.011194,0.014238,0.001324,0.011345,-0.022298,0.109324,-0.253187
0.528453,3,0.013659,0.000000,0.011194,0.013818,-0.000706,0.011251,-0.023824,-0.108706,-0.252054
0.531282,0,0.013730,0.000000,0.011311,0.013103,0.000760,0.011377,-0.027974,0.108760,-0.252338
0.531282,1,0.013730,0.000000,0.011311,0.014778,-0.001475,0.011627,-0.022547,-0.109475,-0.251459
0.531282,2,0.013730,0.000000,0.011311,0.014320,0.001315,0.011457,-0.022216,0.109315,-0.253074
0.531282,3,0.013730,0.000000,0.011311,0.013890,-0.000706,0.011355,-0.023752,-0.108706,-0.251950
0.534558,0,0.013813,0.000000,0.011447,0.013190,0.000768,0.011488,-0.027887,0.108768,-0.252228
0.534558,1,0.013813,0.000000,0.011447,0.014870,-0.001482,0.011758,-0.022455,-0.109482,-0.251328
0.534558,2,0.013813,0.000000,0.011447,0.014401,0.001315,0.011582,-0.022134,0.109315,-0.252949
0.534558,3,0.013813,0.000000,0.011447,0.013957,-0.000705,0.011481,-0.023685,-0.108705,-0.251824
0.537639,0,0.013890,0.000000,0.011576,0.013280,0.000775,0.011620,-0.027798,0.108775,-0.252095
0.537639,1,0.013890,0.000000,0.011576,0.014967,-0.001489,0.011894,-0.022358,-0.109489,-0.251192
0.537639,2,0.013890,0.000000,0.011576,0.014473,0.001322,0.011708,-0.022063,0.109322,-0.252823
0.537639,3,0.013890,0.000000,0.011576,0.014031,-0.000705,0.011598,-0.023611,-0.108705,-0.251708
0.540795,0,0.013970,0.000000,0.011709,0.013354,0.000774,0.011741,-0.027723,0.108774,-0.251974
0.540795,1,0.013970,0.000000,0.011709,0.015051,-0.001488,0.012013,-0.022273,-0.109488,-0.251073
0.540795,2,0.013970,0.000000,0.011709,0.014554,0.001321,0.011824,-0.021982,0.109321,-0.252707
0.540795,3,0.013970,0.000000,0.011709,0.014096,-0.000712,0.011715,-0.023547,-0.108712,-0.251590
0.543963,0,0.014049,0.000000,0.011843,0.013441,0.000774,0.011867,-0.027636,0.108774,-0.251848
0.543963,1,0.014049,0.000000,0.011843,0.015159,-0.001480,0.012145,-0.022166,-0.109480,-0.250941
0.543963,2,0.014049,0.000000,0.011843,0.014633,0.001313,0.011943,-0.021903,0.109313,-0.252588
0.543963,3,0.014049,0.000000,0.011843,0.014165,-0.000719,0.011838,-0.023477,-0.108719,-0.251467
0.546879,0,0.014122,0.000000,0.011967,0.013507,0.000774,0.011999,-0.027570,0.108774,-0.251717
0.546879,1,0.014122,0.000000,0.011967,0.015243,-0.001479,0.012292,-0.022082,-0.109479,-0.250795
0.546879,2,0.014122,0.000000,0.011967,0.014714,0.001320,0.012062,-0.021821,0.109320,-0.252469
0.546879,3,0.014122,0.000000,0.011967,0.014226,-0.000719,0.011949,-0.023416,-0.108719,-0.251356
0.549576,0,0.014190,0.000000,0.012082,0.013586,0.000773,0.012107,-0.027491,0.108773,-0.251608
0.549576,1,0.014190,0.000000,0.012082,0.015334,-0.001478,0.012401,-0.021990,-0.109478,-0.250685
0.549576,2,0.014190,0.000000,0.012082,0.014780,0.001312,0.012167,-0.021756,0.109312,-0.252364
0.549576,3,0.014190,0.000000,0.012082,0.014295,-0.000711,0.012057,-0.023347,-0.108711,-0.251248
0.552330,0,0.014259,0.000000,0.012200,0.013641,0.000788,0.012225,-0.027436,0.108788,-0.251490
0.552330,1,0.014259,0.000000,0.012200,0.015410,-0.001477,0.012520,-0.021914,-0.109477,-0.250566
0.552330,2,0.014259,0.000000,0.012200,0.014846,0.001311,0.012275,-0.021690,0.109311,-0.252256
0.552330,3,0.014259,0.000000,0.012200,0.014362,-0.000718,0.012168,-0.023280,-0.108718,-0.251137
0.555090,0,0.014328,0.000000,0.012318,0.013707,0.000788,0.012338,-0.027370,0.108788,-0.251377
0.555090,1,0.014328,0.000000,0.012318,0.015481,-0.001477,0.012634,-0.021843,-0.109477,-0.250452
0.555090,2,0.014328,0.000000,0.012318,0.014912,0.001318,0.012387,-0.021624,0.109318,-0.252145
0.555090,3,0.014328,0.000000,0.012318,0.014436,-0.000726,0.012288,-0.023206,-0.108726,-0.251017
0.557889,0,0.014399,0.000000,0.012439,0.013799,0.000795,0.012464,-0.027278,0.108795,-0.251251
0.557889,1,0.014399,0.000000,0.012439,0.015555,-0.001476,0.012751,-0.021770,-0.109476,-0.250335
0.557889,2,0.014399,0.000000,0.012439,0.014990,0.001310,0.012497,-0.021545,0.109310,-0.252035
0.557889,3,0.014399,0.000000,0.012439,0.014510,-0.000718,0.012410,-0.023132,-0.108718,-0.250895
0.560909,0,0.014474,0.000000,0.012570,0.013850,0.000795,0.012579,-0.027228,0.108795,-0.251136
0.560909,1,0.014474,0.000000,0.012570,0.015644,-0.001483,0.012880,-0.021681,-0.109483,-0.250206
0.560909,2,0.014474,0.000000,0.012570,0.015061,0.001317,0.012614,-0.021475,0.109317,-0.251918
0.560909,3,0.014474,0.000000,0.012570,0.014585,-0.000717,0.012536,-0.023057,-0.108717,-0.250769
0.563867,0,0.014548,0.000000,0.012700,0.013947,0.000794,0.012708,-0.027131,0.108794,-0.251008
0.563867,1,0.014548,0.000000,0.012700,0.015712,-0.001482,0.013000,-0.021613,-0.109482,-0.250086
0.563867,2,0.014548,0.000000,0.012700,0.015129,0.001316,0.012734,-0.021406,0.109316,-0.251797
0.563867,3,0.014548,0.000000,0.012700,0.014669,-0.000717,0.012655,-0.022973,-0.108717,-0.250650
0.567084,0,0.014629,0.000000,0.012840,0.014021,0.000786,0.012835,-0.027057,0.108786,-0.250880
0.567084,1,0.014629,0.000000,0.012840,0.015791,-0.001489,0.013126,-0.021534,-0.109489,-0.249960
0.567084,2,0.014629,0.000000,0.012840,0.015203,0.001308,0.012848,-0.021333,0.109308,-0.251684
0.567084,3,0.014629,0.000000,0.012840,0.014749,-0.000724,0.012799,-0.022893,-0.108724,-0.250506
0.569976,0,0.014701,0.000000,0.012968,0.014095,0.000793,0.012969,-0.026983,0.108793,-0.250746
0.569976,1,0.014701,0.000000,0.012968,0.015862,-0.001488,0.013259,-0.021463,-0.109488,-0.249827
0.569976,2,0.014701,0.000000,0.012968,0.015287,0.001315,0.012980,-0.021249,0.109315,-0.251552
0.569976,3,0.014701,0.000000,0.012968,0.014818,-0.000716,0.012925,-0.022824,-0.108716,-0.250380
0.572728,0,0.014770,0.000000,0.013090,0.014166,0.000793,0.013088,-0.026912,0.108793,-0.250627
0.572728,1,0.014770,0.000000,0.013090,0.015922,-0.001480,0.013368,-0.021402,-0.109480,-0.249718
0.572728,2,0.014770,0.000000,0.013090,0.015355,0.001307,0.013087,-0.021181,0.109307,-0.251444
0.572728,3,0.014770,0.000000,0.013090,0.014892,-0.000716,0.013042,-0.022750,-0.108716,-0.250263
0.575842,0,0.014848,0.000000,0.013228,0.014232,0.000793,0.013211,-0.026846,0.108793,-0.250505
0.575842,1,0.014848,0.000000,0.013228,0.015996,-0.001494,0.013501,-0.021329,-0.109494,-0.249585
0.575842,2,0.014848,0.000000,0.013228,0.015433,0.001314,0.013223,-0.021103,0.109314,-0.251309
0.575842,3,0.014848,0.000000,0.013228,0.014979,-0.000723,0.013194,-0.022663,-0.108723,-0.250111
0.579082,0,0.014929,0.000000,0.013373,0.014311,0.000785,0.013344,-0.026766,0.108785,-0.250371
0.579082,1,0.014929,0.000000,0.013373,0.016067,-0.001501,0.013637,-0.021258,-0.109501,-0.249449
0.579082,2,0.014929,0.000000,0.013373,0.015512,0.001305,0.013361,-0.021024,0.109305,-0.251171
0.579082,3,0.014929,0.000000,0.013373,0.015064,-0.000715,0.013329,-0.022578,-0.108715,-0.249977
0.582980,0,0.015026,0.000000,0.013548,0.014425,0.000784,0.013527,-0.026652,0.108784,-0.250189
0.582980,1,0.015026,0.000000,0.013548,0.016138,-0.001500,0.013789,-0.021187,-0.109500,-0.249298
0.582980,2,0.015026,0.000000,0.013548,0.015627,0.001305,0.013524,-0.020909,0.109305,-0.251008
0.582980,3,0.015026,0.000000,0.013548,0.015164,-0.000722,0.013505,-0.022478,-0.108722,-0.249800
0.586111,0,0.015105,0.000000,0.013689,0.014498,0.000784,0.013649,-0.026579,0.108784,-0.250067
0.586111,1,0.015105,0.000000,0.013689,0.016214,-0.001492,0.013915,-0.021111,-0.109492,-0.249171
0.586111,2,0.015105,0.000000,0.013689,0.015705,0.001304,0.013665,-0.020831,0.109304,-0.250867
0.586111,3,0.015105,0.000000,0.013689,0.015239,-0.000722,0.013640,-0.022404,-0.108722,-0.249665
0.589168,0,0.015181,0.000000,0.013828,0.014575,0.000791,0.013786,-0.026502,0.108791,-0.249930
0.589168,1,0.015181,0.000000,0.013828,0.016267,-0.001499,0.014031,-0.021058,-0.109499,-0.249055
0.589168,2,0.015181,0.000000,0.013828,0.015781,0.001303,0.013803,-0.020755,0.109303,-0.250728
0.589168,3,0.015181,0.000000,0.013828,0.015315,-0.000714,0.013775,-0.022327,-0.108714,-0.249530
0.592364,0,0.015261,0.000000,0.013973,0.014639,0.000790,0.013925,-0.026439,0.108790,-0.249791
0.592364,1,0.015261,0.000000,0.013973,0.016338,-0.001513,0.014171,-0.020987,-0.109513,-0.248916
0.592364,2,0.015261,0.000000,0.013973,0.015857,0.001310,0.013945,-0.020679,0.109310,-0.250586
0.592364,3,0.015261,0.000000,0.013973,0.015377,-0.000714,0.013906,-0.022266,-0.108714,-0.249399
0.595562,0,0.015340,0.000000,0.014120,0.014718,0.000782,0.014058,-0.026360,0.108782,-0.249657
0.595562,1,0.015340,0.000000,0.014120,0.016396,-0.001505,0.014295,-0.020929,-0.109505,-0.248791
0.595562,2,0.015340,0.000000,0.014120,0.015930,0.001302,0.014087,-0.020605,0.109302,-0.250444
0.595562,3,0.015340,0.000000,0.014120,0.015456,-0.000713,0.014047,-0.022186,-0.108713,-0.249258
0.598360,0,0.015410,0.000000,0.014248,0.014794,0.000782,0.014202,-0.026283,0.108782,-0.249514
0.598360,1,0.015410,0.000000,0.014248,0.016451,-0.001504,0.014420,-0.020874,-0.109504,-0.248666
0.598360,2,0.015410,0.000000,0.014248,0.016016,0.001309,0.014222,-0.020520,0.109309,-0.250309
0.598360,3,0.015410,0.000000,0.014248,0.015525,-0.000705,0.014165,-0.022118,-0.108705,-0.249141
0.601490,0,0.015488,0.000000,0.014393,0.014858,0.000797,0.014338,-0.026219,0.108797,-0.249378
0.601490,1,0.015488,0.000000,0.014393,0.016512,-0.001503,0.014551,-0.020813,-0.109503,-0.248535
0.601490,2,0.015488,0.000000,0.014393,0.016094,0.001315,0.014367,-0.020441,0.109315,-0.250165
0.601490,3,0.015488,0.000000,0.014393,0.015588,-0.000712,0.014301,-0.022054,-0.108712,-0.249004
0.605128,0,0.015578,0.000000,0.014561,0.014934,0.000781,0.014465,-0.026143,0.108781,-0.249250
0.605128,1,0.015578,0.000000,0.014561,0.016567,-0.001517,0.014692,-0.020757,-0.109517,-0.248394
0.605128,2,0.015578,0.000000,0.014561,0.016178,0.001299,0.014517,-0.020358,0.109299,-0.250015
0.605128,3,0.015578,0.000000,0.014561,0.015658,-0.000712,0.014459,-0.021984,-0.108712,-0.248846
0.607934,0,0.015648,0.000000,0.014692,0.015009,0.000788,0.014637,-0.026068,0.108788,-0.249078
0.607934,1,0.015648,0.000000,0.014692,0.016648,-0.001516,0.014837,-0.020676,-0.109516,-0.248249
0.607934,2,0.015648,0.000000,0.014692,0.016233,0.001306,0.014645,-0.020303,0.109306,-0.249886
0.607934,3,0.015648,0.000000,0.014692,0.015714,-0.000712,0.014575,-0.021928,-0.108712,-0.248731
0.610979,0,0.015724,0.000000,0.014835,0.015054,0.000788,0.014756,-0.026023,0.108788,-0.248959
0.610979,1,0.015724,0.000000,0.014835,0.016704,-0.001501,0.014956,-0.020621,-0.109501,-0.248130
0.610979,2,0.015724,0.000000,0.014835,0.016304,0.001298,0.014775,-0.020232,0.109298,-0.249756
0.610979,3,0.015724,0.000000,0.014835,0.015775,-0.000711,0.014715,-0.021867,-0.108711,-0.248591
0.613999,0,0.015799,0.000000,0.014976,0.015146,0.000787,0.014898,-0.025931,0.108787,-0.248817
0.613999,1,0.015799,0.000000,0.014976,0.016777,-0.001507,0.015095,-0.020548,-0.109507,-0.247991
0.613999,2,0.015799,0.000000,0.014976,0.016374,0.001297,0.014908,-0.020162,0.109297,-0.249623
0.613999,3,0.015799,0.000000,0.014976,0.015841,-0.000718,0.014854,-0.021801,-0.108718,-0.248451
0.616907,0,0.015871,0.000000,0.015114,0.015212,0.000787,0.015040,-0.025865,0.108787,-0.248676
0.616907,1,0.015871,0.000000,0.015114,0.016830,-0.001522,0.015234,-0.020495,-0.109522,-0.247852
0.616907,2,0.015871,0.000000,0.015114,0.016439,0.001312,0.015052,-0.020096,0.109312,-0.249480
0.616907,3,0.015871,0.000000,0.015114,0.015900,-0.000710,0.014979,-0.021742,-0.108710,-0.248326
0.619831,0,0.015944,0.000000,0.015252,0.015270,0.000779,0.015170,-0.025807,0.108779,-0.248546
0.619831,1,0.015944,0.000000,0.015252,0.016903,-0.001513,0.015367,-0.020422,-0.109513,-0.247719
0.619831,2,0.015944,0.000000,0.015252,0.016510,0.001311,0.015176,-0.020026,0.109311,-0.249356
0.619831,3,0.015944,0.000000,0.015252,0.015974,-0.000710,0.015115,-0.021668,-0.108710,-0.248190
0.622572,0,0.016012,0.000000,0.015383,0.015349,0.000794,0.015314,-0.025728,0.108794,-0.248402
0.622572,1,0.016012,0.000000,0.015383,0.016971,-0.001520,0.015510,-0.020354,-0.109520,-0.247576
0.622572,2,0.016012,0.000000,0.015383,0.016585,0.001310,0.015315,-0.019951,0.109310,-0.249217
0.622572,3,0.016012,0.000000,0.015383,0.016040,-0.000710,0.015242,-0.021602,-0.108710,-0.248063
0.625426,0,0.016083,0.000000,0.015519,0.015394,0.000793,0.015442,-0.025683,0.108793,-0.248273
0.625426,1,0.016083,0.000000,0.015519,0.017039,-0.001519,0.015641,-0.020286,-0.109519,-0.247446
0.625426,2,0.016083,0.000000,0.015519,0.016653,0.001325,0.015443,-0.019883,0.109325,-0.249089
0.625426,3,0.016083,0.000000,0.015519,0.016096,-0.000694,0.015370,-0.021546,-0.108694,-0.247935
0.628136,0,0.016150,0.000000,0.015649,0.015465,0.000778,0.015565,-0.025612,0.108778,-0.248151
0.628136,1,0.016150,0.000000,0.015649,0.017102,-0.001526,0.015769,-0.020223,-0.109526,-0.247317
0.628136,2,0.016150,0.000000,0.015649,0.016718,0.001317,0.015567,-0.019818,0.109317,-0.248964
0.628136,3,0.016150,0.000000,0.015649,0.016174,-0.000709,0.015509,-0.021468,-0.108709,-0.247796
0.630900,0,0.016218,0.000000,0.015782,0.015543,0.000777,0.015693,-0.025534,0.108777,-0.248023
0.630900,1,0.016218,0.000000,0.015782,0.017169,-0.001510,0.015893,-0.020155,-0.109510,-0.247193
0.630900,2,0.016218,0.000000,0.015782,0.016778,0.001324,0.015692,-0.019758,0.109324,-0.248839
0.630900,3,0.016218,0.000000,0.015782,0.016233,-0.000694,0.015621,-0.021410,-0.108694,-0.247684
0.634200,0,0.016300,0.000000,0.015941,0.015586,0.000784,0.015831,-0.025491,0.108784,-0.247884
0.634200,1,0.016300,0.000000,0.015941,0.017232,-0.001517,0.016040,-0.020092,-0.109517,-0.247046
0.634200,2,0.016300,0.000000,0.015941,0.016871,0.001330,0.015846,-0.019665,0.109330,-0.248686
0.634200,3,0.016300,0.000000,0.015941,0.016307,-0.000693,0.015776,-0.021336,-0.108693,-0.247529
0.636984,0,0.016369,0.000000,0.016076,0.015691,0.000784,0.015988,-0.025386,0.108784,-0.247728
0.636984,1,0.016369,0.000000,0.016076,0.017313,-0.001516,0.016194,-0.020012,-0.109516,-0.246892
0.636984,2,0.016369,0.000000,0.016076,0.016943,0.001322,0.015979,-0.019592,0.109322,-0.248553
0.636984,3,0.016369,0.000000,0.016076,0.016362,-0.000700,0.015914,-0.021280,-0.108700,-0.247391
0.639831,0,0.016439,0.000000,0.016215,0.015753,0.000791,0.016112,-0.025324,0.108791,-0.247604
0.639831,1,0.016439,0.000000,0.016215,0.017393,-0.001515,0.016330,-0.019931,-0.109515,-0.246756
0.639831,2,0.016439,0.000000,0.016215,0.017011,0.001329,0.016113,-0.019525,0.109329,-0.248419
0.639831,3,0.016439,0.000000,0.016215,0.016436,-0.000685,0.016044,-0.021206,-0.108685,-0.247262
0.642780,0,0.016512,0.000000,0.016359,0.015802,0.000776,0.016246,-0.025276,0.108776,-0.247469
0.642780,1,0.016512,0.000000,0.016359,0.017444,-0.001521,0.016472,-0.019881,-0.109521,-0.246614
0.642780,2,0.016512,0.000000,0.016359,0.017088,0.001328,0.016255,-0.019447,0.109328,-0.248276
0.642780,3,0.016512,0.000000,0.016359,0.016520,-0.000684,0.016191,-0.021122,-0.108684,-0.247114
0.645622,0,0.016582,0.000000,0.016498,0.015890,0.000790,0.016383,-0.025187,0.108790,-0.247332
0.645622,1,0.016582,0.000000,0.016498,0.017521,-0.001513,0.016602,-0.019803,-0.109513,-0.246484
0.645622,2,0.016582,0.000000,0.016498,0.017166,0.001320,0.016385,-0.019370,0.109320,-0.248147
0.645622,3,0.016582,0.000000,0.016498,0.016575,-0.000692,0.016320,-0.021067,-0.108692,-0.246985
0.648393,0,0.016651,0.000000,0.016635,0.015973,0.000775,0.016511,-0.025104,0.108775,-0.247205
0.648393,1,0.016651,0.000000,0.016635,0.017584,-0.001520,0.016749,-0.019741,-0.109520,-0.246337
0.648393,2,0.016651,0.000000,0.016635,0.017239,0.001319,0.016522,-0.019297,0.109319,-0.248010
0.648393,3,0.016651,0.000000,0.016635,0.016641,-0.000691,0.016457,-0.021001,-0.108691,-0.246848
0.651644,0,0.016731,0.000000,0.016795,0.016018,0.000774,0.016649,-0.025059,0.108774,-0.247067
0.651644,1,0.016731,0.000000,0.016795,0.017642,-0.001519,0.016887,-0.019683,-0.109519,-0.246199
0.651644,2,0.016731,0.000000,0.016795,0.017321,0.001311,0.016676,-0.019214,0.109311,-0.247856
0.651644,3,0.016731,0.000000,0.016795,0.016700,-0.000683,0.016610,-0.020942,-0.108683,-0.246695
0.654442,0,0.016800,0.000000,0.016934,0.016102,0.000781,0.016796,-0.024975,0.108781,-0.246920
0.654442,1,0.016800,0.000000,0.016934,0.017715,-0.001518,0.017033,-0.019610,-0.109518,-0.246053
0.654442,2,0.016800,0.000000,0.016934,0.017391,0.001318,0.016813,-0.019145,0.109318,-0.247719
0.654442,3,0.016800,0.000000,0.016934,0.016753,-0.000683,0.016733,-0.020889,-0.108683,-0.246572
0.657149,0,0.016867,0.000000,0.017069,0.016172,0.000773,0.016922,-0.024905,0.108773,-0.246793
0.657149,1,0.016867,0.000000,0.017069,0.017777,-0.001510,0.017165,-0.019548,-0.109510,-0.245922
0.657149,2,0.016867,0.000000,0.017069,0.017471,0.001309,0.016946,-0.019065,0.109309,-0.247586
0.657149,3,0.016867,0.000000,0.017069,0.016824,-0.000690,0.016860,-0.020819,-0.108690,-0.246445
0.660225,0,0.016942,0.000000,0.017223,0.016223,0.000780,0.017060,-0.024855,0.108780,-0.246656
0.660225,1,0.016942,0.000000,0.017223,0.017850,-0.001524,0.017299,-0.019475,-0.109524,-0.245787
0.660225,2,0.016942,0.000000,0.017223,0.017536,0.001309,0.017074,-0.019000,0.109309,-0.247458
0.660225,3,0.016942,0.000000,0.017223,0.016887,-0.000690,0.017013,-0.020755,-0.108690,-0.246292
0.663213,0,0.017016,0.000000,0.017373,0.016316,0.000780,0.017215,-0.024761,0.108780,-0.246501
0.663213,1,0.017016,0.000000,0.017373,0.017920,-0.001515,0.017457,-0.019405,-0.109515,-0.245629
0.663213,2,0.017016,0.000000,0.017373,0.017621,0.001308,0.017235,-0.018915,0.109308,-0.247297
0.663213,3,0.017016,0.000000,0.017373,0.016953,-0.000689,0.017150,-0.020689,-0.108689,-0.246155
0.666090,0,0.017087,0.000000,0.017518,0.016379,0.000772,0.017351,-0.024698,0.108772,-0.246364
0.666090,1,0.017087,0.000000,0.017518,0.017985,-0.001514,0.017604,-0.019340,-0.109514,-0.245482
0.666090,2,0.017087,0.000000,0.017518,0.017673,0.001300,0.017364,-0.018863,0.109300,-0.247168
0.666090,3,0.017087,0.000000,0.017518,0.017009,-0.000689,0.017295,-0.020633,-0.108689,-0.246010
0.669054,0,0.017160,0.000000,0.017667,0.016423,0.000772,0.017496,-0.024654,0.108772,-0.246219
0.669054,1,0.017160,0.000000,0.017667,0.018070,-0.001514,0.017747,-0.019255,-0.109514,-0.245339
0.669054,2,0.017160,0.000000,0.017667,0.017743,0.001306,0.017510,-0.018793,0.109306,-0.247021
0.669054,3,0.017160,0.000000,0.017667,0.017087,-0.000688,0.017447,-0.020555,-0.108688,-0.245859
0.671785,0,0.017227,0.000000,0.017806,0.016501,0.000779,0.017638,-0.024576,0.108779,-0.246078
0.671785,1,0.017227,0.000000,0.017806,0.018135,-0.001513,0.017884,-0.019190,-0.109513,-0.245202
0.671785,2,0.017227,0.000000,0.017806,0.017807,0.001306,0.017648,-0.018728,0.109306,-0.246884
0.671785,3,0.017227,0.000000,0.017806,0.017140,-0.000688,0.017579,-0.020502,-0.108688,-0.245726
0.674718,0,0.017299,0.000000,0.017955,0.016573,0.000771,0.017767,-0.024504,0.108771,-0.245949
0.674718,1,0.017299,0.000000,0.017955,0.018207,-0.001512,0.018022,-0.019117,-0.109512,-0.245064
0.674718,2,0.017299,0.000000,0.017955,0.017892,0.001305,0.017790,-0.018644,0.109305,-0.246741
0.674718,3,0.017299,0.000000,0.017955,0.017231,-0.000673,0.017729,-0.020411,-0.108673,-0.245576
0.678041,0,0.017381,0.000000,0.018125,0.016630,0.000778,0.017929,-0.024448,0.108778,-0.245786
0.678041,1,0.017381,0.000000,0.018125,0.018275,-0.001518,0.018184,-0.019050,-0.109518,-0.244902
0.678041,2,0.017381,0.000000,0.018125,0.017964,0.001304,0.017946,-0.018572,0.109304,-0.246586
0.678041,3,0.017381,0.000000,0.018125,0.017305,-0.000687,0.017910,-0.020337,-0.108687,-0.245395
0.681093,0,0.017455,0.000000,0.018282,0.016716,0.000777,0.018095,-0.024361,0.108777,-0.245621
0.681093,1,0.017455,0.000000,0.018282,0.018348,-0.001510,0.018337,-0.018977,-0.109510,-0.244749
0.681093,2,0.017455,0.000000,0.018282,0.018031,0.001303,0.018096,-0.018504,0.109303,-0.246436
0.681093,3,0.017455,0.000000,0.018282,0.017373,-0.000679,0.018056,-0.020269,-0.108679,-0.245249
0.683889,0,0.017524,0.000000,0.018425,0.016809,0.000777,0.018250,-0.024268,0.108777,-0.245465
0.683889,1,0.017524,0.000000,0.018425,0.018425,-0.001524,0.018487,-0.018900,-0.109524,-0.244599
0.683889,2,0.017524,0.000000,0.018425,0.018108,0.001310,0.018242,-0.018427,0.109310,-0.246290
0.683889,3,0.017524,0.000000,0.018425,0.017437,-0.000679,0.018200,-0.020206,-0.108679,-0.245105
0.686701,0,0.017593,0.000000,0.018571,0.016863,0.000776,0.018397,-0.024215,0.108776,-0.245318
0.686701,1,0.017593,0.000000,0.018571,0.018482,-0.001516,0.018613,-0.018843,-0.109516,-0.244473
0.686701,2,0.017593,0.000000,0.018571,0.018173,0.001302,0.018376,-0.018363,0.109302,-0.246155
0.686701,3,0.017593,0.000000,0.018571,0.017507,-0.000679,0.018343,-0.020135,-0.108679,-0.244962
0.689422,0,0.017660,0.000000,0.018712,0.016923,0.000776,0.018534,-0.024154,0.108776,-0.245181
0.689422,1,0.017660,0.000000,0.018712,0.018549,-0.001515,0.018754,-0.018776,-0.109515,-0.244333
0.689422,2,0.017660,0.000000,0.018712,0.018242,0.001301,0.018511,-0.018294,0.109301,-0.246021
0.689422,3,0.017660,0.000000,0.018712,0.017575,-0.000686,0.018497,-0.020067,-0.108686,-0.244809
0.692334,0,0.017731,0.000000,0.018863,0.017001,0.000775,0.018682,-0.024076,0.108775,-0.245033
0.692334,1,0.017731,0.000000,0.018863,0.018601,-0.001521,0.018890,-0.018723,-0.109521,-0.244196
0.692334,2,0.017731,0.000000,0.018863,0.018314,0.001308,0.018661,-0.018222,0.109308,-0.245871
0.692334,3,0.017731,0.000000,0.018863,0.017661,-0.000685,0.018648,-0.019981,-0.108685,-0.244657
0.695091,0,0.017798,0.000000,0.019007,0.017062,0.000782,0.018841,-0.024015,0.108782,-0.244874
0.695091,1,0.017798,0.000000,0.019007,0.018676,-0.001520,0.019039,-0.018649,-0.109520,-0.244047
0.695091,2,0.017798,0.000000,0.019007,0.018371,0.001300,0.018796,-0.018165,0.109300,-0.245736
0.695091,3,0.017798,0.000000,0.019007,0.017704,-0.000692,0.018800,-0.019938,-0.108692,-0.244505
0.698029,0,0.017870,0.000000,0.019161,0.017132,0.000767,0.018974,-0.023945,0.108767,-0.244741
0.698029,1,0.017870,0.000000,0.019161,0.018736,-0.001520,0.019172,-0.018589,-0.109520,-0.243914
0.698029,2,0.017870,0.000000,0.019161,0.018448,0.001299,0.018949,-0.018088,0.109299,-0.245583
0.698029,3,0.017870,0.000000,0.019161,0.017790,-0.000692,0.018952,-0.019853,-0.108692,-0.244353
0.701078,0,0.017945,0.000000,0.019321,0.017212,0.000774,0.019128,-0.023865,0.108774,-0.244587
0.701078,1,0.017945,0.000000,0.019321,0.018800,-0.001519,0.019310,-0.018525,-0.109519,-0.243776
0.701078,2,0.017945,0.000000,0.019321,0.018525,0.001305,0.019104,-0.018011,0.109305,-0.245427
0.701078,3,0.017945,0.000000,0.019321,0.017850,-0.000684,0.019109,-0.019792,-0.108684,-0.244197
0.703860,0,0.018013,0.000000,0.019467,0.017281,0.000773,0.019293,-0.023796,0.108773,-0.244423
0.703860,1,0.018013,0.000000,0.019467,0.018857,-0.001518,0.019458,-0.018467,-0.109518,-0.243628
0.703860,2,0.018013,0.000000,0.019467,0.018597,0.001297,0.019248,-0.017939,0.109297,-0.245284
0.703860,3,0.018013,0.000000,0.019467,0.017918,-0.000698,0.019247,-0.019724,-0.108698,-0.244059
0.706661,0,0.018081,0.000000,0.019616,0.017363,0.000773,0.019428,-0.023714,0.108773,-0.244288
0.706661,1,0.018081,0.000000,0.019616,0.018924,-0.001517,0.019581,-0.018401,-0.109517,-0.243506
0.706661,2,0.018081,0.000000,0.019616,0.018658,0.001296,0.019393,-0.017877,0.109296,-0.245139
0.706661,3,0.018081,0.000000,0.019616,0.017983,-0.000683,0.019387,-0.019659,-0.108683,-0.243918
0.709386,0,0.018148,0.000000,0.019760,0.017431,0.000773,0.019574,-0.023646,0.108773,-0.244141
0.709386,1,0.018148,0.000000,0.019760,0.018991,-0.001516,0.019722,-0.018334,-0.109516,-0.243364
0.709386,2,0.018148,0.000000,0.019760,0.018737,0.001303,0.019542,-0.017798,0.109303,-0.244989
0.709386,3,0.018148,0.000000,0.019760,0.018041,-0.000697,0.019532,-0.019601,-0.108697,-0.243773
0.712195,0,0.018216,0.000000,0.019910,0.017504,0.000779,0.019729,-0.023573,0.108779,-0.243986
0.712195,1,0.018216,0.000000,0.019910,0.019058,-0.001515,0.019863,-0.018267,-0.109515,-0.243223
0.712195,2,0.018216,0.000000,0.019910,0.018804,0.001295,0.019689,-0.017731,0.109295,-0.244842
0.712195,3,0.018216,0.000000,0.019910,0.018109,-0.000704,0.019677,-0.019534,-0.108704,-0.243629
0.715160,0,0.018288,0.000000,0.020068,0.017589,0.000779,0.019867,-0.023489,0.108779,-0.243848
0.715160,1,0.018288,0.000000,0.020068,0.019137,-0.001522,0.020013,-0.018188,-0.109522,-0.243073
0.715160,2,0.018288,0.000000,0.020068,0.018876,0.001287,0.019833,-0.017660,0.109287,-0.244698
0.715160,3,0.018288,0.000000,0.020068,0.018184,-0.000704,0.019817,-0.019459,-0.108704,-0.243488
0.717857,0,0.018354,0.000000,0.020212,0.017644,0.000778,0.020027,-0.023433,0.108778,-0.243688
0.717857,1,0.018354,0.000000,0.020212,0.019211,-0.001513,0.020160,-0.018113,-0.109513,-0.242926
0.717857,2,0.018354,0.000000,0.020212,0.018955,0.001301,0.019996,-0.017581,0.109301,-0.244536
0.717857,3,0.018354,0.000000,0.020212,0.018251,-0.000711,0.019971,-0.019391,-0.108711,-0.243335
0.720563,0,0.018420,0.000000,0.020358,0.017709,0.000778,0.020161,-0.023368,0.108778,-0.243554
0.720563,1,0.018420,0.000000,0.020358,0.019288,-0.001520,0.020307,-0.018037,-0.109520,-0.242779
0.720563,2,0.018420,0.000000,0.020358,0.019029,0.001293,0.020133,-0.017507,0.109293,-0.244399
0.720563,3,0.018420,0.000000,0.020358,0.018321,-0.000703,0.020111,-0.019321,-0.108703,-0.243194
0.723333,0,0.018487,0.000000,0.020507,0.017791,0.000785,0.020309,-0.023286,0.108785,-0.243406
0.723333,1,0.018487,0.000000,0.020507,0.019370,-0.001519,0.020447,-0.017955,-0.109519,-0.242639
0.723333,2,0.018487,0.000000,0.020507,0.019090,0.001292,0.020269,-0.017445,0.109292,-0.244263
0.723333,3,0.018487,0.000000,0.020507,0.018401,-0.000710,0.020251,-0.019241,-0.108710,-0.243054
0.726508,0,0.018565,0.000000,0.020678,0.017849,0.000784,0.020463,-0.023228,0.108784,-0.243253
0.726508,1,0.018565,0.000000,0.020678,0.019456,-0.001511,0.020609,-0.017868,-0.109511,-0.242477
0.726508,2,0.018565,0.000000,0.020678,0.019177,0.001291,0.020433,-0.017359,0.109291,-0.244098
0.726508,3,0.018565,0.000000,0.020678,0.018487,-0.000710,0.020422,-0.019156,-0.108710,-0.242883
0.729487,0,0.018637,0.000000,0.020840,0.017940,0.000791,0.020629,-0.023137,0.108791,-0.243087
0.729487,1,0.018637,0.000000,0.020840,0.019563,-0.001510,0.020797,-0.017762,-0.109510,-0.242289
0.729487,2,0.018637,0.000000,0.020840,0.019266,0.001297,0.020604,-0.017270,0.109297,-0.243927
0.729487,3,0.018637,0.000000,0.020840,0.018579,-0.000709,0.020583,-0.019063,-0.108709,-0.242722
0.732226,0,0.018703,0.000000,0.020989,0.018008,0.000798,0.020788,-0.023070,0.108798,-0.242928
0.732226,1,0.018703,0.000000,0.020989,0.019645,-0.001509,0.020938,-0.017680,-0.109509,-0.242148
0.732226,2,0.018703,0.000000,0.020989,0.019344,0.001289,0.020739,-0.017191,0.109289,-0.243793
0.732226,3,0.018703,0.000000,0.020989,0.018659,-0.000701,0.020727,-0.018983,-0.108701,-0.242579
0.735055,0,0.018772,0.000000,0.021144,0.018097,0.000798,0.020932,-0.022980,0.108798,-0.242783
0.735055,1,0.018772,0.000000,0.021144,0.019744,-0.001515,0.021112,-0.017581,-0.109515,-0.241974
0.735055,2,0.018772,0.000000,0.021144,0.019421,0.001281,0.020889,-0.017115,0.109281,-0.243643
0.735055,3,0.018772,0.000000,0.021144,0.018736,-0.000716,0.020886,-0.018906,-0.108716,-0.242419
0.738217,0,0.018849,0.000000,0.021317,0.018160,0.000797,0.021082,-0.022917,0.108797,-0.242633
0.738217,1,0.018849,0.000000,0.021317,0.019845,-0.001507,0.021282,-0.017480,-0.109507,-0.241804
0.738217,2,0.018849,0.000000,0.021317,0.019504,0.001295,0.021057,-0.017031,0.109295,-0.243474
0.738217,3,0.018849,0.000000,0.021317,0.018809,-0.000715,0.021043,-0.018834,-0.108715,-0.242262
0.741250,0,0.018922,0.000000,0.021483,0.018258,0.000804,0.021258,-0.022820,0.108804,-0.242458
0.741250,1,0.018922,0.000000,0.021483,0.019946,-0.001513,0.021459,-0.017379,-0.109513,-0.241627
0.741250,2,0.018922,0.000000,0.021483,0.019581,0.001280,0.021204,-0.016955,0.109280,-0.243327
0.741250,3,0.018922,0.000000,0.021483,0.018891,-0.000715,0.021202,-0.018751,-0.108715,-0.242104
0.744216,0,0.018994,0.000000,0.021647,0.018340,0.000811,0.021415,-0.022737,0.108811,-0.242300
0.744216,1,0.018994,0.000000,0.021647,0.020035,-0.001504,0.021624,-0.017290,-0.109504,-0.241462
0.744216,2,0.018994,0.000000,0.021647,0.019664,0.001293,0.021364,-0.016872,0.109293,-0.243168
0.744216,3,0.018994,0.000000,0.021647,0.018986,-0.000714,0.021366,-0.018657,-0.108714,-0.241939
0.747186,0,0.019066,0.000000,0.021811,0.018433,0.000810,0.021582,-0.022645,0.108810,-0.242134
0.747186,1,0.019066,0.000000,0.021811,0.020119,-0.001503,0.021777,-0.017206,-0.109503,-0.241309
0.747186,2,0.019066,0.000000,0.021811,0.019747,0.001293,0.021517,-0.016788,0.109293,-0.243015
0.747186,3,0.019066,0.000000,0.021811,0.019077,-0.000714,0.021518,-0.018565,-0.108714,-0.241787
0.749938,0,0.019133,0.000000,0.021964,0.018508,0.000802,0.021743,-0.022569,0.108802,-0.241973
0.749938,1,0.019133,0.000000,0.021964,0.020188,-0.001502,0.021941,-0.017137,-0.109502,-0.241145
0.749938,2,0.019133,0.000000,0.021964,0.019826,0.001284,0.021670,-0.016710,0.109284,-0.242862
0.749938,3,0.019133,0.000000,0.021964,0.019152,-0.000721,0.021681,-0.018490,-0.108721,-0.241624
0.752637,0,0.019198,0.000000,0.022114,0.018585,0.000809,0.021886,-0.022493,0.108809,-0.241830
0.752637,1,0.019198,0.000000,0.022114,0.020271,-0.001502,0.022085,-0.017054,-0.109502,-0.241002
0.752637,2,0.019198,0.000000,0.022114,0.019912,0.001276,0.021813,-0.016624,0.109276,-0.242718
0.752637,3,0.019198,0.000000,0.022114,0.019231,-0.000720,0.021819,-0.018411,-0.108720,-0.241487
0.755393,0,0.019265,0.000000,0.022267,0.018677,0.000816,0.022046,-0.022400,0.108816,-0.241669
0.755393,1,0.019265,0.000000,0.022267,0.020337,-0.001508,0.022230,-0.016987,-0.109508,-0.240856
0.755393,2,0.019265,0.000000,0.022267,0.019983,0.001290,0.021968,-0.016553,0.109290,-0.242564
0.755393,3,0.019265,0.000000,0.022267,0.019306,-0.000727,0.021972,-0.018336,-0.108727,-0.241333
0.758186,0,0.019332,0.000000,0.022424,0.018749,0.000808,0.022196,-0.022328,0.108808,-0.241520
0.758186,1,0.019332,0.000000,0.022424,0.020416,-0.001507,0.022387,-0.016909,-0.109507,-0.240699
0.758186,2,0.019332,0.000000,0.022424,0.020056,0.001282,0.022115,-0.016480,0.109282,-0.242416
0.758186,3,0.019332,0.000000,0.022424,0.019388,-0.000727,0.022132,-0.018254,-0.108727,-0.241174
0.761311,0,0.019407,0.000000,0.022599,0.018838,0.000815,0.022344,-0.022239,0.108815,-0.241372
0.761311,1,0.019407,0.000000,0.022599,0.020490,-0.001499,0.022534,-0.016835,-0.109499,-0.240552
0.761311,2,0.019407,0.000000,0.022599,0.020149,0.001288,0.022293,-0.016386,0.109288,-0.242239
0.761311,3,0.019407,0.000000,0.022599,0.019477,-0.000719,0.022296,-0.018165,-0.108719,-0.241009
0.764617,0,0.019487,0.000000,0.022785,0.018930,0.000814,0.022520,-0.022147,0.108814,-0.241196
0.764617,1,0.019487,0.000000,0.022785,0.020573,-0.001498,0.022697,-0.016752,-0.109498,-0.240389
0.764617,2,0.019487,0.000000,0.022785,0.020250,0.001280,0.022464,-0.016286,0.109280,-0.242068
0.764617,3,0.019487,0.000000,0.022785,0.019570,-0.000740,0.022487,-0.018073,-0.108740,-0.240818
0.767385,0,0.019554,0.000000,0.022941,0.019018,0.000814,0.022690,-0.022059,0.108814,-0.241026
0.767385,1,0.019554,0.000000,0.022941,0.020666,-0.001504,0.022875,-0.016658,-0.109504,-0.240211
0.767385,2,0.019554,0.000000,0.022941,0.020330,0.001279,0.022623,-0.016205,0.109279,-0.241908
0.767385,3,0.019554,0.000000,0.022941,0.019659,-0.000740,0.022646,-0.017984,-0.108740,-0.240659
0.770305,0,0.019624,0.000000,0.023107,0.019107,0.000806,0.022841,-0.021970,0.108806,-0.240875
0.770305,1,0.019624,0.000000,0.023107,0.020725,-0.001496,0.023015,-0.016600,-0.109496,-0.240071
0.770305,2,0.019624,0.000000,0.023107,0.020408,0.001286,0.022774,-0.016127,0.109286,-0.241757
0.770305,3,0.019624,0.000000,0.023107,0.019721,-0.000754,0.022798,-0.017922,-0.108754,-0.240507
0.773191,0,0.019694,0.000000,0.023270,0.019174,0.000813,0.023001,-0.021903,0.108813,-0.240715
0.773191,1,0.019694,0.000000,0.023270,0.020818,-0.001502,0.023184,-0.016507,-0.109502,-0.239902
0.773191,2,0.019694,0.000000,0.023270,0.020492,0.001278,0.022943,-0.016044,0.109278,-0.241588
0.773191,3,0.019694,0.000000,0.023270,0.019800,-0.000753,0.022973,-0.017842,-0.108753,-0.240332
0.775975,0,0.019761,0.000000,0.023429,0.019256,0.000812,0.023156,-0.021821,0.108812,-0.240560
0.775975,1,0.019761,0.000000,0.023429,0.020894,-0.001494,0.023325,-0.016431,-0.109494,-0.239761
0.775975,2,0.019761,0.000000,0.023429,0.020560,0.001277,0.023088,-0.015976,0.109277,-0.241443
0.775975,3,0.019761,0.000000,0.023429,0.019904,-0.000753,0.023131,-0.017739,-0.108753,-0.240174
0.778733,0,0.019827,0.000000,0.023586,0.019330,0.000819,0.023306,-0.021747,0.108819,-0.240410
0.778733,1,0.019827,0.000000,0.023586,0.020962,-0.001500,0.023493,-0.016363,-0.109500,-0.239593
0.778733,2,0.019827,0.000000,0.023586,0.020642,0.001283,0.023245,-0.015893,0.109283,-0.241286
0.778733,3,0.019827,0.000000,0.023586,0.019980,-0.000745,0.023282,-0.017662,-0.108745,-0.240023
0.781475,0,0.019893,0.000000,0.023743,0.019409,0.000804,0.023452,-0.021668,0.108804,-0.240264
0.781475,1,0.019893,0.000000,0.023743,0.021043,-0.001492,0.023640,-0.016282,-0.109492,-0.239446
0.781475,2,0.019893,0.000000,0.023743,0.020708,0.001283,0.023388,-0.015828,0.109283,-0.241144
0.781475,3,0.019893,0.000000,0.023743,0.020074,-0.000766,0.023457,-0.017568,-0.108766,-0.239848
0.784333,0,0.019961,0.000000,0.023908,0.019496,0.000811,0.023607,-0.021582,0.108811,-0.240109
0.784333,1,0.019961,0.000000,0.023908,0.021121,-0.001491,0.023788,-0.016204,-0.109491,-0.239298
0.784333,2,0.019961,0.000000,0.023908,0.020788,0.001289,0.023542,-0.015748,0.109289,-0.240990
0.784333,3,0.019961,0.000000,0.023908,0.020153,-0.000751,0.023607,-0.017489,-0.108751,-0.239698
0.787140,0,0.020029,0.000000,0.024069,0.019568,0.000817,0.023773,-0.021509,0.108817,-0.239943
0.787140,1,0.020029,0.000000,0.024069,0.021209,-0.001490,0.023958,-0.016116,-0.109490,-0.239128
0.787140,2,0.020029,0.000000,0.024069,0.020856,0.001288,0.023697,-0.015680,0.109288,-0.240835
0.787140,3,0.020029,0.000000,0.024069,0.020242,-0.000751,0.023776,-0.017400,-0.108751,-0.239529
0.789863,0,0.020094,0.000000,0.024226,0.019656,0.000817,0.023928,-0.021421,0.108817,-0.239788
0.789863,1,0.020094,0.000000,0.024226,0.021267,-0.001489,0.024101,-0.016058,-0.109489,-0.238985
0.789863,2,0.020094,0.000000,0.024226,0.020946,0.001280,0.023847,-0.015590,0.109280,-0.240685
0.789863,3,0.020094,0.000000,0.024226,0.020323,-0.000772,0.023946,-0.017319,-0.108772,-0.239359
0.792565,0,0.020159,0.000000,0.024383,0.019740,0.000816,0.024077,-0.021337,0.108816,-0.239639
0.792565,1,0.020159,0.000000,0.024383,0.021352,-0.001481,0.024245,-0.015973,-0.109481,-0.238841
0.792565,2,0.020159,0.000000,0.024383,0.021011,0.001279,0.023989,-0.015524,0.109279,-0.240542
0.792565,3,0.020159,0.000000,0.024383,0.020402,-0.000771,0.024103,-0.017240,-0.108771,-0.239202
0.795254,0,0.020223,0.000000,0.024539,0.019819,0.000816,0.024229,-0.021258,0.108816,-0.239486
0.795254,1,0.020223,0.000000,0.024539,0.021422,-0.001473,0.024381,-0.015902,-0.109473,-0.238705
0.795254,2,0.020223,0.000000,0.024539,0.021089,0.001286,0.024150,-0.015447,0.109286,-0.240382
0.795254,3,0.020223,0.000000,0.024539,0.020488,-0.000756,0.024253,-0.017154,-0.108756,-0.239052
0.798208,0,0.020294,0.000000,0.024711,0.019910,0.000815,0.024397,-0.021167,0.108815,-0.239319
0.798208,1,0.020294,0.000000,0.024711,0.021512,-0.001486,0.024551,-0.015812,-0.109486,-0.238535
0.798208,2,0.020294,0.000000,0.024711,0.021164,0.001278,0.024301,-0.015372,0.109278,-0.240230
0.798208,3,0.020294,0.000000,0.024711,0.020571,-0.000763,0.024410,-0.017071,-0.108763,-0.238895
0.801338,0,0.020369,0.000000,0.024893,0.020002,0.000815,0.024564,-0.021075,0.108815,-0.239151
0.801338,1,0.020369,0.000000,0.024893,0.021590,-0.001485,0.024718,-0.015735,-0.109485,-0.238368
0.801338,2,0.020369,0.000000,0.024893,0.021269,0.001284,0.024485,-0.015267,0.109284,-0.240046
0.801338,3,0.020369,0.000000,0.024893,0.020660,-0.000770,0.024601,-0.016982,-0.108770,-0.238704
0.804445,0,0.020443,0.000000,0.025075,0.020086,0.000814,0.024742,-0.020991,0.108814,-0.238974
0.804445,1,0.020443,0.000000,0.025075,0.021661,-0.001470,0.024879,-0.015664,-0.109470,-0.238207
0.804445,2,0.020443,0.000000,0.025075,0.021349,0.001283,0.024665,-0.015187,0.109283,-0.239867
0.804445,3,0.020443,0.000000,0.025075,0.020737,-0.000769,0.024774,-0.016905,-0.108769,-0.238531
0.807233,0,0.020510,0.000000,0.025239,0.020190,0.000814,0.024914,-0.020887,0.108814,-0.238801
0.807233,1,0.020510,0.000000,0.025239,0.021736,-0.001476,0.025047,-0.015589,-0.109476,-0.238040
0.807233,2,0.020510,0.000000,0.025239,0.021431,0.001297,0.024826,-0.015105,0.109297,-0.239706
0.807233,3,0.020510,0.000000,0.025239,0.020803,-0.000769,0.024926,-0.016839,-0.108769,-0.238379
0.810016,0,0.020576,0.000000,0.025403,0.020271,0.000813,0.025070,-0.020806,0.108813,-0.238645
0.810016,1,0.020576,0.000000,0.025403,0.021824,-0.001468,0.025204,-0.015501,-0.109468,-0.237883
0.810016,2,0.020576,0.000000,0.025403,0.021523,0.001296,0.024992,-0.015013,0.109296,-0.239540
0.810016,3,0.020576,0.000000,0.025403,0.020872,-0.000768,0.025091,-0.016770,-0.108768,-0.238214
0.812972,0,0.020647,0.000000,0.025577,0.020355,0.000813,0.025229,-0.020722,0.108813,-0.238486
0.812972,1,0.020647,0.000000,0.025577,0.021899,-0.001474,0.025371,-0.015426,-0.109474,-0.237715
0.812972,2,0.020647,0.000000,0.025577,0.021593,0.001302,0.025153,-0.014943,0.109302,-0.239378
0.812972,3,0.020647,0.000000,0.025577,0.020953,-0.000775,0.025254,-0.016689,-0.108775,-0.238051
0.815747,0,0.020713,0.000000,0.025741,0.020434,0.000805,0.025389,-0.020644,0.108805,-0.238327
0.815747,1,0.020713,0.000000,0.025741,0.022003,-0.001473,0.025553,-0.015322,-0.109473,-0.237534
0.815747,2,0.020713,0.000000,0.025741,0.021678,0.001301,0.025329,-0.014858,0.109301,-0.239202
0.815747,3,0.020713,0.000000,0.025741,0.021017,-0.000774,0.025413,-0.016625,-0.108774,-0.237892
0.818499,0,0.020778,0.000000,0.025904,0.020514,0.000811,0.025548,-0.020563,0.108811,-0.238168
0.818499,1,0.020778,0.000000,0.025904,0.022076,-0.001464,0.025720,-0.015249,-0.109464,-0.237366
0.818499,2,0.020778,0.000000,0.025904,0.021755,0.001301,0.025487,-0.014781,0.109301,-0.239044
0.818499,3,0.020778,0.000000,0.025904,0.021083,-0.000774,0.025575,-0.016559,-0.108774,-0.237731
0.821372,0,0.020847,0.000000,0.026075,0.020595,0.000818,0.025707,-0.020482,0.108818,-0.238008
0.821372,1,0.020847,0.000000,0.026075,0.022168,-0.001471,0.025900,-0.015157,-0.109471,-0.237187
0.821372,2,0.020847,0.000000,0.026075,0.021839,0.001300,0.025654,-0.014696,0.109300,-0.238877
0.821372,3,0.020847,0.000000,0.026075,0.021149,-0.000788,0.025743,-0.016493,-0.108788,-0.237562
0.824379,0,0.020918,0.000000,0.026254,0.020681,0.000803,0.025854,-0.020396,0.108803,-0.237862
0.824379,1,0.020918,0.000000,0.026254,0.022253,-0.001462,0.026063,-0.015072,-0.109462,-0.237023
0.824379,2,0.020918,0.000000,0.026254,0.021902,0.001299,0.025804,-0.014634,0.109299,-0.238728
0.824379,3,0.020918,0.000000,0.026254,0.021232,-0.000787,0.025907,-0.016410,-0.108787,-0.237399
0.827440,0,0.020991,0.000000,0.026437,0.020762,0.000803,0.026029,-0.020315,0.108803,-0.237687
0.827440,1,0.020991,0.000000,0.026437,0.022359,-0.001454,0.026254,-0.014965,-0.109454,-0.236832
0.827440,2,0.020991,0.000000,0.026437,0.021984,0.001298,0.025987,-0.014552,0.109298,-0.238545
0.827440,3,0.020991,0.000000,0.026437,0.021316,-0.000787,0.026089,-0.016326,-0.108787,-0.237216
0.830166,0,0.021056,0.000000,0.026601,0.020849,0.000809,0.026204,-0.020229,0.108809,-0.237512
0.830166,1,0.021056,0.000000,0.026601,0.022449,-0.001453,0.026437,-0.014876,-0.109453,-0.236649
0.830166,2,0.021056,0.000000,0.026601,0.022073,0.001311,0.026157,-0.014463,0.109311,-0.238375
0.830166,3,0.021056,0.000000,0.026601,0.021399,-0.000800,0.026269,-0.016243,-0.108800,-0.237036
0.832989,0,0.021123,0.000000,0.026770,0.020914,0.000809,0.026352,-0.020163,0.108809,-0.237364
0.832989,1,0.021123,0.000000,0.026770,0.022538,-0.001452,0.026601,-0.014787,-0.109452,-0.236485
0.832989,2,0.021123,0.000000,0.026770,0.022147,0.001303,0.026309,-0.014388,0.109303,-0.238223
0.832989,3,0.021123,0.000000,0.026770,0.021448,-0.000793,0.026416,-0.016194,-0.108793,-0.236889
0.835971,0,0.021193,0.000000,0.026950,0.021025,0.000801,0.026521,-0.020053,0.108801,-0.237194
0.835971,1,0.021193,0.000000,0.026950,0.022621,-0.001444,0.026781,-0.014704,-0.109444,-0.236306
0.835971,2,0.021193,0.000000,0.026950,0.022220,0.001310,0.026483,-0.014316,0.109310,-0.238048
0.835971,3,0.021193,0.000000,0.026950,0.021537,-0.000799,0.026608,-0.016106,-0.108799,-0.236697
0.838830,0,0.021261,0.000000,0.027122,0.021098,0.000808,0.026691,-0.019979,0.108808,-0.237024
0.838830,1,0.021261,0.000000,0.027122,0.022707,-0.001443,0.026942,-0.014618,-0.109443,-0.236144
0.838830,2,0.021261,0.000000,0.027122,0.022313,0.001309,0.026644,-0.014223,0.109309,-0.237888
0.838830,3,0.021261,0.000000,0.027122,0.021600,-0.000806,0.026780,-0.016042,-0.108806,-0.236525
0.841643,0,0.021328,0.000000,0.027293,0.021189,0.000807,0.026860,-0.019888,0.108807,-0.236856
0.841643,1,0.021328,0.000000,0.027293,0.022782,-0.001442,0.027107,-0.014543,-0.109442,-0.235979
0.841643,2,0.021328,0.000000,0.027293,0.022395,0.001308,0.026817,-0.014141,0.109308,-0.237714
0.841643,3,0.021328,0.000000,0.027293,0.021688,-0.000798,0.026956,-0.015954,-0.108798,-0.236349
0.844401,0,0.021393,0.000000,0.027460,0.021267,0.000799,0.027019,-0.019810,0.108799,-0.236696
0.844401,1,0.021393,0.000000,0.027460,0.022856,-0.001441,0.027272,-0.014468,-0.109441,-0.235814
0.844401,2,0.021393,0.000000,0.027460,0.022493,0.001307,0.026984,-0.014042,0.109307,-0.237548
0.844401,3,0.021393,0.000000,0.027460,0.021749,-0.000805,0.027125,-0.015893,-0.108805,-0.236181
0.847197,0,0.021459,0.000000,0.027630,0.021341,0.000806,0.027189,-0.019737,0.108806,-0.236526
0.847197,1,0.021459,0.000000,0.027630,0.022935,-0.001440,0.027424,-0.014389,-0.109440,-0.235662
0.847197,2,0.021459,0.000000,0.027630,0.022572,0.001306,0.027155,-0.013963,0.109306,-0.237377
0.847197,3,0.021459,0.000000,0.027630,0.021830,-0.000811,0.027308,-0.015812,-0.108811,-0.235997
0.850051,0,0.021527,0.000000,0.027804,0.021428,0.000805,0.027355,-0.019649,0.108805,-0.236361
0.850051,1,0.021527,0.000000,0.027804,0.023003,-0.001432,0.027586,-0.014322,-0.109432,-0.235500
0.850051,2,0.021527,0.000000,0.027804,0.022654,0.001312,0.027323,-0.013882,0.109312,-0.237209
0.850051,3,0.021527,0.000000,0.027804,0.021891,-0.000804,0.027470,-0.015751,-0.108804,-0.235835
0.852817,0,0.021592,0.000000,0.027973,0.021497,0.000798,0.027513,-0.019580,0.108798,-0.236203
0.852817,1,0.021592,0.000000,0.027973,0.023084,-0.001445,0.027748,-0.014241,-0.109445,-0.235338
0.852817,2,0.021592,0.000000,0.027973,0.022750,0.001304,0.027493,-0.013786,0.109304,-0.237039
0.852817,3,0.021592,0.000000,0.027973,0.021974,-0.000817,0.027651,-0.015668,-0.108817,-0.235655
0.855546,0,0.021657,0.000000,0.028140,0.021577,0.000811,0.027676,-0.019500,0.108811,-0.236039
0.855546,1,0.021657,0.000000,0.028140,0.023144,-0.001430,0.027889,-0.014181,-0.109430,-0.235197
0.855546,2,0.021657,0.000000,0.028140,0.022828,0.001318,0.027661,-0.013707,0.109318,-0.236871
0.855546,3,0.021657,0.000000,0.028140,0.022016,-0.000817,0.027811,-0.015626,-0.108817,-0.235494
0.858367,0,0.021723,0.000000,0.028313,0.021650,0.000804,0.027831,-0.019427,0.108804,-0.235885
0.858367,1,0.021723,0.000000,0.028313,0.023220,-0.001422,0.028045,-0.014104,-0.109422,-0.235042
0.858367,2,0.021723,0.000000,0.028313,0.022910,0.001317,0.027826,-0.013626,0.109317,-0.236706
0.858367,3,0.021723,0.000000,0.028313,0.022087,-0.000823,0.027983,-0.015556,-0.108823,-0.235322
0.861473,0,0.021796,0.000000,0.028505,0.021738,0.000796,0.027993,-0.019339,0.108796,-0.235722
0.861473,1,0.021796,0.000000,0.028505,0.023295,-0.001413,0.028207,-0.014030,-0.109413,-0.234879
0.861473,2,0.021796,0.000000,0.028505,0.023005,0.001316,0.028018,-0.013530,0.109316,-0.236514
0.861473,3,0.021796,0.000000,0.028505,0.022155,-0.000815,0.028164,-0.015487,-0.108815,-0.235141
0.864786,0,0.021874,0.000000,0.028709,0.021807,0.000802,0.028176,-0.019270,0.108802,-0.235539
0.864786,1,0.021874,0.000000,0.028709,0.023367,-0.001419,0.028391,-0.013958,-0.109419,-0.234695
0.864786,2,0.021874,0.000000,0.028709,0.023092,0.001315,0.028198,-0.013444,0.109315,-0.236333
0.864786,3,0.021874,0.000000,0.028709,0.022224,-0.000815,0.028358,-0.015418,-0.108815,-0.234948
0.868513,0,0.021962,0.000000,0.028940,0.021891,0.000809,0.028377,-0.019186,0.108809,-0.235338
0.868513,1,0.021962,0.000000,0.028940,0.023475,-0.001411,0.028596,-0.013850,-0.109411,-0.234491
0.868513,2,0.021962,0.000000,0.028940,0.023187,0.001321,0.028413,-0.013348,0.109321,-0.236119
0.868513,3,0.021962,0.000000,0.028940,0.022319,-0.000821,0.028578,-0.015323,-0.108821,-0.234727
0.871676,0,0.022036,0.000000,0.029136,0.021992,0.000801,0.028593,-0.019085,0.108801,-0.235123
0.871676,1,0.022036,0.000000,0.029136,0.023559,-0.001417,0.028814,-0.013765,-0.109417,-0.234272
0.871676,2,0.022036,0.000000,0.029136,0.023259,0.001327,0.028597,-0.013277,0.109327,-0.235934
0.871676,3,0.022036,0.000000,0.029136,0.022388,-0.000813,0.028769,-0.015254,-0.108813,-0.234536
0.874829,0,0.022110,0.000000,0.029332,0.022066,0.000793,0.028775,-0.019011,0.108793,-0.234940
0.874829,1,0.022110,0.000000,0.029332,0.023645,-0.001409,0.028992,-0.013679,-0.109409,-0.234094
0.874829,2,0.022110,0.000000,0.029332,0.023330,0.001326,0.028779,-0.013205,0.109326,-0.235753
0.874829,3,0.022110,0.000000,0.029332,0.022463,-0.000827,0.028959,-0.015179,-0.108827,-0.234346
0.877914,0,0.022183,0.000000,0.029525,0.022152,0.000786,0.028964,-0.018925,0.108786,-0.234752
0.877914,1,0.022183,0.000000,0.029525,0.023720,-0.001408,0.029167,-0.013605,-0.109408,-0.233919
0.877914,2,0.022183,0.000000,0.029525,0.023407,0.001325,0.028947,-0.013129,0.109325,-0.235584
0.877914,3,0.022183,0.000000,0.029525,0.022537,-0.000819,0.029147,-0.015105,-0.108819,-0.234159
0.880662,0,0.022247,0.000000,0.029696,0.022216,0.000792,0.029151,-0.018861,0.108792,-0.234565
0.880662,1,0.022247,0.000000,0.029696,0.023803,-0.001414,0.029348,-0.013522,-0.109414,-0.233738
0.880662,2,0.022247,0.000000,0.029696,0.023466,0.001331,0.029108,-0.013070,0.109331,-0.235424
0.880662,3,0.022247,0.000000,0.029696,0.022600,-0.000826,0.029310,-0.015043,-0.108826,-0.233995
0.883440,0,0.022312,0.000000,0.029871,0.022286,0.000799,0.029319,-0.018791,0.108799,-0.234397
0.883440,1,0.022312,0.000000,0.029871,0.023858,-0.001413,0.029499,-0.013467,-0.109413,-0.233587
0.883440,2,0.022312,0.000000,0.029871,0.023523,0.001323,0.029268,-0.013013,0.109323,-0.235264
0.883440,3,0.022312,0.000000,0.029871,0.022675,-0.000818,0.029491,-0.014967,-0.108818,-0.233815
0.886425,0,0.022382,0.000000,0.030058,0.022355,0.000798,0.029490,-0.018722,0.108798,-0.234226
0.886425,1,0.022382,0.000000,0.030058,0.023944,-0.001412,0.029680,-0.013381,-0.109412,-0.233406
0.886425,2,0.022382,0.000000,0.030058,0.023586,0.001329,0.029425,-0.012949,0.109329,-0.235107
0.886425,3,0.022382,0.000000,0.030058,0.022729,-0.000831,0.029673,-0.014913,-0.108831,-0.233632
0.889405,0,0.022452,0.000000,0.030246,0.022440,0.000790,0.029669,-0.018637,0.108790,-0.234047
0.889405,1,0.022452,0.000000,0.030246,0.024025,-0.001404,0.029861,-0.013300,-0.109404,-0.233225
0.889405,2,0.022452,0.000000,0.030246,0.023658,0.001328,0.029616,-0.012878,0.109328,-0.234916
0.889405,3,0.022452,0.000000,0.030246,0.022804,-0.000831,0.029867,-0.014838,-0.108831,-0.233438
0.892269,0,0.022519,0.000000,0.030426,0.022509,0.000797,0.029853,-0.018569,0.108797,-0.233863
0.892269,1,0.022519,0.000000,0.030426,0.024111,-0.001402,0.030042,-0.013214,-0.109402,-0.233044
0.892269,2,0.022519,0.000000,0.030426,0.023717,0.001320,0.029779,-0.012819,0.109320,-0.234753
0.892269,3,0.022519,0.000000,0.030426,0.022870,-0.000823,0.030046,-0.014772,-0.108823,-0.233259
0.895048,0,0.022584,0.000000,0.030602,0.022570,0.000789,0.030021,-0.018507,0.108789,-0.233694
0.895048,1,0.022584,0.000000,0.030602,0.024172,-0.001401,0.030203,-0.013152,-0.109401,-0.232883
0.895048,2,0.022584,0.000000,0.030602,0.023793,0.001333,0.029955,-0.012743,0.109333,-0.234577
0.895048,3,0.022584,0.000000,0.030602,0.022919,-0.000844,0.030226,-0.014723,-0.108844,-0.233079
0.898225,0,0.022658,0.000000,0.030803,0.022626,0.000796,0.030190,-0.018451,0.108796,-0.233525
0.898225,1,0.022658,0.000000,0.030803,0.024249,-0.001407,0.030394,-0.013076,-0.109407,-0.232692
0.898225,2,0.022658,0.000000,0.030803,0.023857,0.001332,0.030146,-0.012679,0.109332,-0.234385
0.898225,3,0.022658,0.000000,0.030803,0.022997,-0.000829,0.030417,-0.014645,-0.108829,-0.232889
0.901455,0,0.022733,0.000000,0.031009,0.022704,0.000795,0.030383,-0.018373,0.108795,-0.233333
0.901455,1,0.022733,0.000000,0.031009,0.024335,-0.001399,0.030591,-0.012990,-0.109399,-0.232495
0.901455,2,0.022733,0.000000,0.031009,0.023916,0.001324,0.030329,-0.012620,0.109324,-0.234203
0.901455,3,0.022733,0.000000,0.031009,0.023063,-0.000828,0.030608,-0.014580,-0.108828,-0.232697
0.904178,0,0.022797,0.000000,0.031182,0.022773,0.000794,0.030573,-0.018304,0.108794,-0.233142
0.904178,1,0.022797,0.000000,0.031182,0.024403,-0.001391,0.030767,-0.012921,-0.109391,-0.232319
0.904178,2,0.022797,0.000000,0.031182,0.023961,0.001330,0.030499,-0.012575,0.109330,-0.234032
0.904178,3,0.022797,0.000000,0.031182,0.023106,-0.000842,0.030770,-0.014536,-0.108842,-0.232536
0.907216,0,0.022868,0.000000,0.031376,0.022831,0.000794,0.030733,-0.018246,0.108794,-0.232983
0.907216,1,0.022868,0.000000,0.031376,0.024475,-0.001383,0.030946,-0.012850,-0.109383,-0.232140
0.907216,2,0.022868,0.000000,0.031376,0.024025,0.001329,0.030672,-0.012511,0.109329,-0.233859
0.907216,3,0.022868,0.000000,0.031376,0.023182,-0.000841,0.030964,-0.014461,-0.108841,-0.232341
0.909943,0,0.022931,0.000000,0.031550,0.022888,0.000793,0.030918,-0.018189,0.108793,-0.232798
0.909943,1,0.022931,0.000000,0.031550,0.024553,-0.001382,0.031147,-0.012771,-0.109382,-0.231939
0.909943,2,0.022931,0.000000,0.031550,0.024077,0.001321,0.030846,-0.012459,0.109321,-0.233686
0.909943,3,0.022931,0.000000,0.031550,0.023239,-0.000840,0.031128,-0.014403,-0.108840,-0.232178
0.912747,0,0.022996,0.000000,0.031730,0.022950,0.000800,0.031077,-0.018127,0.108800,-0.232638
0.912747,1,0.022996,0.000000,0.031730,0.024617,-0.001374,0.031307,-0.012707,-0.109374,-0.231779
0.912747,2,0.022996,0.000000,0.031730,0.024124,0.001327,0.031010,-0.012412,0.109327,-0.233521
0.912747,3,0.022996,0.000000,0.031730,0.023293,-0.000847,0.031298,-0.014349,-0.108847,-0.232007
0.915623,0,0.023063,0.000000,0.031915,0.023021,0.000792,0.031258,-0.018056,0.108792,-0.232458
0.915623,1,0.023063,0.000000,0.031915,0.024698,-0.001373,0.031502,-0.012627,-0.109373,-0.231584
0.915623,2,0.023063,0.000000,0.031915,0.024161,0.001326,0.031188,-0.012374,0.109326,-0.233344
0.915623,3,0.023063,0.000000,0.031915,0.023370,-0.000846,0.031486,-0.014272,-0.108846,-0.231819
0.918385,0,0.023127,0.000000,0.032092,0.023077,0.000791,0.031424,-0.018000,0.108791,-0.232291
0.918385,1,0.023127,0.000000,0.032092,0.024771,-0.001365,0.031674,-0.012553,-0.109365,-0.231412
0.918385,2,0.023127,0.000000,0.032092,0.024211,0.001332,0.031346,-0.012325,0.109332,-0.233185
0.918385,3,0.023127,0.000000,0.032092,0.023423,-0.000845,0.031653,-0.014219,-0.108845,-0.231652
0.921071,0,0.023190,0.000000,0.032266,0.023145,0.000805,0.031603,-0.017932,0.108805,-0.232113
0.921071,1,0.023190,0.000000,0.032266,0.024833,-0.001364,0.031845,-0.012492,-0.109364,-0.231241
0.921071,2,0.023190,0.000000,0.032266,0.024250,0.001324,0.031505,-0.012285,0.109324,-0.233027
0.921071,3,0.023190,0.000000,0.032266,0.023482,-0.000852,0.031830,-0.014161,-0.108852,-0.231475
0.924008,0,0.023258,0.000000,0.032455,0.023191,0.000790,0.031760,-0.017886,0.108790,-0.231956
0.924008,1,0.023258,0.000000,0.032455,0.024899,-0.001355,0.032018,-0.012426,-0.109355,-0.231068
0.924008,2,0.023258,0.000000,0.032455,0.024293,0.001324,0.031670,-0.012243,0.109324,-0.232862
0.924008,3,0.023258,0.000000,0.032455,0.023552,-0.000844,0.032025,-0.014090,-0.108844,-0.231280
0.927181,0,0.023331,0.000000,0.032661,0.023260,0.000790,0.031951,-0.017817,0.108790,-0.231765
0.927181,1,0.023331,0.000000,0.032661,0.024963,-0.001354,0.032192,-0.012362,-0.109354,-0.230895
0.927181,2,0.023331,0.000000,0.032661,0.024342,0.001330,0.031856,-0.012193,0.109330,-0.232675
0.927181,3,0.023331,0.000000,0.032661,0.023629,-0.000850,0.032235,-0.014013,-0.108850,-0.231070
0.930182,0,0.023401,0.000000,0.032856,0.023336,0.000789,0.032150,-0.017741,0.108789,-0.231565
0.930182,1,0.023401,0.000000,0.032856,0.025032,-0.001346,0.032377,-0.012293,-0.109346,-0.230709
0.930182,2,0.023401,0.000000,0.032856,0.024387,0.001322,0.032021,-0.012149,0.109322,-0.232511
0.930182,3,0.023401,0.000000,0.032856,0.023688,-0.000850,0.032428,-0.013954,-0.108850,-0.230878
0.933336,0,0.023474,0.000000,0.033061,0.023395,0.000788,0.032348,-0.017682,0.108788,-0.231367
0.933336,1,0.023474,0.000000,0.033061,0.025082,-0.001345,0.032561,-0.012243,-0.109345,-0.230525
0.933336,2,0.023474,0.000000,0.033061,0.024439,0.001320,0.032207,-0.012097,0.109320,-0.232324
0.933336,3,0.023474,0.000000,0.033061,0.023768,-0.000856,0.032641,-0.013874,-0.108856,-0.230664
0.936272,0,0.023541,0.000000,0.033252,0.023473,0.000788,0.032542,-0.017604,0.108788,-0.231174
0.936272,1,0.023541,0.000000,0.033252,0.025155,-0.001344,0.032757,-0.012170,-0.109344,-0.230329
0.936272,2,0.023541,0.000000,0.033252,0.024493,0.001326,0.032400,-0.012043,0.109326,-0.232131
0.936272,3,0.023541,0.000000,0.033252,0.023831,-0.000848,0.032827,-0.013811,-0.108848,-0.230478
0.939137,0,0.023608,0.000000,0.033439,0.023522,0.000780,0.032715,-0.017555,0.108780,-0.231001
0.939137,1,0.023608,0.000000,0.033439,0.025221,-0.001343,0.032924,-0.012104,-0.109343,-0.230162
0.939137,2,0.023608,0.000000,0.033439,0.024533,0.001325,0.032572,-0.012003,0.109325,-0.231960
0.939137,3,0.023608,0.000000,0.033439,0.023896,-0.000861,0.033017,-0.013746,-0.108861,-0.230289
0.942317,0,0.023681,0.000000,0.033647,0.023600,0.000786,0.032902,-0.017478,0.108786,-0.230813
0.942317,1,0.023681,0.000000,0.033647,0.025273,-0.001342,0.033102,-0.012052,-0.109342,-0.229985
0.942317,2,0.023681,0.000000,0.033647,0.024585,0.001331,0.032771,-0.011951,0.109331,-0.231760
0.942317,3,0.023681,0.000000,0.033647,0.023973,-0.000861,0.033214,-0.013669,-0.108861,-0.230091
0.945638,0,0.023758,0.000000,0.033865,0.023645,0.000786,0.033101,-0.017432,0.108786,-0.230614
0.945638,1,0.023758,0.000000,0.033865,0.025330,-0.001341,0.033295,-0.011995,-0.109341,-0.229791
0.945638,2,0.023758,0.000000,0.033865,0.024635,0.001330,0.032965,-0.011901,0.109330,-0.231567
0.945638,3,0.023758,0.000000,0.033865,0.024045,-0.000860,0.033416,-0.013597,-0.108860,-0.229889
0.948974,0,0.023834,0.000000,0.034085,0.023714,0.000792,0.033324,-0.017363,0.108792,-0.230391
0.948974,1,0.023834,0.000000,0.034085,0.025394,-0.001333,0.033503,-0.011931,-0.109333,-0.229583
0.948974,2,0.023834,0.000000,0.034085,0.024703,0.001329,0.033182,-0.011832,0.109329,-0.231349
0.948974,3,0.023834,0.000000,0.034085,0.024123,-0.000859,0.033624,-0.013520,-0.108859,-0.229682
0.952248,0,0.023910,0.000000,0.034300,0.023790,0.000791,0.033525,-0.017287,0.108791,-0.230191
0.952248,1,0.023910,0.000000,0.034300,0.025448,-0.001332,0.033694,-0.011876,-0.109332,-0.229392
0.952248,2,0.023910,0.000000,0.034300,0.024755,0.001335,0.033382,-0.011780,0.109335,-0.231150
0.952248,3,0.023910,0.000000,0.034300,0.024190,-0.000858,0.033819,-0.013452,-0.108858,-0.229486
0.955617,0,0.023987,0.000000,0.034523,0.023850,0.000784,0.033739,-0.017227,0.108784,-0.229977
0.955617,1,0.023987,0.000000,0.034523,0.025517,-0.001337,0.033906,-0.011808,-0.109337,-0.229180
0.955617,2,0.023987,0.000000,0.034523,0.024819,0.001327,0.033600,-0.011716,0.109327,-0.230932
0.955617,3,0.023987,0.000000,0.034523,0.024263,-0.000865,0.034034,-0.013380,-0.108865,-0.229272
0.958770,0,0.024059,0.000000,0.034731,0.023919,0.000797,0.033955,-0.017158,0.108797,-0.229760
0.958770,1,0.024059,0.000000,0.034731,0.025588,-0.001350,0.034105,-0.011737,-0.109350,-0.228981
0.958770,2,0.024059,0.000000,0.034731,0.024873,0.001347,0.033790,-0.011662,0.109347,-0.230741
0.958770,3,0.024059,0.000000,0.034731,0.024326,-0.000857,0.034229,-0.013317,-0.108857,-0.229076
0.962129,0,0.024137,0.000000,0.034954,0.023980,0.000796,0.034157,-0.017097,0.108796,-0.229559
0.962129,1,0.024137,0.000000,0.034954,0.025647,-0.001335,0.034314,-0.011678,-0.109335,-0.228772
0.962129,2,0.024137,0.000000,0.034954,0.024933,0.001338,0.034011,-0.011603,0.109338,-0.230520
0.962129,3,0.024137,0.000000,0.034954,0.024379,-0.000877,0.034445,-0.013263,-0.108877,-0.228860
0.965479,0,0.024213,0.000000,0.035177,0.024038,0.000802,0.034384,-0.017039,0.108802,-0.229331
0.965479,1,0.024213,0.000000,0.035177,0.025728,-0.001341,0.034551,-0.011597,-0.109341,-0.228535
0.965479,2,0.024213,0.000000,0.035177,0.024996,0.001337,0.034223,-0.011539,0.109337,-0.230308
0.965479,3,0.024213,0.000000,0.035177,0.024457,-0.000883,0.034666,-0.013186,-0.108883,-0.228639
0.968616,0,0.024285,0.000000,0.035386,0.024103,0.000801,0.034598,-0.016975,0.108801,-0.229117
0.968616,1,0.024285,0.000000,0.035386,0.025813,-0.001353,0.034778,-0.011512,-0.109353,-0.228308
0.968616,2,0.024285,0.000000,0.035386,0.025051,0.001336,0.034423,-0.011485,0.109336,-0.230109
0.968616,3,0.024285,0.000000,0.035386,0.024526,-0.000896,0.034862,-0.013116,-0.108896,-0.228443
0.971795,0,0.024358,0.000000,0.035598,0.024169,0.000801,0.034796,-0.016909,0.108801,-0.228919
0.971795,1,0.024358,0.000000,0.035598,0.025886,-0.001345,0.034990,-0.011439,-0.109345,-0.228096
0.971795,2,0.024358,0.000000,0.035598,0.025107,0.001342,0.034629,-0.011429,0.109342,-0.229902
0.971795,3,0.024358,0.000000,0.035598,0.024589,-0.000895,0.035071,-0.013053,-0.108895,-0.228234
0.974910,0,0.024429,0.000000,0.035807,0.024217,0.000800,0.035008,-0.016861,0.108800,-0.228707
0.974910,1,0.024429,0.000000,0.035807,0.025952,-0.001337,0.035193,-0.011373,-0.109337,-0.227893
0.974910,2,0.024429,0.000000,0.035807,0.025171,0.001354,0.034838,-0.011365,0.109354,-0.229693
0.974910,3,0.024429,0.000000,0.035807,0.024668,-0.000888,0.035260,-0.012974,-0.108888,-0.228045
0.978206,0,0.024504,0.000000,0.036028,0.024290,0.000806,0.035219,-0.016787,0.108806,-0.228497
0.978206,1,0.024504,0.000000,0.036028,0.026027,-0.001336,0.035411,-0.011297,-0.109336,-0.227675
0.978206,2,0.024504,0.000000,0.036028,0.025230,0.001339,0.035038,-0.011306,0.109339,-0.229494
0.978206,3,0.024504,0.000000,0.036028,0.024742,-0.000908,0.035485,-0.012900,-0.108908,-0.227820
0.981354,0,0.024576,0.000000,0.036239,0.024361,0.000819,0.035439,-0.016716,0.108819,-0.228276
0.981354,1,0.024576,0.000000,0.036239,0.026110,-0.001341,0.035651,-0.011215,-0.109341,-0.227435
0.981354,2,0.024576,0.000000,0.036239,0.025305,0.001345,0.035259,-0.011231,0.109345,-0.229273
0.981354,3,0.024576,0.000000,0.036239,0.024796,-0.000907,0.035672,-0.012847,-0.108907,-0.227633
0.985024,0,0.024660,0.000000,0.036486,0.024418,0.000812,0.035641,-0.016659,0.108812,-0.228074
0.985024,1,0.024660,0.000000,0.036486,0.026186,-0.001340,0.035870,-0.011139,-0.109340,-0.227216
0.985024,2,0.024660,0.000000,0.036486,0.025366,0.001344,0.035478,-0.011170,0.109344,-0.229054
0.985024,3,0.024660,0.000000,0.036486,0.024875,-0.000920,0.035919,-0.012767,-0.108920,-0.227386
0.988530,0,0.024740,0.000000,0.036723,0.024521,0.000811,0.035894,-0.016556,0.108811,-0.227821
0.988530,1,0.024740,0.000000,0.036723,0.026271,-0.001331,0.036126,-0.011054,-0.109331,-0.226960
0.988530,2,0.024740,0.000000,0.036723,0.025451,0.001335,0.035724,-0.011085,0.109335,-0.228808
0.988530,3,0.024740,0.000000,0.036723,0.024950,-0.000912,0.036130,-0.012692,-0.108912,-0.227175
0.991621,0,0.024810,0.000000,0.036932,0.024586,0.000817,0.036131,-0.016492,0.108817,-0.227584
0.991621,1,0.024810,0.000000,0.036932,0.026341,-0.001337,0.036342,-0.010983,-0.109337,-0.226744
0.991621,2,0.024810,0.000000,0.036932,0.025519,0.001334,0.035923,-0.011017,0.109334,-0.228608
0.991621,3,0.024810,0.000000,0.036932,0.025010,-0.000918,0.036330,-0.012632,-0.108918,-0.226975
0.994434,0,0.024874,0.000000,0.037122,0.024645,0.000816,0.036330,-0.016433,0.108816,-0.227385
0.994434,1,0.024874,0.000000,0.037122,0.026398,-0.001329,0.036533,-0.010927,-0.109329,-0.226553
0.994434,2,0.024874,0.000000,0.037122,0.025580,0.001340,0.036126,-0.010956,0.109340,-0.228405
0.994434,3,0.024874,0.000000,0.037122,0.025079,-0.000931,0.036517,-0.012563,-0.108931,-0.226788
0.997245,0,0.024938,0.000000,0.037313,0.024726,0.000822,0.036525,-0.016351,0.108822,-0.227191
0.997245,1,0.024938,0.000000,0.037313,0.026468,-0.001342,0.036723,-0.010857,-0.109342,-0.226363
0.997245,2,0.024938,0.000000,0.037313,0.025647,0.001332,0.036304,-0.010888,0.109332,-0.228228
0.997245,3,0.024938,0.000000,0.037313,0.025139,-0.000923,0.036702,-0.012504,-0.108923,-0.226604
0.999964,0,0.024999,0.000000,0.037498,0.024768,0.000815,0.036700,-0.016309,0.108815,-0.227016
0.999964,1,0.024999,0.000000,0.037498,0.026512,-0.001341,0.036902,-0.010813,-0.109341,-0.226184
0.999964,2,0.024999,0.000000,0.037498,0.025713,0.001338,0.036504,-0.010823,0.109338,-0.228028
0.999964,3,0.024999,0.000000,0.037498,0.025200,-0.000909,0.036866,-0.012442,-0.108909,-0.226439
1.002816,0,0.025064,0.000000,0.037692,0.024824,0.000814,0.036886,-0.016253,0.108814,-0.226829
1.002816,1,0.025064,0.000000,0.037692,0.026582,-0.001346,0.037090,-0.010743,-0.109346,-0.225996
1.002816,2,0.025064,0.000000,0.037692,0.025757,0.001330,0.036688,-0.010778,0.109330,-0.227843
1.002816,3,0.025064,0.000000,0.037692,0.025274,-0.000915,0.037066,-0.012368,-0.108915,-0.226239
1.005594,0,0.025127,0.000000,0.037881,0.024901,0.000820,0.037085,-0.016176,0.108820,-0.226631
1.005594,1,0.025127,0.000000,0.037881,0.026640,-0.001338,0.037275,-0.010684,-0.109338,-0.225812
1.005594,2,0.025127,0.000000,0.037881,0.025829,0.001329,0.036875,-0.010706,0.109329,-0.227656
1.005594,3,0.025127,0.000000,0.037881,0.025345,-0.000921,0.037253,-0.012297,-0.108921,-0.226052
1.008525,0,0.025193,0.000000,0.038081,0.024957,0.000826,0.037275,-0.016120,0.108826,-0.226441
1.008525,1,0.025193,0.000000,0.038081,0.026694,-0.001337,0.037466,-0.010631,-0.109337,-0.225620
1.008525,2,0.025193,0.000000,0.038081,0.025890,0.001334,0.037079,-0.010646,0.109334,-0.227453
1.008525,3,0.025193,0.000000,0.038081,0.025414,-0.000913,0.037449,-0.012228,-0.108913,-0.225856
1.011593,0,0.025262,0.000000,0.038291,0.025031,0.000819,0.037463,-0.016046,0.108819,-0.226252
1.011593,1,0.025262,0.000000,0.038291,0.026769,-0.001343,0.037669,-0.010556,-0.109343,-0.225417
1.011593,2,0.025262,0.000000,0.038291,0.025976,0.001326,0.037281,-0.010559,0.109326,-0.227250
1.011593,3,0.025262,0.000000,0.038291,0.025483,-0.000919,0.037653,-0.012159,-0.108919,-0.225653
1.014527,0,0.025329,0.000000,0.038492,0.025086,0.000825,0.037670,-0.015991,0.108825,-0.226046
1.014527,1,0.025329,0.000000,0.038492,0.026807,-0.001342,0.037858,-0.010518,-0.109342,-0.225228
1.014527,2,0.025329,0.000000,0.038492,0.026037,0.001325,0.037481,-0.010499,0.109325,-0.227050
1.014527,3,0.025329,0.000000,0.038492,0.025550,-0.000912,0.037846,-0.012092,-0.108912,-0.225459
1.017393,0,0.025393,0.000000,0.038689,0.025132,0.000824,0.037854,-0.015945,0.108824,-0.225861
1.017393,1,0.025393,0.000000,0.038689,0.026864,-0.001341,0.038028,-0.010460,-0.109341,-0.225059
1.017393,2,0.025393,0.000000,0.038689,0.026097,0.001331,0.037666,-0.010438,0.109331,-0.226865
1.017393,3,0.025393,0.000000,0.038689,0.025610,-0.000911,0.038024,-0.012033,-0.108911,-0.225281
1.020624,0,0.025466,0.000000,0.038911,0.025214,0.000817,0.038052,-0.015863,0.108817,-0.225663
1.020624,1,0.025466,0.000000,0.038911,0.026918,-0.001333,0.038225,-0.010406,-0.109333,-0.224861
1.020624,2,0.025466,0.000000,0.038911,0.026165,0.001323,0.037853,-0.010371,0.109323,-0.226678
1.020624,3,0.025466,0.000000,0.038911,0.025655,-0.000910,0.038213,-0.011987,-0.108910,-0.225092
1.023695,0,0.025535,0.000000,0.039123,0.025273,0.000823,0.038274,-0.015804,0.108823,-0.225441
1.023695,1,0.025535,0.000000,0.039123,0.026984,-0.001331,0.038442,-0.010341,-0.109331,-0.224644
1.023695,2,0.025535,0.000000,0.039123,0.026248,0.001328,0.038078,-0.010287,0.109328,-0.226453
1.023695,3,0.025535,0.000000,0.039123,0.025730,-0.000923,0.038445,-0.011913,-0.108923,-0.224860
1.026907,0,0.025608,0.000000,0.039345,0.025339,0.000808,0.038467,-0.015738,0.108808,-0.225249
1.026907,1,0.025608,0.000000,0.039345,0.027047,-0.001337,0.038640,-0.010278,-0.109337,-0.224446
1.026907,2,0.025608,0.000000,0.039345,0.026318,0.001334,0.038295,-0.010217,0.109334,-0.226237
1.026907,3,0.025608,0.000000,0.039345,0.025792,-0.000915,0.038652,-0.011850,-0.108915,-0.224654
1.029878,0,0.025674,0.000000,0.039550,0.025401,0.000814,0.038692,-0.015677,0.108814,-0.225023
1.029878,1,0.025674,0.000000,0.039550,0.027089,-0.001343,0.038839,-0.010236,-0.109343,-0.224247
1.029878,2,0.025674,0.000000,0.039550,0.026376,0.001326,0.038498,-0.010159,0.109326,-0.226033
1.029878,3,0.025674,0.000000,0.039550,0.025840,-0.000908,0.038831,-0.011802,-0.108908,-0.224475
1.033133,0,0.025747,0.000000,0.039776,0.025457,0.000821,0.038892,-0.015620,0.108821,-0.224823
1.033133,1,0.025747,0.000000,0.039776,0.027141,-0.001335,0.039034,-0.010184,-0.109335,-0.224052
1.033133,2,0.025747,0.000000,0.039776,0.026446,0.001325,0.038702,-0.010090,0.109325,-0.225830
1.033133,3,0.025747,0.000000,0.039776,0.025895,-0.000921,0.039029,-0.011747,-0.108921,-0.224277
1.036005,0,0.025812,0.000000,0.039975,0.025525,0.000820,0.039104,-0.015552,0.108820,-0.224611
1.036005,1,0.025812,0.000000,0.039975,0.027206,-0.001347,0.039238,-0.010119,-0.109347,-0.223848
1.036005,2,0.025812,0.000000,0.039975,0.026527,0.001330,0.038915,-0.010009,0.109330,-0.225617
1.036005,3,0.025812,0.000000,0.039975,0.025950,-0.000920,0.039211,-0.011693,-0.108920,-0.224095
1.038871,0,0.025876,0.000000,0.040174,0.025579,0.000819,0.039298,-0.015498,0.108819,-0.224417
1.038871,1,0.025876,0.000000,0.040174,0.027255,-0.001353,0.039437,-0.010070,-0.109353,-0.223649
1.038871,2,0.025876,0.000000,0.040174,0.026594,0.001322,0.039121,-0.009941,0.109322,-0.225410
1.038871,3,0.025876,0.000000,0.040174,0.026000,-0.000926,0.039390,-0.011643,-0.108926,-0.223915
1.041664,0,0.025939,0.000000,0.040369,0.025646,0.000825,0.039495,-0.015431,0.108825,-0.224221
1.041664,1,0.025939,0.000000,0.040369,0.027320,-0.001345,0.039631,-0.010005,-0.109345,-0.223455
1.041664,2,0.025939,0.000000,0.040369,0.026675,0.001328,0.039325,-0.009860,0.109328,-0.225207
1.041664,3,0.025939,0.000000,0.040369,0.026047,-0.000939,0.039569,-0.011595,-0.108939,-0.223736
1.044982,0,0.026013,0.000000,0.040600,0.025695,0.000831,0.039695,-0.015382,0.108831,-0.224020
1.044982,1,0.026013,0.000000,0.040600,0.027388,-0.001350,0.039855,-0.009937,-0.109350,-0.223231
1.044982,2,0.026013,0.000000,0.040600,0.026750,0.001320,0.039560,-0.009786,0.109320,-0.224971
1.044982,3,0.026013,0.000000,0.040600,0.026121,-0.000931,0.039773,-0.011522,-0.108931,-0.223532
1.048522,0,0.026092,0.000000,0.040847,0.025794,0.000824,0.039934,-0.015283,0.108824,-0.223781
1.048522,1,0.026092,0.000000,0.040847,0.027487,-0.001349,0.040099,-0.009837,-0.109349,-0.222987
1.048522,2,0.026092,0.000000,0.040847,0.026829,0.001325,0.039808,-0.009707,0.109325,-0.224723
1.048522,3,0.026092,0.000000,0.040847,0.026188,-0.000944,0.040006,-0.011455,-0.108944,-0.223300
1.051378,0,0.026156,0.000000,0.041047,0.025826,0.000830,0.040149,-0.015251,0.108830,-0.223566
1.051378,1,0.026156,0.000000,0.041047,0.027553,-0.001341,0.040313,-0.009772,-0.109341,-0.222773
1.051378,2,0.026156,0.000000,0.041047,0.026912,0.001331,0.040015,-0.009624,0.109331,-0.224517
1.051378,3,0.026156,0.000000,0.041047,0.026249,-0.000950,0.040191,-0.011393,-0.108950,-0.223114
1.054680,0,0.026229,0.000000,0.041279,0.025891,0.000829,0.040339,-0.015187,0.108829,-0.223376
1.054680,1,0.026229,0.000000,0.041279,0.027638,-0.001353,0.040536,-0.009687,-0.109353,-0.222550
1.054680,2,0.026229,0.000000,0.041279,0.026990,0.001323,0.040237,-0.009545,0.109323,-0.224294
1.054680,3,0.026229,0.000000,0.041279,0.026313,-0.000942,0.040401,-0.011329,-0.108942,-0.222904
1.057954,0,0.026302,0.000000,0.041509,0.025948,0.000828,0.040565,-0.015129,0.108828,-0.223150
1.057954,1,0.026302,0.000000,0.041509,0.027719,-0.001345,0.040772,-0.009605,-0.109345,-0.222314
1.057954,2,0.026302,0.000000,0.041509,0.027065,0.001328,0.040470,-0.009471,0.109328,-0.224061
1.057954,3,0.026302,0.000000,0.041509,0.026371,-0.000941,0.040615,-0.011271,-0.108941,-0.222690
1.061131,0,0.026373,0.000000,0.041732,0.026023,0.000834,0.040800,-0.015054,0.108834,-0.222916
1.061131,1,0.026373,0.000000,0.041732,0.027812,-0.001337,0.041004,-0.009513,-0.109337,-0.222082
1.061131,2,0.026373,0.000000,0.041732,0.027138,0.001327,0.040690,-0.009397,0.109327,-0.223841
1.061131,3,0.026373,0.000000,0.041732,0.026437,-0.000947,0.040826,-0.011205,-0.108947,-0.222479
1.064554,0,0.026449,0.000000,0.041973,0.026087,0.000833,0.041016,-0.014990,0.108833,-0.222699
1.064554,1,0.026449,0.000000,0.041973,0.027895,-0.001342,0.041231,-0.009430,-0.109342,-0.221856
1.064554,2,0.026449,0.000000,0.041973,0.027230,0.001312,0.040909,-0.009305,0.109312,-0.223623
1.064554,3,0.026449,0.000000,0.041973,0.026529,-0.000933,0.041051,-0.011113,-0.108933,-0.222254
1.068139,0,0.026529,0.000000,0.042226,0.026152,0.000846,0.041268,-0.014926,0.108846,-0.222448
1.068139,1,0.026529,0.000000,0.042226,0.027988,-0.001340,0.041485,-0.009337,-0.109340,-0.221601
1.068139,2,0.026529,0.000000,0.042226,0.027325,0.001324,0.041173,-0.009210,0.109324,-0.223358
1.068139,3,0.026529,0.000000,0.042226,0.026622,-0.000932,0.041302,-0.011021,-0.108932,-0.222003
1.071320,0,0.026599,0.000000,0.042451,0.026225,0.000845,0.041515,-0.014852,0.108845,-0.222200
1.071320,1,0.026599,0.000000,0.042451,0.028071,-0.001339,0.041709,-0.009254,-0.109339,-0.221377
1.071320,2,0.026599,0.000000,0.042451,0.027420,0.001322,0.041412,-0.009116,0.109322,-0.223120
1.071320,3,0.026599,0.000000,0.042451,0.026672,-0.000944,0.041514,-0.010970,-0.108944,-0.221791
1.074730,0,0.026675,0.000000,0.042693,0.026294,0.000851,0.041741,-0.014783,0.108851,-0.221975
1.074730,1,0.026675,0.000000,0.042693,0.028149,-0.001344,0.041948,-0.009175,-0.109344,-0.221138
1.074730,2,0.026675,0.000000,0.042693,0.027507,0.001321,0.041660,-0.009029,0.109321,-0.222872
1.074730,3,0.026675,0.000000,0.042693,0.026761,-0.000943,0.041752,-0.010881,-0.108943,-0.221553
1.077832,0,0.026743,0.000000,0.042913,0.026367,0.000856,0.041982,-0.014710,0.108856,-0.221733
1.077832,1,0.026743,0.000000,0.042913,0.028221,-0.001343,0.042157,-0.009104,-0.109343,-0.220930
1.077832,2,0.026743,0.000000,0.042913,0.027594,0.001320,0.041880,-0.008941,0.109320,-0.222652
1.077832,3,0.026743,0.000000,0.042913,0.026819,-0.000949,0.041960,-0.010824,-0.108949,-0.221345
1.080991,0,0.026813,0.000000,0.043137,0.026426,0.000862,0.042206,-0.014651,0.108862,-0.221510
1.080991,1,0.026813,0.000000,0.043137,0.028299,-0.001348,0.042368,-0.009026,-0.109348,-0.220718
1.080991,2,0.026813,0.000000,0.043137,0.027686,0.001325,0.042119,-0.008850,0.109325,-0.222413
1.080991,3,0.026813,0.000000,0.043137,0.026899,-0.000948,0.042187,-0.010744,-0.108948,-0.221118
1.083959,0,0.026879,0.000000,0.043348,0.026480,0.000868,0.042423,-0.014597,0.108868,-0.221293
1.083959,1,0.026879,0.000000,0.043348,0.028365,-0.001347,0.042570,-0.008960,-0.109347,-0.220517
1.083959,2,0.026879,0.000000,0.043348,0.027768,0.001317,0.042329,-0.008767,0.109317,-0.222202
1.083959,3,0.026879,0.000000,0.043348,0.026942,-0.000961,0.042390,-0.010700,-0.108961,-0.220916
1.087126,0,0.026949,0.000000,0.043574,0.026529,0.000874,0.042624,-0.014548,0.108874,-0.221091
1.087126,1,0.026949,0.000000,0.043574,0.028441,-0.001353,0.042768,-0.008884,-0.109353,-0.220318
1.087126,2,0.026949,0.000000,0.043574,0.027864,0.001322,0.042555,-0.008672,0.109322,-0.221976
1.087126,3,0.026949,0.000000,0.043574,0.027031,-0.000946,0.042612,-0.010611,-0.108946,-0.220693
1.090249,0,0.027018,0.000000,0.043797,0.026593,0.000880,0.042844,-0.014484,0.108880,-0.220871
1.090249,1,0.027018,0.000000,0.043797,0.028512,-0.001358,0.042989,-0.008813,-0.109358,-0.220097
1.090249,2,0.027018,0.000000,0.043797,0.027937,0.001321,0.042767,-0.008598,0.109321,-0.221765
1.090249,3,0.027018,0.000000,0.043797,0.027095,-0.000945,0.042836,-0.010547,-0.108945,-0.220469
1.093385,0,0.027087,0.000000,0.044021,0.026643,0.000892,0.043069,-0.014434,0.108892,-0.220647
1.093385,1,0.027087,0.000000,0.044021,0.028583,-0.001350,0.043204,-0.008742,-0.109350,-0.219882
1.093385,2,0.027087,0.000000,0.044021,0.028015,0.001327,0.042987,-0.008521,0.109327,-0.221544
1.093385,3,0.027087,0.000000,0.044021,0.027157,-0.000944,0.043057,-0.010485,-0.108944,-0.220248
1.096302,0,0.027151,0.000000,0.044230,0.026704,0.000898,0.043286,-0.014373,0.108898,-0.220430
1.096302,1,0.027151,0.000000,0.044230,0.028659,-0.001355,0.043432,-0.008666,-0.109355,-0.219655
1.096302,2,0.027151,0.000000,0.044230,0.028099,0.001332,0.043217,-0.008436,0.109332,-0.221314
1.096302,3,0.027151,0.000000,0.044230,0.027214,-0.000950,0.043276,-0.010428,-0.108950,-0.220030
1.099122,0,0.027213,0.000000,0.044432,0.026755,0.000904,0.043481,-0.014322,0.108904,-0.220234
1.099122,1,0.027213,0.000000,0.044432,0.028716,-0.001354,0.043621,-0.008609,-0.109354,-0.219465
1.099122,2,0.027213,0.000000,0.044432,0.028174,0.001337,0.043426,-0.008361,0.109337,-0.221106
1.099122,3,0.027213,0.000000,0.044432,0.027278,-0.000956,0.043484,-0.010364,-0.108956,-0.219821
1.101984,0,0.027276,0.000000,0.044637,0.026808,0.000903,0.043676,-0.014269,0.108903,-0.220039
1.101984,1,0.027276,0.000000,0.044637,0.028778,-0.001353,0.043818,-0.008547,-0.109353,-0.219269
1.101984,2,0.027276,0.000000,0.044637,0.028231,0.001330,0.043612,-0.008305,0.109330,-0.220920
1.101984,3,0.027276,0.000000,0.044637,0.027339,-0.000962,0.043699,-0.010303,-0.108962,-0.219606
1.104871,0,0.027339,0.000000,0.044845,0.026867,0.000909,0.043890,-0.014210,0.108909,-0.219825
1.104871,1,0.027339,0.000000,0.044845,0.028839,-0.001358,0.044017,-0.008485,-0.109358,-0.219069
1.104871,2,0.027339,0.000000,0.044845,0.028304,0.001328,0.043833,-0.008232,0.109328,-0.220699
1.104871,3,0.027339,0.000000,0.044845,0.027397,-0.000961,0.043914,-0.010246,-0.108961,-0.219391
1.107664,0,0.027400,0.000000,0.045046,0.026927,0.000908,0.044085,-0.014150,0.108908,-0.219630
1.107664,1,0.027400,0.000000,0.045046,0.028908,-0.001364,0.044226,-0.008417,-0.109364,-0.218860
1.107664,2,0.027400,0.000000,0.045046,0.028379,0.001334,0.044041,-0.008157,0.109334,-0.220490
1.107664,3,0.027400,0.000000,0.045046,0.027460,-0.000966,0.044123,-0.010182,-0.108966,-0.219182
1.110618,0,0.027465,0.000000,0.045258,0.026976,0.000907,0.044284,-0.014101,0.108907,-0.219431
1.110618,1,0.027465,0.000000,0.045258,0.028978,-0.001363,0.044425,-0.008346,-0.109363,-0.218661
1.110618,2,0.027465,0.000000,0.045258,0.028454,0.001339,0.044269,-0.008082,0.109339,-0.220263
1.110618,3,0.027465,0.000000,0.045258,0.027515,-0.000965,0.044335,-0.010127,-0.108965,-0.218970
1.113946,0,0.027537,0.000000,0.045499,0.027052,0.000907,0.044491,-0.014025,0.108907,-0.219225
1.113946,1,0.027537,0.000000,0.045499,0.029045,-0.001361,0.044628,-0.008280,-0.109361,-0.218458
1.113946,2,0.027537,0.000000,0.045499,0.028527,0.001338,0.044500,-0.008009,0.109338,-0.220032
1.113946,3,0.027537,0.000000,0.045499,0.027577,-0.000978,0.044592,-0.010065,-0.108978,-0.218713
1.117040,0,0.027605,0.000000,0.045722,0.027129,0.000912,0.044739,-0.013948,0.108912,-0.218976
1.117040,1,0.027605,0.000000,0.045722,0.029136,-0.001360,0.044874,-0.008189,-0.109360,-0.218212
1.117040,2,0.027605,0.000000,0.045722,0.028614,0.001336,0.044759,-0.007922,0.109336,-0.219772
1.117040,3,0.027605,0.000000,0.045722,0.027616,-0.000990,0.044808,-0.010026,-0.108990,-0.218497
1.119803,0,0.027665,0.000000,0.045922,0.027179,0.000918,0.044951,-0.013898,0.108918,-0.218764
1.119803,1,0.027665,0.000000,0.045922,0.029193,-0.001352,0.045071,-0.008132,-0.109352,-0.218015
1.119803,2,0.027665,0.000000,0.045922,0.028689,0.001328,0.044971,-0.007847,0.109328,-0.219561
1.119803,3,0.027665,0.000000,0.045922,0.027671,-0.000982,0.045008,-0.009971,-0.108982,-0.218297
1.122709,0,0.027729,0.000000,0.046133,0.027252,0.000917,0.045155,-0.013825,0.108917,-0.218560
1.122709,1,0.027729,0.000000,0.046133,0.029272,-0.001357,0.045286,-0.008052,-0.109357,-0.217800
1.122709,2,0.027729,0.000000,0.046133,0.028736,0.001333,0.045180,-0.007799,0.109333,-0.219351
1.122709,3,0.027729,0.000000,0.046133,0.027732,-0.000988,0.045223,-0.009910,-0.108988,-0.218082
1.126206,0,0.027805,0.000000,0.046386,0.027324,0.000910,0.045362,-0.013753,0.108910,-0.218353
1.126206,1,0.027805,0.000000,0.046386,0.029354,-0.001356,0.045511,-0.007971,-0.109356,-0.217575
1.126206,2,0.027805,0.000000,0.046386,0.028825,0.001332,0.045434,-0.007711,0.109332,-0.219098
1.126206,3,0.027805,0.000000,0.046386,0.027776,-0.000994,0.045462,-0.009866,-0.108994,-0.217843
1.129695,0,0.027881,0.000000,0.046640,0.027411,0.000922,0.045636,-0.013666,0.108922,-0.218079
1.129695,1,0.027881,0.000000,0.046640,0.029457,-0.001341,0.045777,-0.007868,-0.109341,-0.217309
1.129695,2,0.027881,0.000000,0.046640,0.028891,0.001330,0.045694,-0.007644,0.109330,-0.218838
1.129695,3,0.027881,0.000000,0.046640,0.027850,-0.000999,0.045722,-0.009792,-0.108999,-0.217583
1.133346,0,0.027960,0.000000,0.046905,0.027487,0.000914,0.045876,-0.013591,0.108914,-0.217840
1.133346,1,0.027960,0.000000,0.046905,0.029530,-0.001346,0.046031,-0.007795,-0.109346,-0.217055
1.133346,2,0.027960,0.000000,0.046905,0.028969,0.001335,0.045954,-0.007567,0.109335,-0.218578
1.133346,3,0.027960,0.000000,0.046905,0.027919,-0.001004,0.045995,-0.009723,-0.109004,-0.217310
1.136271,0,0.028023,0.000000,0.047119,0.027569,0.000913,0.046127,-0.013508,0.108913,-0.217588
1.136271,1,0.028023,0.000000,0.047119,0.029623,-0.001338,0.046268,-0.007702,-0.109338,-0.216818
1.136271,2,0.028023,0.000000,0.047119,0.029028,0.001341,0.046199,-0.007507,0.109341,-0.218333
1.136271,3,0.028023,0.000000,0.047119,0.027986,-0.001003,0.046223,-0.009657,-0.109003,-0.217082
1.139115,0,0.028085,0.000000,0.047326,0.027633,0.000899,0.046322,-0.013444,0.108899,-0.217393
1.139115,1,0.028085,0.000000,0.047326,0.029702,-0.001330,0.046477,-0.007623,-0.109330,-0.216609
1.139115,2,0.028085,0.000000,0.047326,0.029085,0.001333,0.046405,-0.007451,0.109333,-0.218126
1.139115,3,0.028085,0.000000,0.047326,0.028020,-0.001022,0.046437,-0.009622,-0.109022,-0.216868
1.142308,0,0.028154,0.000000,0.047559,0.027698,0.000911,0.046540,-0.013379,0.108911,-0.217175
1.142308,1,0.028154,0.000000,0.047559,0.029781,-0.001322,0.046696,-0.007544,-0.109322,-0.216390
1.142308,2,0.028154,0.000000,0.047559,0.029153,0.001338,0.046644,-0.007383,0.109338,-0.217888
1.142308,3,0.028154,0.000000,0.047559,0.028095,-0.001014,0.046684,-0.009547,-0.109014,-0.216621
1.145190,0,0.028216,0.000000,0.047770,0.027774,0.000904,0.046764,-0.013303,0.108904,-0.216952
1.145190,1,0.028216,0.000000,0.047770,0.029855,-0.001321,0.046902,-0.007469,-0.109321,-0.216184
1.145190,2,0.028216,0.000000,0.047770,0.029216,0.001337,0.046863,-0.007319,0.109337,-0.217669
1.145190,3,0.028216,0.000000,0.047770,0.028159,-0.001026,0.046907,-0.009483,-0.109026,-0.216398
1.148159,0,0.028281,0.000000,0.047987,0.027848,0.000903,0.046978,-0.013229,0.108903,-0.216738
1.148159,1,0.028281,0.000000,0.047987,0.029938,-0.001320,0.047112,-0.007386,-0.109320,-0.215975
1.148159,2,0.028281,0.000000,0.047987,0.029284,0.001348,0.047095,-0.007251,0.109348,-0.217437
1.148159,3,0.028281,0.000000,0.047987,0.028229,-0.001019,0.047129,-0.009413,-0.109019,-0.216177
1.151296,0,0.028348,0.000000,0.048217,0.027923,0.000902,0.047185,-0.013154,0.108902,-0.216530
1.151296,1,0.028348,0.000000,0.048217,0.030026,-0.001312,0.047324,-0.007299,-0.109312,-0.215762
1.151296,2,0.028348,0.000000,0.048217,0.029361,0.001347,0.047333,-0.007175,0.109347,-0.217199
1.151296,3,0.028348,0.000000,0.048217,0.028304,-0.001018,0.047379,-0.009338,-0.109018,-0.215926
1.154404,0,0.028415,0.000000,0.048446,0.027997,0.000901,0.047409,-0.013080,0.108901,-0.216306
1.154404,1,0.028415,0.000000,0.048446,0.030094,-0.001310,0.047531,-0.007231,-0.109310,-0.215556
1.154404,2,0.028415,0.000000,0.048446,0.029440,0.001345,0.047574,-0.007096,0.109345,-0.216957
1.154404,3,0.028415,0.000000,0.048446,0.028381,-0.001030,0.047611,-0.009261,-0.109030,-0.215694
1.157243,0,0.028476,0.000000,0.048654,0.028076,0.000900,0.047630,-0.013002,0.108900,-0.216086
1.157243,1,0.028476,0.000000,0.048654,0.030161,-0.001316,0.047731,-0.007164,-0.109316,-0.215355
1.157243,2,0.028476,0.000000,0.048654,0.029503,0.001344,0.047794,-0.007033,0.109344,-0.216738
1.157243,3,0.028476,0.000000,0.048654,0.028433,-0.001022,0.047818,-0.009209,-0.109022,-0.215488
1.160091,0,0.028538,0.000000,0.048864,0.028140,0.000906,0.047845,-0.012937,0.108906,-0.215871
1.160091,1,0.028538,0.000000,0.048864,0.030230,-0.001308,0.047909,-0.007095,-0.109308,-0.215177
1.160091,2,0.028538,0.000000,0.048864,0.029577,0.001343,0.048010,-0.006959,0.109343,-0.216522
1.160091,3,0.028538,0.000000,0.048864,0.028485,-0.001034,0.048025,-0.009157,-0.109034,-0.215280
1.163234,0,0.028605,0.000000,0.049095,0.028215,0.000898,0.048049,-0.012862,0.108898,-0.215666
1.163234,1,0.028605,0.000000,0.049095,0.030295,-0.001320,0.048129,-0.007029,-0.109320,-0.214957
1.163234,2,0.028605,0.000000,0.049095,0.029640,0.001348,0.048223,-0.006896,0.109348,-0.216308
1.163234,3,0.028605,0.000000,0.049095,0.028550,-0.001033,0.048244,-0.009092,-0.109033,-0.215061
1.166853,0,0.028683,0.000000,0.049362,0.028301,0.000897,0.048299,-0.012776,0.108897,-0.215417
1.166853,1,0.028683,0.000000,0.049362,0.030392,-0.001312,0.048383,-0.006933,-0.109312,-0.214703
1.166853,2,0.028683,0.000000,0.049362,0.029717,0.001346,0.048481,-0.006819,0.109346,-0.216051
1.166853,3,0.028683,0.000000,0.049362,0.028621,-0.001025,0.048495,-0.009021,-0.109025,-0.214810
1.170108,0,0.028753,0.000000,0.049603,0.028392,0.000903,0.048567,-0.012685,0.108903,-0.215149
1.170108,1,0.028753,0.000000,0.049603,0.030471,-0.001310,0.048615,-0.006854,-0.109310,-0.214471
1.170108,2,0.028753,0.000000,0.049603,0.029796,0.001345,0.048732,-0.006740,0.109345,-0.215799
1.170108,3,0.028753,0.000000,0.049603,0.028685,-0.001044,0.048741,-0.008957,-0.109044,-0.214564
1.173535,0,0.028826,0.000000,0.049856,0.028464,0.000902,0.048808,-0.012613,0.108902,-0.214908
1.173535,1,0.028826,0.000000,0.049856,0.030536,-0.001296,0.048832,-0.006789,-0.109296,-0.214254
1.173535,2,0.028826,0.000000,0.049856,0.029857,0.001337,0.048965,-0.006679,0.109337,-0.215567
1.173535,3,0.028826,0.000000,0.049856,0.028748,-0.001043,0.048967,-0.008894,-0.109043,-0.214338
1.177045,0,0.028901,0.000000,0.050116,0.028559,0.000894,0.049057,-0.012518,0.108894,-0.214659
1.177045,1,0.028901,0.000000,0.050116,0.030635,-0.001301,0.049106,-0.006690,-0.109301,-0.213980
1.177045,2,0.028901,0.000000,0.050116,0.029949,0.001348,0.049242,-0.006587,0.109348,-0.215289
1.177045,3,0.028901,0.000000,0.050116,0.028821,-0.001048,0.049228,-0.008821,-0.109048,-0.214077
1.180462,0,0.028974,0.000000,0.050369,0.028654,0.000900,0.049322,-0.012423,0.108900,-0.214394
1.180462,1,0.028974,0.000000,0.050369,0.030729,-0.001306,0.049364,-0.006596,-0.109306,-0.213722
1.180462,2,0.028974,0.000000,0.050369,0.030037,0.001346,0.049506,-0.006499,0.109346,-0.215025
1.180462,3,0.028974,0.000000,0.050369,0.028900,-0.001047,0.049476,-0.008742,-0.109047,-0.213829
1.183628,0,0.029041,0.000000,0.050604,0.028740,0.000892,0.049578,-0.012337,0.108892,-0.214138
1.183628,1,0.029041,0.000000,0.050604,0.030826,-0.001291,0.049625,-0.006499,-0.109291,-0.213461
1.183628,2,0.029041,0.000000,0.050604,0.030100,0.001351,0.049768,-0.006436,0.109351,-0.214763
1.183628,3,0.029041,0.000000,0.050604,0.028961,-0.001046,0.049709,-0.008681,-0.109046,-0.213596
1.187013,0,0.029114,0.000000,0.050856,0.028815,0.000898,0.049809,-0.012262,0.108898,-0.213907
1.187013,1,0.029114,0.000000,0.050856,0.030902,-0.001296,0.049858,-0.006423,-0.109296,-0.213228
1.187013,2,0.029114,0.000000,0.050856,0.030174,0.001350,0.050004,-0.006362,0.109350,-0.214527
1.187013,3,0.029114,0.000000,0.050856,0.029043,-0.001064,0.049970,-0.008599,-0.109064,-0.213335
1.189886,0,0.029175,0.000000,0.051070,0.028899,0.000890,0.050052,-0.012179,0.108890,-0.213663
1.189886,1,0.029175,0.000000,0.051070,0.030989,-0.001295,0.050104,-0.006336,-0.109295,-0.212982
1.189886,2,0.029175,0.000000,0.051070,0.030257,0.001348,0.050253,-0.006279,0.109348,-0.214278
1.189886,3,0.029175,0.000000,0.051070,0.029112,-0.001069,0.050200,-0.008530,-0.109069,-0.213106
1.192828,0,0.029237,0.000000,0.051289,0.028965,0.000902,0.050275,-0.012112,0.108902,-0.213441
1.192828,1,0.029237,0.000000,0.051289,0.031065,-0.001287,0.050321,-0.006260,-0.109287,-0.212765
1.192828,2,0.029237,0.000000,0.051289,0.030317,0.001347,0.050480,-0.006219,0.109347,-0.214052
1.192828,3,0.029237,0.000000,0.051289,0.029173,-0.001081,0.050430,-0.008469,-0.109081,-0.212876
1.195627,0,0.029297,0.000000,0.051497,0.029042,0.000901,0.050496,-0.012035,0.108901,-0.213220
1.195627,1,0.029297,0.000000,0.051497,0.031140,-0.001292,0.050554,-0.006184,-0.109292,-0.212532
1.195627,2,0.029297,0.000000,0.051497,0.030393,0.001352,0.050703,-0.006143,0.109352,-0.213828
1.195627,3,0.029297,0.000000,0.051497,0.029227,-0.001086,0.050637,-0.008415,-0.109086,-0.212668
1.198490,0,0.029357,0.000000,0.051711,0.029113,0.000900,0.050708,-0.011964,0.108900,-0.213007
1.198490,1,0.029357,0.000000,0.051711,0.031205,-0.001291,0.050768,-0.006120,-0.109291,-0.212318
1.198490,2,0.029357,0.000000,0.051711,0.030453,0.001344,0.050927,-0.006083,0.109344,-0.213605
1.198490,3,0.029357,0.000000,0.051711,0.029305,-0.001091,0.050860,-0.008337,-0.109091,-0.212445
1.201245,0,0.029416,0.000000,0.051917,0.029192,0.000893,0.050920,-0.011885,0.108893,-0.212796
1.201245,1,0.029416,0.000000,0.051917,0.031287,-0.001277,0.050982,-0.006038,-0.109277,-0.212104
1.201245,2,0.029416,0.000000,0.051917,0.030517,0.001336,0.051128,-0.006018,0.109336,-0.213404
1.201245,3,0.029416,0.000000,0.051917,0.029367,-0.001090,0.051067,-0.008275,-0.109090,-0.212238
1.204159,0,0.029477,0.000000,0.052135,0.029265,0.000905,0.051142,-0.011812,0.108905,-0.212573
1.204159,1,0.029477,0.000000,0.052135,0.031356,-0.001282,0.051206,-0.005969,-0.109282,-0.211880
1.204159,2,0.029477,0.000000,0.052135,0.030591,0.001341,0.051348,-0.005945,0.109341,-0.213183
1.204159,3,0.029477,0.000000,0.052135,0.029438,-0.001109,0.051297,-0.008204,-0.109109,-0.212008
1.207554,0,0.029549,0.000000,0.052389,0.029346,0.000898,0.051357,-0.011731,0.108898,-0.212358
1.207554,1,0.029549,0.000000,0.052389,0.031438,-0.001280,0.051426,-0.005887,-0.109280,-0.211660
1.207554,2,0.029549,0.000000,0.052389,0.030653,0.001340,0.051569,-0.005883,0.109340,-0.212962
1.207554,3,0.029549,0.000000,0.052389,0.029548,-0.001107,0.051571,-0.008094,-0.109107,-0.211734
1.210621,0,0.029614,0.000000,0.052618,0.029441,0.000896,0.051630,-0.011636,0.108896,-0.212086
1.210621,1,0.029614,0.000000,0.052618,0.031523,-0.001272,0.051695,-0.005802,-0.109272,-0.211391
1.210621,2,0.029614,0.000000,0.052618,0.030729,0.001345,0.051822,-0.005807,0.109345,-0.212710
1.210621,3,0.029614,0.000000,0.052618,0.029622,-0.001112,0.051817,-0.008020,-0.109112,-0.211488
1.213741,0,0.029680,0.000000,0.052852,0.029511,0.000896,0.051842,-0.011566,0.108896,-0.211873
1.213741,1,0.029680,0.000000,0.052852,0.031598,-0.001290,0.051926,-0.005727,-0.109290,-0.211160
1.213741,2,0.029680,0.000000,0.052852,0.030789,0.001337,0.052036,-0.005747,0.109337,-0.212495
1.213741,3,0.029680,0.000000,0.052852,0.029722,-0.001117,0.052071,-0.007920,-0.109117,-0.211234
1.217341,0,0.029755,0.000000,0.053123,0.029605,0.000894,0.052105,-0.011472,0.108894,-0.211610
1.217341,1,0.029755,0.000000,0.053123,0.031682,-0.001276,0.052172,-0.005642,-0.109276,-0.210914
1.217341,2,0.029755,0.000000,0.053123,0.030862,0.001342,0.052286,-0.005673,0.109342,-0.212246
1.217341,3,0.029755,0.000000,0.053123,0.029823,-0.001116,0.052352,-0.007820,-0.109116,-0.210953
1.220732,0,0.029827,0.000000,0.053378,0.029679,0.000893,0.052350,-0.011398,0.108893,-0.211365
1.220732,1,0.029827,0.000000,0.053378,0.031756,-0.001274,0.052419,-0.005569,-0.109274,-0.210667
1.220732,2,0.029827,0.000000,0.053378,0.030940,0.001340,0.052539,-0.005596,0.109340,-0.211993
1.220732,3,0.029827,0.000000,0.053378,0.029912,-0.001121,0.052620,-0.007730,-0.109121,-0.210685
1.223894,0,0.029893,0.000000,0.053616,0.029770,0.000899,0.052614,-0.011307,0.108899,-0.211102
1.223894,1,0.029893,0.000000,0.053616,0.031829,-0.001273,0.052666,-0.005495,-0.109273,-0.210420
1.223894,2,0.029893,0.000000,0.053616,0.031020,0.001339,0.052775,-0.005516,0.109339,-0.211756
1.223894,3,0.029893,0.000000,0.053616,0.029992,-0.001126,0.052857,-0.007650,-0.109126,-0.210448
1.227637,0,0.029972,0.000000,0.053898,0.029853,0.000898,0.052871,-0.011224,0.108898,-0.210844
1.227637,1,0.029972,0.000000,0.053898,0.031898,-0.001265,0.052903,-0.005426,-0.109265,-0.210183
1.227637,2,0.029972,0.000000,0.053898,0.031121,0.001331,0.053050,-0.005414,0.109331,-0.211481
1.227637,3,0.029972,0.000000,0.053898,0.030106,-0.001143,0.053176,-0.007536,-0.109143,-0.210129
1.231391,0,0.030050,0.000000,0.054181,0.029946,0.000896,0.053161,-0.011131,0.108896,-0.210555
1.231391,1,0.030050,0.000000,0.054181,0.031998,-0.001270,0.053202,-0.005327,-0.109270,-0.209884
1.231391,2,0.030050,0.000000,0.054181,0.031228,0.001329,0.053345,-0.005308,0.109329,-0.211187
1.231391,3,0.030050,0.000000,0.054181,0.030198,-0.001148,0.053458,-0.007445,-0.109148,-0.209847
1.234445,0,0.030114,0.000000,0.054411,0.030040,0.000895,0.053434,-0.011037,0.108895,-0.210281
1.234445,1,0.030114,0.000000,0.054411,0.032087,-0.001268,0.053471,-0.005238,-0.109268,-0.209615
1.234445,2,0.030114,0.000000,0.054411,0.031318,0.001334,0.053591,-0.005218,0.109334,-0.210940
1.234445,3,0.030114,0.000000,0.054411,0.030268,-0.001147,0.053678,-0.007374,-0.109147,-0.209627
1.237697,0,0.030182,0.000000,0.054657,0.030117,0.000888,0.053673,-0.010960,0.108888,-0.210043
1.237697,1,0.030182,0.000000,0.054657,0.032149,-0.001279,0.053699,-0.005176,-0.109279,-0.209387
1.237697,2,0.030182,0.000000,0.054657,0.031414,0.001332,0.053854,-0.005121,0.109332,-0.210678
1.237697,3,0.030182,0.000000,0.054657,0.030352,-0.001158,0.053925,-0.007290,-0.109158,-0.209380
1.240638,0,0.030243,0.000000,0.054879,0.030195,0.000893,0.053928,-0.010882,0.108893,-0.209788
1.240638,1,0.030243,0.000000,0.054879,0.032226,-0.001284,0.053937,-0.005099,-0.109284,-0.209149
1.240638,2,0.030243,0.000000,0.054879,0.031478,0.001324,0.054075,-0.005057,0.109324,-0.210456
1.240638,3,0.030243,0.000000,0.054879,0.030420,-0.001164,0.054146,-0.007222,-0.109164,-0.209159
1.243583,0,0.030305,0.000000,0.055102,0.030272,0.000899,0.054154,-0.010805,0.108899,-0.209562
1.243583,1,0.030305,0.000000,0.055102,0.032303,-0.001270,0.054155,-0.005022,-0.109270,-0.208931
1.243583,2,0.030305,0.000000,0.055102,0.031557,0.001323,0.054303,-0.004978,0.109323,-0.210229
1.243583,3,0.030305,0.000000,0.055102,0.030510,-0.001169,0.054379,-0.007132,-0.109169,-0.208926
1.246537,0,0.030366,0.000000,0.055326,0.030342,0.000910,0.054384,-0.010735,0.108910,-0.209332
1.246537,1,0.030366,0.000000,0.055326,0.032373,-0.001275,0.054383,-0.004952,-0.109275,-0.208703
1.246537,2,0.030366,0.000000,0.055326,0.031647,0.001321,0.054537,-0.004889,0.109321,-0.209995
1.246537,3,0.030366,0.000000,0.055326,0.030575,-0.001174,0.054614,-0.007068,-0.109174,-0.208692
1.249461,0,0.030427,0.000000,0.055548,0.030413,0.000903,0.054613,-0.010664,0.108903,-0.209102
1.249461,1,0.030427,0.000000,0.055548,0.032456,-0.001261,0.054611,-0.004869,-0.109261,-0.208475
1.249461,2,0.030427,0.000000,0.055548,0.031715,0.001326,0.054762,-0.004821,0.109326,-0.209770
1.249461,3,0.030427,0.000000,0.055548,0.030647,-0.001179,0.054831,-0.006995,-0.109179,-0.208474
1.252510,0,0.030490,0.000000,0.055779,0.030479,0.000908,0.054843,-0.010599,0.108908,-0.208872
1.252510,1,0.030490,0.000000,0.055779,0.032539,-0.001272,0.054852,-0.004786,-0.109272,-0.208234
1.252510,2,0.030490,0.000000,0.055779,0.031785,0.001319,0.054983,-0.004751,0.109319,-0.209548
1.252510,3,0.030490,0.000000,0.055779,0.030733,-0.001184,0.055088,-0.006909,-0.109184,-0.208217
1.255785,0,0.030558,0.000000,0.056028,0.030551,0.000901,0.055076,-0.010526,0.108901,-0.208640
1.255785,1,0.030558,0.000000,0.056028,0.032636,-0.001271,0.055135,-0.004689,-0.109271,-0.207951
1.255785,2,0.030558,0.000000,0.056028,0.031864,0.001323,0.055244,-0.004672,0.109323,-0.209288
1.255785,3,0.030558,0.000000,0.056028,0.030806,-0.001182,0.055341,-0.006836,-0.109182,-0.207964
1.259159,0,0.030628,0.000000,0.056284,0.030627,0.000900,0.055335,-0.010450,0.108900,-0.208381
1.259159,1,0.030628,0.000000,0.056284,0.032726,-0.001269,0.055399,-0.004599,-0.109269,-0.207687
1.259159,2,0.030628,0.000000,0.056284,0.031949,0.001315,0.055497,-0.004586,0.109315,-0.209034
1.259159,3,0.030628,0.000000,0.056284,0.030889,-0.001193,0.055614,-0.006754,-0.109193,-0.207691
1.262733,0,0.030702,0.000000,0.056556,0.030697,0.000899,0.055594,-0.010380,0.108899,-0.208122
1.262733,1,0.030702,0.000000,0.056556,0.032807,-0.001261,0.055657,-0.004518,-0.109261,-0.207430
1.262733,2,0.030702,0.000000,0.056556,0.032024,0.001320,0.055732,-0.004512,0.109320,-0.208800
1.262733,3,0.030702,0.000000,0.056556,0.031001,-0.001192,0.055896,-0.006642,-0.109192,-0.207409
1.265268,0,0.030754,0.000000,0.056749,0.030766,0.000904,0.055856,-0.010311,0.108904,-0.207859
1.265268,1,0.030754,0.000000,0.056749,0.032882,-0.001266,0.055911,-0.004443,-0.109266,-0.207175
1.265268,2,0.030754,0.000000,0.056749,0.032090,0.001319,0.055980,-0.004446,0.109319,-0.208552
1.265268,3,0.030754,0.000000,0.056749,0.031044,-0.001197,0.056093,-0.006598,-0.109197,-0.207212
1.267680,0,0.030804,0.000000,0.056933,0.030826,0.000909,0.056051,-0.010251,0.108909,-0.207664
1.267680,1,0.030804,0.000000,0.056933,0.032945,-0.001252,0.056091,-0.004380,-0.109252,-0.206995
1.267680,2,0.030804,0.000000,0.056933,0.032163,0.001317,0.056163,-0.004373,0.109317,-0.208369
1.267680,3,0.030804,0.000000,0.056933,0.031103,-0.001202,0.056302,-0.006539,-0.109202,-0.207003
1.270535,0,0.030863,0.000000,0.057151,0.030875,0.000909,0.056237,-0.010202,0.108909,-0.207478
1.270535,1,0.030863,0.000000,0.057151,0.033005,-0.001251,0.056275,-0.004320,-0.109251,-0.206811
1.270535,2,0.030863,0.000000,0.057151,0.032222,0.001316,0.056363,-0.004314,0.109316,-0.208169
1.270535,3,0.030863,0.000000,0.057151,0.031155,-0.001207,0.056492,-0.006487,-0.109207,-0.206814
1.273411,0,0.030922,0.000000,0.057370,0.030937,0.000914,0.056471,-0.010140,0.108914,-0.207244
1.273411,1,0.030922,0.000000,0.057370,0.033071,-0.001256,0.056517,-0.004254,-0.109256,-0.206569
1.273411,2,0.030922,0.000000,0.057370,0.032291,0.001321,0.056601,-0.004244,0.109321,-0.207931
1.273411,3,0.030922,0.000000,0.057370,0.031230,-0.001199,0.056726,-0.006412,-0.109199,-0.206579
1.276490,0,0.030985,0.000000,0.057605,0.030994,0.000913,0.056696,-0.010083,0.108913,-0.207020
1.276490,1,0.030985,0.000000,0.057605,0.033132,-0.001261,0.056733,-0.004193,-0.109261,-0.206353
1.276490,2,0.030985,0.000000,0.057605,0.032365,0.001320,0.056833,-0.004170,0.109320,-0.207699
1.276490,3,0.030985,0.000000,0.057605,0.031300,-0.001211,0.056964,-0.006342,-0.109211,-0.206341
1.279519,0,0.031048,0.000000,0.057837,0.031054,0.000905,0.056930,-0.010023,0.108905,-0.206786
1.279519,1,0.031048,0.000000,0.057837,0.033191,-0.001253,0.056959,-0.004134,-0.109253,-0.206127
1.279519,2,0.031048,0.000000,0.057837,0.032439,0.001318,0.057065,-0.004096,0.109318,-0.207467
1.279519,3,0.031048,0.000000,0.057837,0.031367,-0.001222,0.057216,-0.006276,-0.109222,-0.206090
1.282534,0,0.031109,0.000000,0.058068,0.031102,0.000911,0.057155,-0.009975,0.108911,-0.206561
1.282534,1,0.031109,0.000000,0.058068,0.033255,-0.001246,0.057182,-0.004070,-0.109246,-0.205904
1.282534,2,0.031109,0.000000,0.058068,0.032500,0.001323,0.057291,-0.004035,0.109323,-0.207241
1.282534,3,0.031109,0.000000,0.058068,0.031430,-0.001214,0.057444,-0.006212,-0.109214,-0.205861
1.285430,0,0.031169,0.000000,0.058289,0.031151,0.000916,0.057380,-0.009926,0.108916,-0.206336
1.285430,1,0.031169,0.000000,0.058289,0.033314,-0.001257,0.057418,-0.004011,-0.109257,-0.205668
1.285430,2,0.031169,0.000000,0.058289,0.032572,0.001328,0.057532,-0.003964,0.109328,-0.206999
1.285430,3,0.031169,0.000000,0.058289,0.031505,-0.001219,0.057695,-0.006137,-0.109219,-0.205610
1.288282,0,0.031227,0.000000,0.058508,0.031214,0.000915,0.057604,-0.009863,0.108915,-0.206111
1.288282,1,0.031227,0.000000,0.058508,0.033371,-0.001262,0.057638,-0.003954,-0.109262,-0.205448
1.288282,2,0.031227,0.000000,0.058508,0.032635,0.001314,0.057732,-0.003901,0.109314,-0.206799
1.288282,3,0.031227,0.000000,0.058508,0.031583,-0.001217,0.057930,-0.006059,-0.109217,-0.205375
1.291077,0,0.031284,0.000000,0.058722,0.031266,0.000908,0.057810,-0.009811,0.108908,-0.205906
1.291077,1,0.031284,0.000000,0.058722,0.033440,-0.001260,0.057854,-0.003885,-0.109260,-0.205232
1.291077,2,0.031284,0.000000,0.058722,0.032706,0.001319,0.057955,-0.003830,0.109319,-0.206577
1.291077,3,0.031284,0.000000,0.058722,0.031626,-0.001216,0.058150,-0.006016,-0.109216,-0.205155
1.294125,0,0.031346,0.000000,0.058956,0.031319,0.000907,0.058028,-0.009758,0.108907,-0.205687
1.294125,1,0.031346,0.000000,0.058956,0.033509,-0.001253,0.058087,-0.003815,-0.109253,-0.204999
1.294125,2,0.031346,0.000000,0.058956,0.032750,0.001317,0.058181,-0.003786,0.109317,-0.206350
1.294125,3,0.031346,0.000000,0.058956,0.031705,-0.001221,0.058398,-0.005938,-0.109221,-0.204907
1.296977,0,0.031404,0.000000,0.059174,0.031396,0.000912,0.058275,-0.009681,0.108912,-0.205441
1.296977,1,0.031404,0.000000,0.059174,0.033568,-0.001245,0.058303,-0.003757,-0.109245,-0.204783
1.296977,2,0.031404,0.000000,0.059174,0.032832,0.001310,0.058394,-0.003704,0.109310,-0.206138
1.296977,3,0.031404,0.000000,0.059174,0.031762,-0.001232,0.058627,-0.005881,-0.109232,-0.204678
1.299760,0,0.031461,0.000000,0.059388,0.031442,0.000911,0.058494,-0.009635,0.108911,-0.205222
1.299760,1,0.031461,0.000000,0.059388,0.033623,-0.001244,0.058517,-0.003702,-0.109244,-0.204569
1.299760,2,0.031461,0.000000,0.059388,0.032892,0.001315,0.058610,-0.003644,0.109315,-0.205921
1.299760,3,0.031461,0.000000,0.059388,0.031823,-0.001231,0.058856,-0.005819,-0.109231,-0.204449
1.302625,0,0.031519,0.000000,0.059608,0.031508,0.000910,0.058722,-0.009570,0.108910,-0.204994
1.302625,1,0.031519,0.000000,0.059608,0.033692,-0.001249,0.058737,-0.003633,-0.109249,-0.204349
1.302625,2,0.031519,0.000000,0.059608,0.032955,0.001313,0.058836,-0.003581,0.109313,-0.205695
1.302625,3,0.031519,0.000000,0.059608,0.031880,-0.001235,0.059083,-0.005762,-0.109235,-0.204223
1.305381,0,0.031575,0.000000,0.059820,0.031567,0.000903,0.058947,-0.009510,0.108903,-0.204769
1.305381,1,0.031575,0.000000,0.059820,0.033748,-0.001247,0.058954,-0.003577,-0.109247,-0.204132
1.305381,2,0.031575,0.000000,0.059820,0.033026,0.001318,0.059059,-0.003510,0.109318,-0.205472
1.305381,3,0.031575,0.000000,0.059820,0.031937,-0.001240,0.059309,-0.005705,-0.109240,-0.203996
1.308182,0,0.031632,0.000000,0.060036,0.031628,0.000902,0.059178,-0.009449,0.108902,-0.204538
1.308182,1,0.031632,0.000000,0.060036,0.033828,-0.001240,0.059173,-0.003497,-0.109240,-0.203913
1.308182,2,0.031632,0.000000,0.060036,0.033080,0.001317,0.059283,-0.003455,0.109317,-0.205249
1.308182,3,0.031632,0.000000,0.060036,0.031998,-0.001245,0.059532,-0.005644,-0.109245,-0.203774
1.310979,0,0.031689,0.000000,0.060251,0.031699,0.000913,0.059403,-0.009378,0.108913,-0.204313
1.310979,1,0.031689,0.000000,0.060251,0.033870,-0.001245,0.059391,-0.003455,-0.109245,-0.203695
1.310979,2,0.031689,0.000000,0.060251,0.033143,0.001309,0.059496,-0.003393,0.109309,-0.205036
1.310979,3,0.031689,0.000000,0.060251,0.032040,-0.001238,0.059748,-0.005602,-0.109238,-0.203557
1.314002,0,0.031750,0.000000,0.060484,0.031750,0.000906,0.059625,-0.009327,0.108906,-0.204091
1.314002,1,0.031750,0.000000,0.060484,0.033928,-0.001243,0.059611,-0.003397,-0.109243,-0.203475
1.314002,2,0.031750,0.000000,0.060484,0.033204,0.001313,0.059752,-0.003332,0.109313,-0.204780
1.314002,3,0.031750,0.000000,0.060484,0.032091,-0.001242,0.059975,-0.005551,-0.109242,-0.203330
1.316890,0,0.031808,0.000000,0.060707,0.031818,0.000893,0.059850,-0.009260,0.108893,-0.203866
1.316890,1,0.031808,0.000000,0.060707,0.034002,-0.001236,0.059851,-0.003323,-0.109236,-0.203236
1.316890,2,0.031808,0.000000,0.060707,0.033271,0.001318,0.059978,-0.003265,0.109318,-0.204553
1.316890,3,0.031808,0.000000,0.060707,0.032158,-0.001241,0.060204,-0.005484,-0.109241,-0.203101
1.319725,0,0.031866,0.000000,0.060925,0.031864,0.000904,0.060076,-0.009213,0.108904,-0.203640
1.319725,1,0.031866,0.000000,0.060925,0.034060,-0.001234,0.060071,-0.003265,-0.109234,-0.203015
1.319725,2,0.031866,0.000000,0.060925,0.033333,0.001317,0.060205,-0.003203,0.109317,-0.204327
1.319725,3,0.031866,0.000000,0.060925,0.032209,-0.001240,0.060437,-0.005433,-0.109240,-0.202868
1.322605,0,0.031924,0.000000,0.061147,0.031927,0.000897,0.060298,-0.009150,0.108897,-0.203418
1.322605,1,0.031924,0.000000,0.061147,0.034129,-0.001233,0.060308,-0.003196,-0.109233,-0.202778
1.322605,2,0.031924,0.000000,0.061147,0.033389,0.001315,0.060422,-0.003147,0.109315,-0.204110
1.322605,3,0.031924,0.000000,0.061147,0.032260,-0.001244,0.060654,-0.005383,-0.109244,-0.202651
1.325438,0,0.031981,0.000000,0.061366,0.031973,0.000902,0.060520,-0.009104,0.108902,-0.203195
1.325438,1,0.031981,0.000000,0.061366,0.034188,-0.001232,0.060528,-0.003137,-0.109232,-0.202558
1.325438,2,0.031981,0.000000,0.061366,0.033445,0.001314,0.060649,-0.003090,0.109314,-0.203883
1.325438,3,0.031981,0.000000,0.061366,0.032314,-0.001249,0.060878,-0.005328,-0.109249,-0.202427
1.328332,0,0.032039,0.000000,0.061590,0.032051,0.000901,0.060748,-0.009027,0.108901,-0.202967
1.328332,1,0.032039,0.000000,0.061590,0.034269,-0.001236,0.060778,-0.003056,-0.109236,-0.202308
1.328332,2,0.032039,0.000000,0.061590,0.033489,0.001313,0.060866,-0.003047,0.109313,-0.203665
1.328332,3,0.032039,0.000000,0.061590,0.032384,-0.001242,0.061107,-0.005259,-0.109242,-0.202198
1.331224,0,0.032097,0.000000,0.061813,0.032097,0.000906,0.060981,-0.008980,0.108906,-0.202735
1.331224,1,0.032097,0.000000,0.061813,0.034334,-0.001216,0.061008,-0.002991,-0.109216,-0.202078
1.331224,2,0.032097,0.000000,0.061813,0.033555,0.001311,0.061090,-0.002980,0.109311,-0.203442
1.331224,3,0.032097,0.000000,0.061813,0.032447,-0.001246,0.061353,-0.005195,-0.109246,-0.201952
1.334232,0,0.032157,0.000000,0.062046,0.032169,0.000911,0.061212,-0.008909,0.108911,-0.202503
1.334232,1,0.032157,0.000000,0.062046,0.034393,-0.001215,0.061248,-0.002932,-0.109215,-0.201838
1.334232,2,0.032157,0.000000,0.062046,0.033601,0.001328,0.061330,-0.002934,0.109328,-0.203202
1.334232,3,0.032157,0.000000,0.062046,0.032500,-0.001245,0.061580,-0.005143,-0.109245,-0.201725
1.337062,0,0.032214,0.000000,0.062265,0.032224,0.000910,0.061455,-0.008853,0.108910,-0.202261
1.337062,1,0.032214,0.000000,0.062265,0.034459,-0.001226,0.061479,-0.002866,-0.109226,-0.201607
1.337062,2,0.032214,0.000000,0.062265,0.033651,0.001321,0.061544,-0.002885,0.109321,-0.202987
1.337062,3,0.032214,0.000000,0.062265,0.032574,-0.001243,0.061830,-0.005069,-0.109243,-0.201476
1.340165,0,0.032276,0.000000,0.062505,0.032299,0.000903,0.061676,-0.008778,0.108903,-0.202039
1.340165,1,0.032276,0.000000,0.062505,0.034509,-0.001224,0.061707,-0.002816,-0.109224,-0.201380
1.340165,2,0.032276,0.000000,0.062505,0.033699,0.001319,0.061778,-0.002837,0.109319,-0.202754
1.340165,3,0.032276,0.000000,0.062505,0.032633,-0.001248,0.062089,-0.005009,-0.109248,-0.201216
1.343051,0,0.032334,0.000000,0.062729,0.032353,0.000908,0.061928,-0.008724,0.108908,-0.201787
1.343051,1,0.032334,0.000000,0.062729,0.034580,-0.001229,0.061960,-0.002745,-0.109229,-0.201126
1.343051,2,0.032334,0.000000,0.062729,0.033770,0.001317,0.062018,-0.002766,0.109317,-0.202514
1.343051,3,0.032334,0.000000,0.062729,0.032696,-0.001253,0.062326,-0.004946,-0.109253,-0.200980
1.346072,0,0.032394,0.000000,0.062963,0.032428,0.000907,0.062163,-0.008649,0.108907,-0.201552
1.346072,1,0.032394,0.000000,0.062963,0.034632,-0.001222,0.062178,-0.002693,-0.109222,-0.200908
1.346072,2,0.032394,0.000000,0.062963,0.033828,0.001322,0.062261,-0.002707,0.109322,-0.202270
1.346072,3,0.032394,0.000000,0.062963,0.032749,-0.001245,0.062540,-0.004894,-0.109245,-0.200765
1.348950,0,0.032451,0.000000,0.063186,0.032475,0.000912,0.062396,-0.008602,0.108912,-0.201319
1.348950,1,0.032451,0.000000,0.063186,0.034694,-0.001214,0.062402,-0.002630,-0.109214,-0.200684
1.348950,2,0.032451,0.000000,0.063186,0.033884,0.001320,0.062499,-0.002651,0.109320,-0.202033
1.348950,3,0.032451,0.000000,0.063186,0.032814,-0.001256,0.062783,-0.004829,-0.109256,-0.200522
1.351852,0,0.032509,0.000000,0.063411,0.032542,0.000911,0.062619,-0.008535,0.108911,-0.201097
1.351852,1,0.032509,0.000000,0.063411,0.034750,-0.001231,0.062630,-0.002574,-0.109231,-0.200456
1.351852,2,0.032509,0.000000,0.063411,0.033940,0.001319,0.062726,-0.002595,0.109319,-0.201806
1.351852,3,0.032509,0.000000,0.063411,0.032866,-0.001248,0.062997,-0.004776,-0.109248,-0.200308
1.354764,0,0.032567,0.000000,0.063637,0.032599,0.000916,0.062858,-0.008478,0.108916,-0.200858
1.354764,1,0.032567,0.000000,0.063637,0.034805,-0.001230,0.062864,-0.002520,-0.109230,-0.200222
1.354764,2,0.032567,0.000000,0.063637,0.033992,0.001324,0.062960,-0.002543,0.109324,-0.201571
1.354764,3,0.032567,0.000000,0.063637,0.032908,-0.001253,0.063221,-0.004734,-0.109253,-0.200084
1.357688,0,0.032625,0.000000,0.063864,0.032666,0.000915,0.063090,-0.008411,0.108915,-0.200625
1.357688,1,0.032625,0.000000,0.063864,0.034869,-0.001222,0.063082,-0.002456,-0.109222,-0.200004
1.357688,2,0.032625,0.000000,0.063864,0.034032,0.001322,0.063181,-0.002504,0.109322,-0.201350
1.357688,3,0.032625,0.000000,0.063864,0.032963,-0.001258,0.063455,-0.004680,-0.109258,-0.199850
1.360899,0,0.032689,0.000000,0.064114,0.032716,0.000914,0.063317,-0.008361,0.108914,-0.200399
1.360899,1,0.032689,0.000000,0.064114,0.034935,-0.001209,0.063310,-0.002390,-0.109209,-0.199776
1.360899,2,0.032689,0.000000,0.064114,0.034105,0.001320,0.063435,-0.002431,0.109320,-0.201097
1.360899,3,0.032689,0.000000,0.064114,0.033028,-0.001262,0.063705,-0.004614,-0.109262,-0.199600
1.364000,0,0.032750,0.000000,0.064355,0.032801,0.000919,0.063578,-0.008276,0.108919,-0.200138
1.364000,1,0.032750,0.000000,0.064355,0.034989,-0.001207,0.063564,-0.002335,-0.109207,-0.199522
1.364000,2,0.032750,0.000000,0.064355,0.034148,0.001319,0.063663,-0.002388,0.109319,-0.200869
1.364000,3,0.032750,0.000000,0.064355,0.033079,-0.001261,0.063949,-0.004563,-0.109261,-0.199356
1.366914,0,0.032808,0.000000,0.064581,0.032857,0.000930,0.063837,-0.008220,0.108930,-0.199878
1.366914,1,0.032808,0.000000,0.064581,0.035064,-0.001224,0.063821,-0.002261,-0.109224,-0.199265
1.366914,2,0.032808,0.000000,0.064581,0.034198,0.001324,0.063894,-0.002338,0.109324,-0.200638
1.366914,3,0.032808,0.000000,0.064581,0.033150,-0.001271,0.064183,-0.004493,-0.109271,-0.199122
1.370026,0,0.032869,0.000000,0.064823,0.032923,0.000923,0.064057,-0.008154,0.108923,-0.199659
1.370026,1,0.032869,0.000000,0.064823,0.035108,-0.001222,0.064050,-0.002217,-0.109222,-0.199036
1.370026,2,0.032869,0.000000,0.064823,0.034243,0.001328,0.064118,-0.002292,0.109328,-0.200413
1.370026,3,0.032869,0.000000,0.064823,0.033221,-0.001264,0.064436,-0.004421,-0.109264,-0.198869
1.373235,0,0.032933,0.000000,0.065073,0.032993,0.000928,0.064315,-0.008084,0.108928,-0.199400
1.373235,1,0.032933,0.000000,0.065073,0.035162,-0.001227,0.064298,-0.002163,-0.109227,-0.198789
1.373235,2,0.032933,0.000000,0.065073,0.034308,0.001327,0.064359,-0.002228,0.109327,-0.200172
1.373235,3,0.032933,0.000000,0.065073,0.033291,-0.001268,0.064703,-0.004351,-0.109268,-0.198602
1.376325,0,0.032993,0.000000,0.065314,0.033060,0.000920,0.064571,-0.008017,0.108920,-0.199145
1.376325,1,0.032993,0.000000,0.065314,0.035241,-0.001225,0.064571,-0.002084,-0.109225,-0.198515
1.376325,2,0.032993,0.000000,0.065314,0.034366,0.001331,0.064623,-0.002170,0.109331,-0.199908
1.376325,3,0.032993,0.000000,0.065314,0.033356,-0.001272,0.064953,-0.004286,-0.109272,-0.198352
1.379326,0,0.033052,0.000000,0.065548,0.033140,0.000925,0.064826,-0.007937,0.108925,-0.198889
1.379326,1,0.033052,0.000000,0.065548,0.035314,-0.001218,0.064822,-0.002011,-0.109218,-0.198264
1.379326,2,0.033052,0.000000,0.065548,0.034430,0.001329,0.064874,-0.002105,0.109329,-0.199658
1.379326,3,0.033052,0.000000,0.065548,0.033413,-0.001271,0.065198,-0.004229,-0.109271,-0.198108
1.382307,0,0.033111,0.000000,0.065780,0.033194,0.000936,0.065056,-0.007883,0.108936,-0.198659
1.382307,1,0.033111,0.000000,0.065780,0.035367,-0.001210,0.065054,-0.001957,-0.109210,-0.198032
1.382307,2,0.033111,0.000000,0.065780,0.034484,0.001316,0.065102,-0.002052,0.109316,-0.199430
1.382307,3,0.033111,0.000000,0.065780,0.033484,-0.001275,0.065448,-0.004158,-0.109275,-0.197857
1.385235,0,0.033168,0.000000,0.066008,0.033255,0.000929,0.065296,-0.007822,0.108929,-0.198419
1.385235,1,0.033168,0.000000,0.066008,0.035438,-0.001197,0.065299,-0.001887,-0.109197,-0.197788
1.385235,2,0.033168,0.000000,0.066008,0.034548,0.001326,0.065350,-0.001988,0.109326,-0.199182
1.385235,3,0.033168,0.000000,0.066008,0.033540,-0.001262,0.065676,-0.004102,-0.109262,-0.197629
1.388130,0,0.033225,0.000000,0.066234,0.033329,0.000934,0.065526,-0.007748,0.108934,-0.198190
1.388130,1,0.033225,0.000000,0.066234,0.035479,-0.001207,0.065531,-0.001846,-0.109207,-0.197556
1.388130,2,0.033225,0.000000,0.066234,0.034593,0.001325,0.065571,-0.001942,0.109325,-0.198960
1.388130,3,0.033225,0.000000,0.066234,0.033603,-0.001272,0.065917,-0.004039,-0.109272,-0.197388
1.390909,0,0.033279,0.000000,0.066451,0.033379,0.000945,0.065750,-0.007698,0.108945,-0.197966
1.390909,1,0.033279,0.000000,0.066451,0.035541,-0.001218,0.065785,-0.001783,-0.109218,-0.197301
1.390909,2,0.033279,0.000000,0.066451,0.034651,0.001323,0.065793,-0.001885,0.109323,-0.198738
1.390909,3,0.033279,0.000000,0.066451,0.033663,-0.001277,0.066142,-0.003980,-0.109277,-0.197164
1.393829,0,0.033336,0.000000,0.066679,0.033439,0.000944,0.065973,-0.007638,0.108944,-0.197742
1.393829,1,0.033336,0.000000,0.066679,0.035611,-0.001210,0.066014,-0.001714,-0.109210,-0.197072
1.393829,2,0.033336,0.000000,0.066679,0.034704,0.001316,0.066005,-0.001832,0.109316,-0.198527
1.393829,3,0.033336,0.000000,0.066679,0.033723,-0.001281,0.066376,-0.003919,-0.109281,-0.196929
1.396823,0,0.033395,0.000000,0.066912,0.033510,0.000943,0.066213,-0.007567,0.108943,-0.197503
1.396823,1,0.033395,0.000000,0.066912,0.035667,-0.001197,0.066246,-0.001658,-0.109197,-0.196840
1.396823,2,0.033395,0.000000,0.066912,0.034753,0.001326,0.066230,-0.001782,0.109326,-0.198301
1.396823,3,0.033395,0.000000,0.066912,0.033796,-0.001274,0.066624,-0.003846,-0.109274,-0.196682
1.399651,0,0.033450,0.000000,0.067133,0.033579,0.000948,0.066443,-0.007499,0.108948,-0.197273
1.399651,1,0.033450,0.000000,0.067133,0.035723,-0.001195,0.066484,-0.001602,-0.109195,-0.196602
1.399651,2,0.033450,0.000000,0.067133,0.034799,0.001325,0.066452,-0.001737,0.109325,-0.198079
1.399651,3,0.033450,0.000000,0.067133,0.033845,-0.001278,0.066842,-0.003797,-0.109278,-0.196463
1.402610,0,0.033507,0.000000,0.067364,0.033634,0.000947,0.066660,-0.007443,0.108947,-0.197055
1.402610,1,0.033507,0.000000,0.067364,0.035770,-0.001206,0.066726,-0.001555,-0.109206,-0.196360
1.402610,2,0.033507,0.000000,0.067364,0.034848,0.001323,0.066671,-0.001688,0.109323,-0.197861
1.402610,3,0.033507,0.000000,0.067364,0.033924,-0.001277,0.067093,-0.003718,-0.109277,-0.196212
1.405621,0,0.033566,0.000000,0.067600,0.033703,0.000957,0.066913,-0.007374,0.108957,-0.196802
1.405621,1,0.033566,0.000000,0.067600,0.035842,-0.001210,0.066975,-0.001483,-0.109210,-0.196111
1.405621,2,0.033566,0.000000,0.067600,0.034922,0.001328,0.066922,-0.001614,0.109328,-0.197609
1.405621,3,0.033566,0.000000,0.067600,0.033991,-0.001281,0.067347,-0.003651,-0.109281,-0.195958
1.408490,0,0.033621,0.000000,0.067824,0.033763,0.000956,0.067137,-0.007314,0.108956,-0.196579
1.408490,1,0.033621,0.000000,0.067824,0.035895,-0.001209,0.067201,-0.001429,-0.109209,-0.195885
1.408490,2,0.033621,0.000000,0.067824,0.034963,0.001326,0.067138,-0.001573,0.109326,-0.197394
1.408490,3,0.033621,0.000000,0.067824,0.034043,-0.001279,0.067576,-0.003599,-0.109279,-0.195729
1.411411,0,0.033678,0.000000,0.068052,0.033815,0.000961,0.067361,-0.007262,0.108961,-0.196354
1.411411,1,0.033678,0.000000,0.068052,0.035947,-0.001190,0.067423,-0.001378,-0.109190,-0.195663
1.411411,2,0.033678,0.000000,0.068052,0.035032,0.001325,0.067370,-0.001504,0.109325,-0.197162
1.411411,3,0.033678,0.000000,0.068052,0.034115,-0.001284,0.067820,-0.003527,-0.109284,-0.195485
1.414389,0,0.033736,0.000000,0.068285,0.033885,0.000966,0.067595,-0.007192,0.108966,-0.196121
1.414389,1,0.033736,0.000000,0.068285,0.036004,-0.001194,0.067649,-0.001321,-0.109194,-0.195437
1.414389,2,0.033736,0.000000,0.068285,0.035095,0.001317,0.067598,-0.001440,0.109317,-0.196933
1.414389,3,0.033736,0.000000,0.068285,0.034193,-0.001282,0.068062,-0.003449,-0.109282,-0.195244
1.417247,0,0.033791,0.000000,0.068509,0.033939,0.000965,0.067819,-0.007138,0.108965,-0.195896
1.417247,1,0.033791,0.000000,0.068509,0.036057,-0.001205,0.067881,-0.001268,-0.109205,-0.195205
1.417247,2,0.033791,0.000000,0.068509,0.035165,0.001322,0.067834,-0.001371,0.109322,-0.196698
1.417247,3,0.033791,0.000000,0.068509,0.034243,-0.001281,0.068287,-0.003399,-0.109281,-0.195018
1.420132,0,0.033846,0.000000,0.068735,0.033991,0.000964,0.068040,-0.007086,0.108964,-0.195675
1.420132,1,0.033846,0.000000,0.068735,0.036108,-0.001203,0.068094,-0.001217,-0.109203,-0.194992
1.420132,2,0.033846,0.000000,0.068735,0.035218,0.001314,0.068056,-0.001318,0.109314,-0.196475
1.420132,3,0.033846,0.000000,0.068735,0.034308,-0.001285,0.068512,-0.003334,-0.109285,-0.194793
1.422970,0,0.033901,0.000000,0.068957,0.034059,0.000975,0.068274,-0.007018,0.108975,-0.195442
1.422970,1,0.033901,0.000000,0.068957,0.036173,-0.001196,0.068317,-0.001152,-0.109196,-0.194769
1.422970,2,0.033901,0.000000,0.068957,0.035291,0.001318,0.068288,-0.001245,0.109318,-0.196243
1.422970,3,0.033901,0.000000,0.068957,0.034365,-0.001289,0.068751,-0.003278,-0.109289,-0.194554
1.425796,0,0.033955,0.000000,0.069178,0.034107,0.000973,0.068499,-0.006970,0.108973,-0.195217
1.425796,1,0.033955,0.000000,0.069178,0.036216,-0.001189,0.068533,-0.001109,-0.109189,-0.194553
1.425796,2,0.033955,0.000000,0.069178,0.035350,0.001311,0.068511,-0.001186,0.109311,-0.196021
1.425796,3,0.033955,0.000000,0.069178,0.034419,-0.001288,0.068957,-0.003223,-0.109288,-0.194348
1.428695,0,0.034011,0.000000,0.069405,0.034164,0.000978,0.068723,-0.006913,0.108978,-0.194992
1.428695,1,0.034011,0.000000,0.069405,0.036273,-0.001193,0.068750,-0.001052,-0.109193,-0.194337
1.428695,2,0.034011,0.000000,0.069405,0.035421,0.001315,0.068740,-0.001115,0.109315,-0.195792
1.428695,3,0.034011,0.000000,0.069405,0.034465,-0.001287,0.069186,-0.003177,-0.109287,-0.194119
1.431563,0,0.034066,0.000000,0.069630,0.034220,0.000977,0.068951,-0.006857,0.108977,-0.194765
1.431563,1,0.034066,0.000000,0.069630,0.036324,-0.001198,0.068976,-0.001001,-0.109198,-0.194110
1.431563,2,0.034066,0.000000,0.069630,0.035471,0.001308,0.068949,-0.001064,0.109308,-0.195582
1.431563,3,0.034066,0.000000,0.069630,0.034517,-0.001273,0.069398,-0.003126,-0.109273,-0.193907
1.434568,0,0.034124,0.000000,0.069865,0.034281,0.000976,0.069185,-0.006796,0.108976,-0.194530
1.434568,1,0.034124,0.000000,0.069865,0.036393,-0.001196,0.069218,-0.000932,-0.109196,-0.193868
1.434568,2,0.034124,0.000000,0.069865,0.035544,0.001301,0.069185,-0.000991,0.109301,-0.195347
1.434568,3,0.034124,0.000000,0.069865,0.034581,-0.001283,0.069653,-0.003061,-0.109283,-0.193652
1.437444,0,0.034179,0.000000,0.070090,0.034333,0.000987,0.069423,-0.006744,0.108987,-0.194292
1.437444,1,0.034179,0.000000,0.070090,0.036450,-0.001178,0.069422,-0.000875,-0.109178,-0.193664
1.437444,2,0.034179,0.000000,0.070090,0.035607,0.001305,0.069411,-0.000929,0.109305,-0.195121
1.437444,3,0.034179,0.000000,0.070090,0.034644,-0.001288,0.069886,-0.002998,-0.109288,-0.193419
1.440567,0,0.034238,0.000000,0.070335,0.034373,0.000985,0.069645,-0.006704,0.108985,-0.194070
1.440567,1,0.034238,0.000000,0.070335,0.036503,-0.001176,0.069658,-0.000822,-0.109176,-0.193428
1.440567,2,0.034238,0.000000,0.070335,0.035662,0.001304,0.069640,-0.000874,0.109304,-0.194891
1.440567,3,0.034238,0.000000,0.070335,0.034698,-0.001274,0.070121,-0.002944,-0.109274,-0.193184
1.443809,0,0.034300,0.000000,0.070589,0.034444,0.000996,0.069902,-0.006634,0.108996,-0.193813
1.443809,1,0.034300,0.000000,0.070589,0.036563,-0.001180,0.069917,-0.000762,-0.109180,-0.193169
1.443809,2,0.034300,0.000000,0.070589,0.035739,0.001302,0.069896,-0.000797,0.109302,-0.194636
1.443809,3,0.034300,0.000000,0.070589,0.034767,-0.001284,0.070393,-0.002875,-0.109284,-0.192912
1.446709,0,0.034355,0.000000,0.070817,0.034489,0.000995,0.070150,-0.006588,0.108995,-0.193565
1.446709,1,0.034355,0.000000,0.070817,0.036632,-0.001185,0.070173,-0.000693,-0.109185,-0.192913
1.446709,2,0.034355,0.000000,0.070817,0.035792,0.001306,0.070125,-0.000744,0.109306,-0.194406
1.446709,3,0.034355,0.000000,0.070817,0.034813,-0.001283,0.070613,-0.002830,-0.109283,-0.192693
1.449676,0,0.034412,0.000000,0.071049,0.034524,0.001005,0.070373,-0.006553,0.109005,-0.193343
1.449676,1,0.034412,0.000000,0.071049,0.036683,-0.001172,0.070390,-0.000642,-0.109172,-0.192696
1.449676,2,0.034412,0.000000,0.071049,0.035860,0.001305,0.070348,-0.000675,0.109305,-0.194183
1.449676,3,0.034412,0.000000,0.071049,0.034866,-0.001281,0.070845,-0.002776,-0.109281,-0.192460
1.453192,0,0.034478,0.000000,0.071325,0.034576,0.001004,0.070621,-0.006502,0.109004,-0.193095
1.453192,1,0.034478,0.000000,0.071325,0.036760,-0.001158,0.070659,-0.000565,-0.109158,-0.192427
1.453192,2,0.034478,0.000000,0.071325,0.035927,0.001303,0.070607,-0.000608,0.109303,-0.193924
1.453192,3,0.034478,0.000000,0.071325,0.034923,-0.001280,0.071121,-0.002719,-0.109280,-0.192185
1.457714,0,0.034564,0.000000,0.071680,0.034650,0.001002,0.070904,-0.006427,0.109002,-0.192811
1.457714,1,0.034564,0.000000,0.071680,0.036832,-0.001162,0.070958,-0.000492,-0.109162,-0.192128
1.457714,2,0.034564,0.000000,0.071680,0.036000,0.001295,0.070929,-0.000536,0.109295,-0.193603
1.457714,3,0.034564,0.000000,0.071680,0.034999,-0.001277,0.071471,-0.002643,-0.109277,-0.191834
1.462454,0,0.034653,0.000000,0.072052,0.034714,0.001007,0.071248,-0.006363,0.109007,-0.192468
1.462454,1,0.034653,0.000000,0.072052,0.036912,-0.001172,0.071310,-0.000413,-0.109172,-0.191776
1.462454,2,0.034653,0.000000,0.072052,0.036095,0.001292,0.071290,-0.000441,0.109292,-0.193242
1.462454,3,0.034653,0.000000,0.072052,0.035077,-0.001287,0.071832,-0.002565,-0.109287,-0.191473
1.466526,0,0.034730,0.000000,0.072372,0.034775,0.001011,0.071604,-0.006302,0.109011,-0.192111
1.466526,1,0.034730,0.000000,0.072372,0.036979,-0.001158,0.071629,-0.000346,-0.109158,-0.191457
1.466526,2,0.034730,0.000000,0.072372,0.036179,0.001290,0.071605,-0.000357,0.109290,-0.192927
1.466526,3,0.034730,0.000000,0.072372,0.035143,-0.001284,0.072141,-0.002499,-0.109284,-0.191164
1.471190,0,0.034818,0.000000,0.072738,0.034848,0.001020,0.071928,-0.006229,0.109020,-0.191788
1.471190,1,0.034818,0.000000,0.072738,0.037046,-0.001151,0.071951,-0.000279,-0.109151,-0.191135
1.471190,2,0.034818,0.000000,0.072738,0.036265,0.001288,0.071933,-0.000270,0.109288,-0.192598
1.471190,3,0.034818,0.000000,0.072738,0.035240,-0.001282,0.072508,-0.002402,-0.109282,-0.190797
1.475562,0,0.034900,0.000000,0.073081,0.034932,0.001036,0.072290,-0.006145,0.109036,-0.191425
1.475562,1,0.034900,0.000000,0.073081,0.037127,-0.001154,0.072313,-0.000198,-0.109154,-0.190773
1.475562,2,0.034900,0.000000,0.073081,0.036356,0.001292,0.072282,-0.000180,0.109292,-0.192250
1.475562,3,0.034900,0.000000,0.073081,0.035296,-0.001291,0.072853,-0.002346,-0.109291,-0.190452
1.479772,0,0.034979,0.000000,0.073411,0.035014,0.001034,0.072630,-0.006063,0.109034,-0.191086
1.479772,1,0.034979,0.000000,0.073411,0.037215,-0.001152,0.072646,-0.000110,-0.109152,-0.190440
1.479772,2,0.034979,0.000000,0.073411,0.036439,0.001284,0.072584,-0.000096,0.109284,-0.191947
1.479772,3,0.034979,0.000000,0.073411,0.035363,-0.001289,0.073182,-0.002279,-0.109289,-0.190123
1.483715,0,0.035053,0.000000,0.073721,0.035090,0.001032,0.072954,-0.005987,0.109032,-0.190762
1.483715,1,0.035053,0.000000,0.073721,0.037309,-0.001150,0.072978,-0.000016,-0.109150,-0.190108
1.483715,2,0.035053,0.000000,0.073721,0.036513,0.001282,0.072884,-0.000023,0.109282,-0.191648
1.483715,3,0.035053,0.000000,0.073721,0.035431,-0.001293,0.073497,-0.002211,-0.109293,-0.189808
1.487801,0,0.035129,0.000000,0.074042,0.035158,0.001031,0.073255,-0.005919,0.109031,-0.190461
1.487801,1,0.035129,0.000000,0.074042,0.037381,-0.001143,0.073272,0.000056,-0.109143,-0.189815
1.487801,2,0.035129,0.000000,0.074042,0.036578,0.001280,0.073150,0.000042,0.109280,-0.191381
1.487801,3,0.035129,0.000000,0.074042,0.035499,-0.001290,0.073819,-0.002143,-0.109290,-0.189486
1.492032,0,0.035208,0.000000,0.074374,0.035244,0.001029,0.073575,-0.005833,0.109029,-0.190141
1.492032,1,0.035208,0.000000,0.074374,0.037455,-0.001146,0.073604,0.000130,-0.109146,-0.189482
1.492032,2,0.035208,0.000000,0.074374,0.036652,0.001278,0.073469,0.000116,0.109278,-0.191062
1.492032,3,0.035208,0.000000,0.074374,0.035570,-0.001288,0.074145,-0.002072,-0.109288,-0.189160
1.496101,0,0.035283,0.000000,0.074694,0.035336,0.001027,0.073922,-0.005742,0.109027,-0.189794
1.496101,1,0.035283,0.000000,0.074694,0.037533,-0.001139,0.073918,0.000208,-0.109139,-0.189168
1.496101,2,0.035283,0.000000,0.074694,0.036717,0.001282,0.073769,0.000181,0.109282,-0.190763
1.496101,3,0.035283,0.000000,0.074694,0.035626,-0.001292,0.074451,-0.002016,-0.109292,-0.188854
1.500213,0,0.035359,0.000000,0.075017,0.035404,0.001025,0.074243,-0.005673,0.109025,-0.189473
1.500213,1,0.035359,0.000000,0.075017,0.037603,-0.001137,0.074221,0.000278,-0.109137,-0.188865
1.500213,2,0.035359,0.000000,0.075017,0.036790,0.001274,0.074065,0.000255,0.109274,-0.190466
1.500213,3,0.035359,0.000000,0.075017,0.035682,-0.001290,0.074754,-0.001960,-0.109290,-0.188551
1.504188,0,0.035433,0.000000,0.075329,0.035482,0.001029,0.074554,-0.005595,0.109029,-0.189162
1.504188,1,0.035433,0.000000,0.075329,0.037668,-0.001135,0.074508,0.000343,-0.109135,-0.188578
1.504188,2,0.035433,0.000000,0.075329,0.036858,0.001272,0.074365,0.000322,0.109272,-0.190166
1.504188,3,0.035433,0.000000,0.075329,0.035732,-0.001288,0.075047,-0.001910,-0.109288,-0.188258
1.508206,0,0.035507,0.000000,0.075644,0.035557,0.001028,0.074858,-0.005520,0.109028,-0.188857
1.508206,1,0.035507,0.000000,0.075644,0.037748,-0.001133,0.074828,0.000423,-0.109133,-0.188258
1.508206,2,0.035507,0.000000,0.075644,0.036931,0.001276,0.074678,0.000395,0.109276,-0.189853
1.508206,3,0.035507,0.000000,0.075644,0.035810,-0.001286,0.075366,-0.001832,-0.109286,-0.187939
1.511344,0,0.035565,0.000000,0.075891,0.035614,0.001026,0.075143,-0.005463,0.109026,-0.188572
1.511344,1,0.035565,0.000000,0.075891,0.037827,-0.001132,0.075119,0.000502,-0.109132,-0.187967
1.511344,2,0.035565,0.000000,0.075891,0.036982,0.001274,0.074932,0.000446,0.109274,-0.189600
1.511344,3,0.035565,0.000000,0.075891,0.035846,-0.001284,0.075600,-0.001796,-0.109284,-0.187705
1.515511,0,0.035641,0.000000,0.076218,0.035664,0.001031,0.075376,-0.005413,0.109031,-0.188339
1.515511,1,0.035641,0.000000,0.076218,0.037903,-0.001130,0.075386,0.000578,-0.109130,-0.187700
1.515511,2,0.035641,0.000000,0.076218,0.037039,0.001266,0.075212,0.000503,0.109266,-0.189319
1.515511,3,0.035641,0.000000,0.076218,0.035934,-0.001276,0.075923,-0.001709,-0.109276,-0.187382
1.519658,0,0.035717,0.000000,0.076544,0.035733,0.001040,0.075714,-0.005344,0.109040,-0.188001
1.519658,1,0.035717,0.000000,0.076544,0.037985,-0.001116,0.075743,0.000660,-0.109116,-0.187343
1.519658,2,0.035717,0.000000,0.076544,0.037101,0.001258,0.075529,0.000565,0.109258,-0.189003
1.519658,3,0.035717,0.000000,0.076544,0.035992,-0.001274,0.076239,-0.001650,-0.109274,-0.187066
1.523633,0,0.035790,0.000000,0.076856,0.035796,0.001039,0.076010,-0.005281,0.109039,-0.187706
1.523633,1,0.035790,0.000000,0.076856,0.038066,-0.001120,0.076070,0.000742,-0.109120,-0.187016
1.523633,2,0.035790,0.000000,0.076856,0.037149,0.001262,0.075819,0.000613,0.109262,-0.188712
1.523633,3,0.035790,0.000000,0.076856,0.036052,-0.001278,0.076543,-0.001590,-0.109278,-0.186763
1.528337,0,0.035876,0.000000,0.077225,0.035862,0.001048,0.076315,-0.005215,0.109048,-0.187401
1.528337,1,0.035876,0.000000,0.077225,0.038148,-0.001112,0.076401,0.000823,-0.109112,-0.186685
1.528337,2,0.035876,0.000000,0.077225,0.037213,0.001254,0.076139,0.000677,0.109254,-0.188392
1.528337,3,0.035876,0.000000,0.077225,0.036120,-0.001270,0.076899,-0.001522,-0.109270,-0.186406
1.532774,0,0.035957,0.000000,0.077574,0.035921,0.001058,0.076647,-0.005156,0.109058,-0.187069
1.532774,1,0.035957,0.000000,0.077574,0.038228,-0.001110,0.076762,0.000903,-0.109110,-0.186325
1.532774,2,0.035957,0.000000,0.077574,0.037271,0.001258,0.076486,0.000736,0.109258,-0.188046
1.532774,3,0.035957,0.000000,0.077574,0.036194,-0.001273,0.077245,-0.001448,-0.109273,-0.186060
1.536336,0,0.036022,0.000000,0.077853,0.035995,0.001050,0.076965,-0.005082,0.109050,-0.186750
1.536336,1,0.036022,0.000000,0.077853,0.038288,-0.001114,0.077073,0.000963,-0.109114,-0.186014
1.536336,2,0.036022,0.000000,0.077853,0.037338,0.001250,0.076763,0.000802,0.109250,-0.187768
1.536336,3,0.036022,0.000000,0.077853,0.036257,-0.001265,0.077509,-0.001386,-0.109265,-0.185796
1.540625,0,0.036099,0.000000,0.078190,0.036053,0.001049,0.077225,-0.005025,0.109049,-0.186491
1.540625,1,0.036099,0.000000,0.078190,0.038341,-0.001107,0.077347,0.001016,-0.109107,-0.185739
1.540625,2,0.036099,0.000000,0.078190,0.037404,0.001254,0.077094,0.000868,0.109254,-0.187438
1.540625,3,0.036099,0.000000,0.078190,0.036319,-0.001269,0.077846,-0.001323,-0.109269,-0.185459
1.544234,0,0.036165,0.000000,0.078473,0.036108,0.001053,0.077521,-0.004969,0.109053,-0.186195
1.544234,1,0.036165,0.000000,0.078473,0.038403,-0.001105,0.077658,0.001078,-0.109105,-0.185428
1.544234,2,0.036165,0.000000,0.078473,0.037452,0.001252,0.077381,0.000916,0.109252,-0.187150
1.544234,3,0.036165,0.000000,0.078473,0.036374,-0.001261,0.078117,-0.001268,-0.109261,-0.185188
1.547047,0,0.036215,0.000000,0.078694,0.036159,0.001057,0.077764,-0.004919,0.109057,-0.185951
1.547047,1,0.036215,0.000000,0.078694,0.038438,-0.001104,0.077877,0.001113,-0.109104,-0.185209
1.547047,2,0.036215,0.000000,0.078694,0.037509,0.001256,0.077623,0.000974,0.109256,-0.186909
1.547047,3,0.036215,0.000000,0.078694,0.036413,-0.001265,0.078331,-0.001229,-0.109265,-0.184974
1.550248,0,0.036273,0.000000,0.078945,0.036201,0.001067,0.077972,-0.004876,0.109067,-0.185744
1.550248,1,0.036273,0.000000,0.078945,0.038483,-0.001102,0.078095,0.001159,-0.109102,-0.184991
1.550248,2,0.036273,0.000000,0.078945,0.037555,0.001249,0.077848,0.001020,0.109249,-0.186684
1.550248,3,0.036273,0.000000,0.078945,0.036471,-0.001258,0.078589,-0.001171,-0.109258,-0.184716
1.554154,0,0.036343,0.000000,0.079251,0.036254,0.001066,0.078225,-0.004823,0.109066,-0.185491
1.554154,1,0.036343,0.000000,0.079251,0.038529,-0.001101,0.078370,0.001204,-0.109101,-0.184716
1.554154,2,0.036343,0.000000,0.079251,0.037624,0.001247,0.078152,0.001088,0.109247,-0.186380
1.554154,3,0.036343,0.000000,0.079251,0.036535,-0.001262,0.078900,-0.001107,-0.109262,-0.184405
1.558428,0,0.036420,0.000000,0.079586,0.036309,0.001070,0.078511,-0.004768,0.109070,-0.185204
1.558428,1,0.036420,0.000000,0.079586,0.038594,-0.001099,0.078679,0.001270,-0.109099,-0.184408
1.558428,2,0.036420,0.000000,0.079586,0.037688,0.001250,0.078469,0.001152,0.109250,-0.186062
1.558428,3,0.036420,0.000000,0.079586,0.036617,-0.001259,0.079237,-0.001026,-0.109259,-0.184068
1.562749,0,0.036498,0.000000,0.079925,0.036373,0.001074,0.078831,-0.004704,0.109074,-0.184885
1.562749,1,0.036498,0.000000,0.079925,0.038659,-0.001108,0.079020,0.001334,-0.109108,-0.184066
1.562749,2,0.036498,0.000000,0.079925,0.037744,0.001248,0.078790,0.001208,0.109248,-0.185741
1.562749,3,0.036498,0.000000,0.079925,0.036694,-0.001263,0.079571,-0.000948,-0.109263,-0.183734
1.567257,0,0.036578,0.000000,0.080278,0.036445,0.001077,0.079153,-0.004632,0.109077,-0.184562
1.567257,1,0.036578,0.000000,0.080278,0.038711,-0.001101,0.079332,0.001386,-0.109101,-0.183755
1.567257,2,0.036578,0.000000,0.080278,0.037807,0.001240,0.079102,0.001271,0.109240,-0.185430
1.567257,3,0.036578,0.000000,0.080278,0.036795,-0.001266,0.079925,-0.000847,-0.109266,-0.183380
1.571873,0,0.036661,0.000000,0.080640,0.036523,0.001081,0.079502,-0.004554,0.109081,-0.184214
1.571873,1,0.036661,0.000000,0.080640,0.038781,-0.001104,0.079670,0.001456,-0.109104,-0.183416
1.571873,2,0.036661,0.000000,0.080640,0.037890,0.001238,0.079459,0.001355,0.109238,-0.185072
1.571873,3,0.036661,0.000000,0.080640,0.036868,-0.001263,0.080276,-0.000775,-0.109263,-0.183030
1.575863,0,0.036731,0.000000,0.080952,0.036592,0.001085,0.079838,-0.004485,0.109085,-0.183877
1.575863,1,0.036731,0.000000,0.080952,0.038835,-0.001102,0.079988,0.001510,-0.109102,-0.183098
1.575863,2,0.036731,0.000000,0.080952,0.037963,0.001241,0.079774,0.001427,0.109241,-0.184757
1.575863,3,0.036731,0.000000,0.080952,0.036930,-0.001261,0.080564,-0.000712,-0.109261,-0.182742
1.580390,0,0.036812,0.000000,0.081306,0.036655,0.001088,0.080138,-0.004422,0.109088,-0.183578
1.580390,1,0.036812,0.000000,0.081306,0.038910,-0.001106,0.080317,0.001585,-0.109106,-0.182769
1.580390,2,0.036812,0.000000,0.081306,0.038030,0.001239,0.080106,0.001495,0.109239,-0.184426
1.580390,3,0.036812,0.000000,0.081306,0.037012,-0.001265,0.080905,-0.000631,-0.109265,-0.182401
1.584858,0,0.036891,0.000000,0.081656,0.036727,0.001092,0.080487,-0.004350,0.109092,-0.183228
1.584858,1,0.036891,0.000000,0.081656,0.038963,-0.001121,0.080642,0.001638,-0.109121,-0.182444
1.584858,2,0.036891,0.000000,0.081656,0.038125,0.001237,0.080464,0.001589,0.109237,-0.184068
1.584858,3,0.036891,0.000000,0.081656,0.037085,-0.001262,0.081229,-0.000557,-0.109262,-0.182076
1.589309,0,0.036969,0.000000,0.082004,0.036796,0.001095,0.080824,-0.004281,0.109095,-0.182892
1.589309,1,0.036969,0.000000,0.082004,0.039049,-0.001118,0.080998,0.001725,-0.109118,-0.182088
1.589309,2,0.036969,0.000000,0.082004,0.038195,0.001240,0.080822,0.001659,0.109240,-0.183709
1.589309,3,0.036969,0.000000,0.082004,0.037162,-0.001260,0.081561,-0.000480,-0.109260,-0.181745
1.593694,0,0.037047,0.000000,0.082347,0.036866,0.001099,0.081170,-0.004211,0.109099,-0.182545
1.593694,1,0.037047,0.000000,0.082347,0.039134,-0.001122,0.081363,0.001810,-0.109122,-0.181723
1.593694,2,0.037047,0.000000,0.082347,0.038286,0.001238,0.081167,0.001751,0.109238,-0.183364
1.593694,3,0.037047,0.000000,0.082347,0.037251,-0.001263,0.081905,-0.000392,-0.109263,-0.181400
1.598280,0,0.037127,0.000000,0.082705,0.036944,0.001102,0.081520,-0.004134,0.109102,-0.182196
1.598280,1,0.037127,0.000000,0.082705,0.039200,-0.001120,0.081702,0.001876,-0.109120,-0.181384
1.598280,2,0.037127,0.000000,0.082705,0.038380,0.001230,0.081523,0.001845,0.109230,-0.183009
1.598280,3,0.037127,0.000000,0.082705,0.037329,-0.001266,0.082260,-0.000314,-0.109266,-0.181045
1.602685,0,0.037204,0.000000,0.083049,0.037008,0.001106,0.081877,-0.004069,0.109106,-0.181839
1.602685,1,0.037204,0.000000,0.083049,0.039285,-0.001112,0.082062,0.001960,-0.109112,-0.181025
1.602685,2,0.037204,0.000000,0.083049,0.038476,0.001227,0.081885,0.001940,0.109227,-0.182647
1.602685,3,0.037204,0.000000,0.083049,0.037401,-0.001264,0.082602,-0.000242,-0.109264,-0.180703
1.606901,0,0.037278,0.000000,0.083378,0.037075,0.001104,0.082224,-0.004002,0.109104,-0.181492
1.606901,1,0.037278,0.000000,0.083378,0.039347,-0.001115,0.082378,0.002022,-0.109115,-0.180709
1.606901,2,0.037278,0.000000,0.083378,0.038558,0.001225,0.082204,0.002022,0.109225,-0.182328
1.606901,3,0.037278,0.000000,0.083378,0.037473,-0.001272,0.082924,-0.000169,-0.109272,-0.180381
1.610723,0,0.037344,0.000000,0.083677,0.037151,0.001107,0.082564,-0.003926,0.109107,-0.181152
1.610723,1,0.037344,0.000000,0.083677,0.039421,-0.001119,0.082707,0.002096,-0.109119,-0.180379
1.610723,2,0.037344,0.000000,0.083677,0.038647,0.001228,0.082540,0.002111,0.109228,-0.181992
1.610723,3,0.037344,0.000000,0.083677,0.037530,-0.001265,0.083219,-0.000112,-0.109265,-0.180086
1.613946,0,0.037401,0.000000,0.083928,0.037198,0.001111,0.082838,-0.003879,0.109111,-0.180877
1.613946,1,0.037401,0.000000,0.083928,0.039463,-0.001123,0.082943,0.002138,-0.109123,-0.180143
1.613946,2,0.037401,0.000000,0.083928,0.038718,0.001227,0.082786,0.002183,0.109227,-0.181745
1.613946,3,0.037401,0.000000,0.083928,0.037585,-0.001274,0.083465,-0.000057,-0.109274,-0.179840
1.617883,0,0.037469,0.000000,0.084235,0.037261,0.001104,0.083122,-0.003816,0.109104,-0.180593
1.617883,1,0.037469,0.000000,0.084235,0.039528,-0.001121,0.083243,0.002203,-0.109121,-0.179843
1.617883,2,0.037469,0.000000,0.084235,0.038793,0.001225,0.083122,0.002257,0.109225,-0.181409
1.617883,3,0.037469,0.000000,0.084235,0.037633,-0.001272,0.083767,-0.000009,-0.109272,-0.179538
1.621065,0,0.037524,0.000000,0.084483,0.037332,0.001107,0.083410,-0.003745,0.109107,-0.180306
1.621065,1,0.037524,0.000000,0.084483,0.039591,-0.001119,0.083503,0.002266,-0.109119,-0.179583
1.621065,2,0.037524,0.000000,0.084483,0.038871,0.001223,0.083408,0.002335,0.109223,-0.181123
1.621065,3,0.037524,0.000000,0.084483,0.037673,-0.001276,0.084003,0.000031,-0.109276,-0.179302
1.624004,0,0.037575,0.000000,0.084712,0.037373,0.001106,0.083671,-0.003704,0.109106,-0.180044
1.624004,1,0.037575,0.000000,0.084712,0.039635,-0.001112,0.083736,0.002310,-0.109112,-0.179350
1.624004,2,0.037575,0.000000,0.084712,0.038918,0.001232,0.083658,0.002383,0.109232,-0.180874
1.624004,3,0.037575,0.000000,0.084712,0.037712,-0.001280,0.084229,0.000070,-0.109280,-0.179076
1.627345,0,0.037632,0.000000,0.084972,0.037434,0.001115,0.083919,-0.003643,0.109115,-0.179797
1.627345,1,0.037632,0.000000,0.084972,0.039679,-0.001122,0.083969,0.002354,-0.109122,-0.179117
1.627345,2,0.037632,0.000000,0.084972,0.038981,0.001230,0.083908,0.002445,0.109230,-0.180624
1.627345,3,0.037632,0.000000,0.084972,0.037754,-0.001283,0.084478,0.000112,-0.109283,-0.178827
1.630488,0,0.037687,0.000000,0.085217,0.037493,0.001108,0.084180,-0.003584,0.109108,-0.179535
1.630488,1,0.037687,0.000000,0.085217,0.039734,-0.001120,0.084226,0.002409,-0.109120,-0.178860
1.630488,2,0.037687,0.000000,0.085217,0.039044,0.001228,0.084177,0.002508,0.109228,-0.180354
1.630488,3,0.037687,0.000000,0.085217,0.037796,-0.001287,0.084727,0.000154,-0.109287,-0.178578
1.633475,0,0.037738,0.000000,0.085449,0.037546,0.001101,0.084422,-0.003531,0.109101,-0.179294
1.633475,1,0.037738,0.000000,0.085449,0.039787,-0.001119,0.084469,0.002463,-0.109119,-0.178617
1.633475,2,0.037738,0.000000,0.085449,0.039100,0.001221,0.084404,0.002564,0.109221,-0.180128
1.633475,3,0.037738,0.000000,0.085449,0.037835,-0.001291,0.084954,0.000193,-0.109291,-0.178352
1.636238,0,0.037785,0.000000,0.085664,0.037594,0.001100,0.084660,-0.003483,0.109100,-0.179055
1.636238,1,0.037785,0.000000,0.085664,0.039835,-0.001112,0.084699,0.002510,-0.109112,-0.178387
1.636238,2,0.037785,0.000000,0.085664,0.039144,0.001225,0.084654,0.002608,0.109225,-0.179878
1.636238,3,0.037785,0.000000,0.085664,0.037876,-0.001300,0.085176,0.000234,-0.109300,-0.178129
1.638987,0,0.037832,0.000000,0.085877,0.037651,0.001098,0.084885,-0.003427,0.109098,-0.178830
1.638987,1,0.037832,0.000000,0.085877,0.039889,-0.001116,0.084910,0.002564,-0.109116,-0.178177
1.638987,2,0.037832,0.000000,0.085877,0.039198,0.001229,0.084874,0.002662,0.109229,-0.179658
1.638987,3,0.037832,0.000000,0.085877,0.037913,-0.001304,0.085389,0.000271,-0.109304,-0.177916
1.641733,0,0.037879,0.000000,0.086091,0.037688,0.001097,0.085097,-0.003389,0.109097,-0.178618
1.641733,1,0.037879,0.000000,0.086091,0.039934,-0.001109,0.085136,0.002610,-0.109109,-0.177950
1.641733,2,0.037879,0.000000,0.086091,0.039248,0.001217,0.085097,0.002713,0.109217,-0.179435
1.641733,3,0.037879,0.000000,0.086091,0.037951,-0.001302,0.085592,0.000309,-0.109302,-0.177713
1.644894,0,0.037933,0.000000,0.086336,0.037745,0.001096,0.085322,-0.003333,0.109096,-0.178393
1.644894,1,0.037933,0.000000,0.086336,0.040000,-0.001108,0.085364,0.002675,-0.109108,-0.177723
1.644894,2,0.037933,0.000000,0.086336,0.039300,0.001220,0.085370,0.002764,0.109220,-0.179161
1.644894,3,0.037933,0.000000,0.086336,0.037999,-0.001311,0.085855,0.000357,-0.109311,-0.177450
1.649055,0,0.038004,0.000000,0.086659,0.037800,0.001105,0.085587,-0.003278,0.109105,-0.178128
1.649055,1,0.038004,0.000000,0.086659,0.040070,-0.001106,0.085647,0.002745,-0.109106,-0.177439
1.649055,2,0.038004,0.000000,0.086659,0.039371,0.001224,0.085677,0.002835,0.109224,-0.178854
1.649055,3,0.038004,0.000000,0.086659,0.038057,-0.001320,0.086171,0.000414,-0.109320,-0.177134
1.653194,0,0.038075,0.000000,0.086980,0.037869,0.001097,0.085929,-0.003208,0.109097,-0.177787
1.653194,1,0.038075,0.000000,0.086980,0.040155,-0.001104,0.085995,0.002831,-0.109104,-0.177091
1.653194,2,0.038075,0.000000,0.086980,0.039454,0.001221,0.086021,0.002918,0.109221,-0.178511
1.653194,3,0.038075,0.000000,0.086980,0.038110,-0.001312,0.086461,0.000468,-0.109312,-0.176844
1.671435,0,0.038382,0.000000,0.088392,0.037944,0.001101,0.086250,-0.003133,0.109101,-0.177466
1.671435,1,0.038382,0.000000,0.088392,0.040721,-0.001097,0.087167,0.003397,-0.109097,-0.175919
1.671435,2,0.038382,0.000000,0.088392,0.039710,0.001229,0.087266,0.003174,0.109229,-0.177266
1.671435,3,0.038382,0.000000,0.088392,0.038316,-0.001336,0.087613,0.000673,-0.109336,-0.175692
1.674904,0,0.038440,0.000000,0.088660,0.038251,0.001104,0.087513,-0.002826,0.109104,-0.176202
1.674904,1,0.038440,0.000000,0.088660,0.040508,-0.001111,0.087456,0.003183,-0.109111,-0.175630
1.674904,2,0.038440,0.000000,0.088660,0.039777,0.001227,0.087507,0.003241,0.109227,-0.177025
1.674904,3,0.038440,0.000000,0.088660,0.038358,-0.001345,0.087830,0.000715,-0.109345,-0.175475
1.678342,0,0.038498,0.000000,0.088926,0.038296,0.001102,0.087756,-0.002781,0.109102,-0.175960
1.678342,1,0.038498,0.000000,0.088926,0.040580,-0.001109,0.087744,0.003255,-0.109109,-0.175342
1.678342,2,0.038498,0.000000,0.088926,0.039846,0.001236,0.087834,0.003310,0.109236,-0.176697
1.678342,3,0.038498,0.000000,0.088926,0.038433,-0.001364,0.088147,0.000791,-0.109364,-0.175158
1.681348,0,0.038548,0.000000,0.089158,0.038376,0.001106,0.088051,-0.002701,0.109106,-0.175665
1.681348,1,0.038548,0.000000,0.089158,0.040651,-0.001113,0.087995,0.003326,-0.109113,-0.175091
1.681348,2,0.038548,0.000000,0.089158,0.039907,0.001234,0.088075,0.003372,0.109234,-0.176456
1.681348,3,0.038548,0.000000,0.089158,0.038482,-0.001356,0.088384,0.000839,-0.109356,-0.174921
1.684778,0,0.038605,0.000000,0.089422,0.038456,0.001104,0.088333,-0.002622,0.109104,-0.175383
1.684778,1,0.038605,0.000000,0.089422,0.040739,-0.001100,0.088307,0.003415,-0.109100,-0.174779
1.684778,2,0.038605,0.000000,0.089422,0.039985,0.001243,0.088390,0.003449,0.109243,-0.176142
1.684778,3,0.038605,0.000000,0.089422,0.038563,-0.001359,0.088711,0.000921,-0.109359,-0.174594
1.687814,0,0.038656,0.000000,0.089656,0.038526,0.001102,0.088609,-0.002551,0.109102,-0.175107
1.687814,1,0.038656,0.000000,0.089656,0.040800,-0.001093,0.088535,0.003476,-0.109093,-0.174551
1.687814,2,0.038656,0.000000,0.089656,0.040049,0.001241,0.088664,0.003513,0.109241,-0.175868
1.687814,3,0.038656,0.000000,0.089656,0.038627,-0.001362,0.088981,0.000985,-0.109362,-0.174324
1.690302,0,0.038697,0.000000,0.089848,0.038604,0.001101,0.088871,-0.002473,0.109101,-0.174845
1.690302,1,0.038697,0.000000,0.089848,0.040868,-0.001087,0.088767,0.003544,-0.109087,-0.174320
1.690302,2,0.038697,0.000000,0.089848,0.040093,0.001234,0.088871,0.003557,0.109234,-0.175660
1.690302,3,0.038697,0.000000,0.089848,0.038680,-0.001356,0.089188,0.001037,-0.109356,-0.174117
1.693944,0,0.038757,0.000000,0.090128,0.038668,0.001094,0.089080,-0.002409,0.109094,-0.174636
1.693944,1,0.038757,0.000000,0.090128,0.040912,-0.001085,0.089004,0.003587,-0.109085,-0.174082
1.693944,2,0.038757,0.000000,0.090128,0.040169,0.001232,0.089150,0.003633,0.109232,-0.175382
1.693944,3,0.038757,0.000000,0.090128,0.038741,-0.001353,0.089469,0.001099,-0.109353,-0.173836
1.697981,0,0.038824,0.000000,0.090438,0.038764,0.001097,0.089429,-0.002313,0.109097,-0.174287
1.697981,1,0.038824,0.000000,0.090438,0.040983,-0.001083,0.089339,0.003658,-0.109083,-0.173747
1.697981,2,0.038824,0.000000,0.090438,0.040246,0.001229,0.089504,0.003710,0.109229,-0.175027
1.697981,3,0.038824,0.000000,0.090438,0.038824,-0.001356,0.089810,0.001182,-0.109356,-0.173496
1.702448,0,0.038898,0.000000,0.090781,0.038853,0.001090,0.089751,-0.002224,0.109090,-0.173964
1.702448,1,0.038898,0.000000,0.090781,0.041046,-0.001086,0.089671,0.003721,-0.109086,-0.173415
1.702448,2,0.038898,0.000000,0.090781,0.040329,0.001232,0.089873,0.003793,0.109232,-0.174659
1.702448,3,0.038898,0.000000,0.090781,0.038905,-0.001348,0.090157,0.001263,-0.109348,-0.173148
1.706646,0,0.038967,0.000000,0.091104,0.038955,0.001087,0.090117,-0.002122,0.109087,-0.173599
1.706646,1,0.038967,0.000000,0.091104,0.041111,-0.001084,0.090006,0.003787,-0.109084,-0.173080
1.706646,2,0.038967,0.000000,0.091104,0.040405,0.001225,0.090205,0.003869,0.109225,-0.174327
1.706646,3,0.038967,0.000000,0.091104,0.038975,-0.001346,0.090481,0.001333,-0.109346,-0.172824
1.711225,0,0.039042,0.000000,0.091455,0.039053,0.001080,0.090463,-0.002024,0.109080,-0.173253
1.711225,1,0.039042,0.000000,0.091455,0.041204,-0.001077,0.090359,0.003880,-0.109077,-0.172727
1.711225,2,0.039042,0.000000,0.091455,0.040484,0.001227,0.090587,0.003948,0.109227,-0.173945
1.711225,3,0.039042,0.000000,0.091455,0.039058,-0.001348,0.090849,0.001416,-0.109348,-0.172456
1.715565,0,0.039112,0.000000,0.091787,0.039148,0.001078,0.090809,-0.001929,0.109078,-0.172907
1.715565,1,0.039112,0.000000,0.091787,0.041310,-0.001064,0.090712,0.003985,-0.109064,-0.172374
1.715565,2,0.039112,0.000000,0.091787,0.040552,0.001225,0.090955,0.004017,0.109225,-0.173576
1.715565,3,0.039112,0.000000,0.091787,0.039145,-0.001350,0.091197,0.001502,-0.109350,-0.172108
1.719541,0,0.039177,0.000000,0.092091,0.039234,0.001076,0.091165,-0.001843,0.109076,-0.172550
1.719541,1,0.039177,0.000000,0.092091,0.041397,-0.001057,0.091065,0.004072,-0.109057,-0.172021
1.719541,2,0.039177,0.000000,0.092091,0.040601,0.001222,0.091270,0.004065,0.109222,-0.173261
1.719541,3,0.039177,0.000000,0.092091,0.039204,-0.001343,0.091508,0.001562,-0.109343,-0.171797
1.723517,0,0.039242,0.000000,0.092395,0.039325,0.001068,0.091475,-0.001752,0.109068,-0.172241
1.723517,1,0.039242,0.000000,0.092395,0.041470,-0.001050,0.091364,0.004145,-0.109050,-0.171722
1.723517,2,0.039242,0.000000,0.092395,0.040654,0.001220,0.091592,0.004118,0.109220,-0.172940
1.723517,3,0.039242,0.000000,0.092395,0.039270,-0.001340,0.091816,0.001627,-0.109340,-0.171489
1.727949,0,0.039314,0.000000,0.092734,0.039404,0.001077,0.091808,-0.001674,0.109077,-0.171908
1.727949,1,0.039314,0.000000,0.092734,0.041557,-0.001042,0.091697,0.004232,-0.109042,-0.171389
1.727949,2,0.039314,0.000000,0.092734,0.040721,0.001223,0.091934,0.004185,0.109223,-0.172598
1.727949,3,0.039314,0.000000,0.092734,0.039335,-0.001343,0.092164,0.001693,-0.109343,-0.171141
1.732441,0,0.039386,0.000000,0.093076,0.039490,0.001069,0.092171,-0.001587,0.109069,-0.171544
1.732441,1,0.039386,0.000000,0.093076,0.041651,-0.001045,0.092080,0.004327,-0.109045,-0.171006
1.732441,2,0.039386,0.000000,0.093076,0.040795,0.001220,0.092323,0.004259,0.109220,-0.172208
1.732441,3,0.039386,0.000000,0.093076,0.039414,-0.001345,0.092536,0.001772,-0.109345,-0.170769
1.736508,0,0.039452,0.000000,0.093386,0.039583,0.001072,0.092528,-0.001494,0.109072,-0.171188
1.736508,1,0.039452,0.000000,0.093386,0.041727,-0.001038,0.092403,0.004402,-0.109038,-0.170683
1.736508,2,0.039452,0.000000,0.093386,0.040860,0.001223,0.092662,0.004325,0.109223,-0.171869
1.736508,3,0.039452,0.000000,0.093386,0.039480,-0.001348,0.092848,0.001838,-0.109348,-0.170457
1.741040,0,0.039524,0.000000,0.093731,0.039662,0.001070,0.092865,-0.001415,0.109070,-0.170851
1.741040,1,0.039524,0.000000,0.093731,0.041799,-0.001031,0.092730,0.004474,-0.109031,-0.170357
1.741040,2,0.039524,0.000000,0.093731,0.040923,0.001215,0.093018,0.004387,0.109215,-0.171514
1.741040,3,0.039524,0.000000,0.093731,0.039567,-0.001355,0.093210,0.001925,-0.109355,-0.170095
1.745047,0,0.039589,0.000000,0.094035,0.039738,0.001073,0.093209,-0.001339,0.109073,-0.170507
1.745047,1,0.039589,0.000000,0.094035,0.041868,-0.001034,0.093066,0.004543,-0.109034,-0.170020
1.745047,2,0.039589,0.000000,0.094035,0.040979,0.001218,0.093360,0.004444,0.109218,-0.171171
1.745047,3,0.039589,0.000000,0.094035,0.039639,-0.001363,0.093545,0.001997,-0.109363,-0.169760
1.749035,0,0.039652,0.000000,0.094338,0.039814,0.001066,0.093529,-0.001264,0.109066,-0.170187
1.749035,1,0.039652,0.000000,0.094338,0.041928,-0.001027,0.093372,0.004604,-0.109027,-0.169714
1.749035,2,0.039652,0.000000,0.094338,0.041051,0.001216,0.093690,0.004516,0.109216,-0.170842
1.749035,3,0.039652,0.000000,0.094338,0.039704,-0.001371,0.093877,0.002061,-0.109371,-0.169428
1.753157,0,0.039718,0.000000,0.094651,0.039874,0.001064,0.093826,-0.001203,0.109064,-0.169889
1.753157,1,0.039718,0.000000,0.094651,0.041991,-0.001025,0.093675,0.004666,-0.109025,-0.169411
1.753157,2,0.039718,0.000000,0.094651,0.041115,0.001203,0.093989,0.004580,0.109203,-0.170542
1.753157,3,0.039718,0.000000,0.094651,0.039779,-0.001368,0.094212,0.002137,-0.109368,-0.169093
1.757692,0,0.039790,0.000000,0.094994,0.039940,0.001067,0.094164,-0.001137,0.109067,-0.169552
1.757692,1,0.039790,0.000000,0.094994,0.042063,-0.001028,0.094018,0.004738,-0.109028,-0.169068
1.757692,2,0.039790,0.000000,0.094994,0.041174,0.001211,0.094312,0.004639,0.109211,-0.170220
1.757692,3,0.039790,0.000000,0.094994,0.039878,-0.001375,0.094588,0.002236,-0.109375,-0.168717
1.761662,0,0.039853,0.000000,0.095295,0.040018,0.001065,0.094518,-0.001059,0.109065,-0.169198
1.761662,1,0.039853,0.000000,0.095295,0.042140,-0.001026,0.094359,0.004815,-0.109026,-0.168727
1.761662,2,0.039853,0.000000,0.095295,0.041235,0.001214,0.094635,0.004700,0.109214,-0.169897
1.761662,3,0.039853,0.000000,0.095295,0.039944,-0.001373,0.094907,0.002302,-0.109373,-0.168398
1.766067,0,0.039922,0.000000,0.095628,0.040101,0.001058,0.094842,-0.000976,0.109058,-0.168874
1.766067,1,0.039922,0.000000,0.095628,0.042210,-0.001029,0.094679,0.004885,-0.109029,-0.168407
1.766067,2,0.039922,0.000000,0.095628,0.041311,0.001212,0.094971,0.004775,0.109212,-0.169560
1.766067,3,0.039922,0.000000,0.095628,0.040029,-0.001380,0.095277,0.002387,-0.109380,-0.168029
1.770120,0,0.039986,0.000000,0.095933,0.040178,0.001061,0.095206,-0.000899,0.109061,-0.168509
1.770120,1,0.039986,0.000000,0.095933,0.042279,-0.001032,0.095009,0.004955,-0.109032,-0.168077
1.770120,2,0.039986,0.000000,0.095933,0.041389,0.001215,0.095298,0.004853,0.109215,-0.169233
1.770120,3,0.039986,0.000000,0.095933,0.040105,-0.001382,0.095599,0.002463,-0.109382,-0.167706
1.774034,0,0.040048,0.000000,0.096228,0.040237,0.001059,0.095521,-0.000840,0.109059,-0.168195
1.774034,1,0.040048,0.000000,0.096228,0.042341,-0.001041,0.095309,0.005016,-0.109041,-0.167777
1.774034,2,0.040048,0.000000,0.096228,0.041467,0.001207,0.095618,0.004931,0.109207,-0.168913
1.774034,3,0.040048,0.000000,0.096228,0.040162,-0.001385,0.095905,0.002519,-0.109385,-0.167400
1.778161,0,0.040112,0.000000,0.096539,0.040305,0.001057,0.095832,-0.000772,0.109057,-0.167884
1.778161,1,0.040112,0.000000,0.096539,0.042415,-0.001039,0.095626,0.005091,-0.109039,-0.167460
1.778161,2,0.040112,0.000000,0.096539,0.041562,0.001205,0.095956,0.005027,0.109205,-0.168576
1.778161,3,0.040112,0.000000,0.096539,0.040230,-0.001387,0.096224,0.002588,-0.109387,-0.167081
1.782274,0,0.040176,0.000000,0.096848,0.040364,0.001060,0.096156,-0.000713,0.109060,-0.167559
1.782274,1,0.040176,0.000000,0.096848,0.042504,-0.001042,0.095964,0.005179,-0.109042,-0.167122
1.782274,2,0.040176,0.000000,0.096848,0.041654,0.001213,0.096294,0.005119,0.109213,-0.168238
1.782274,3,0.040176,0.000000,0.096848,0.040304,-0.001385,0.096540,0.002662,-0.109385,-0.166765
1.786269,0,0.040239,0.000000,0.097148,0.040429,0.001063,0.096474,-0.000648,0.109063,-0.167241
1.786269,1,0.040239,0.000000,0.097148,0.042573,-0.001040,0.096291,0.005248,-0.109040,-0.166795
1.786269,2,0.040239,0.000000,0.097148,0.041742,0.001210,0.096608,0.005206,0.109210,-0.167924
1.786269,3,0.040239,0.000000,0.097148,0.040372,-0.001392,0.096843,0.002730,-0.109392,-0.166462
1.790883,0,0.040310,0.000000,0.097494,0.040493,0.001061,0.096806,-0.000584,0.109061,-0.166910
1.790883,1,0.040310,0.000000,0.097494,0.042660,-0.001043,0.096646,0.005336,-0.109043,-0.166440
1.790883,2,0.040310,0.000000,0.097494,0.041840,0.001208,0.096953,0.005305,0.109208,-0.167579
1.790883,3,0.040310,0.000000,0.097494,0.040452,-0.001389,0.097216,0.002810,-0.109389,-0.166089
1.794874,0,0.040372,0.000000,0.097793,0.040570,0.001064,0.097171,-0.000508,0.109064,-0.166545
1.794874,1,0.040372,0.000000,0.097793,0.042741,-0.001040,0.097004,0.005416,-0.109040,-0.166082
1.794874,2,0.040372,0.000000,0.097793,0.041908,0.001200,0.097273,0.005372,0.109200,-0.167258
1.794874,3,0.040372,0.000000,0.097793,0.040518,-0.001392,0.097539,0.002876,-0.109392,-0.165766
1.798506,0,0.040428,0.000000,0.098065,0.040645,0.001067,0.097499,-0.000432,0.109067,-0.166216
1.798506,1,0.040428,0.000000,0.098065,0.042820,-0.001038,0.097332,0.005495,-0.109038,-0.165754
1.798506,2,0.040428,0.000000,0.098065,0.041990,0.001203,0.097591,0.005454,0.109203,-0.166941
1.798506,3,0.040428,0.000000,0.098065,0.040578,-0.001384,0.097829,0.002936,-0.109384,-0.165476
1.801691,0,0.040477,0.000000,0.098303,0.040693,0.001070,0.097771,-0.000384,0.109070,-0.165945
1.801691,1,0.040477,0.000000,0.098303,0.042874,-0.001042,0.097579,0.005550,-0.109042,-0.165507
1.801691,2,0.040477,0.000000,0.098303,0.042049,0.001202,0.097824,0.005513,0.109202,-0.166707
1.801691,3,0.040477,0.000000,0.098303,0.040622,-0.001387,0.098095,0.002980,-0.109387,-0.165211
1.805194,0,0.040531,0.000000,0.098564,0.040760,0.001068,0.098045,-0.000317,0.109068,-0.165670
1.805194,1,0.040531,0.000000,0.098564,0.042951,-0.001035,0.097870,0.005626,-0.109035,-0.165216
1.805194,2,0.040531,0.000000,0.098564,0.042120,0.001205,0.098122,0.005584,0.109205,-0.166410
1.805194,3,0.040531,0.000000,0.098564,0.040686,-0.001390,0.098388,0.003044,-0.109390,-0.164918
1.808467,0,0.040581,0.000000,0.098808,0.040812,0.001071,0.098324,-0.000265,0.109071,-0.165392
1.808467,1,0.040581,0.000000,0.098808,0.042997,-0.001038,0.098130,0.005672,-0.109038,-0.164956
1.808467,2,0.040581,0.000000,0.098808,0.042186,0.001208,0.098382,0.005650,0.109208,-0.166149
1.808467,3,0.040581,0.000000,0.098808,0.040737,-0.001382,0.098640,0.003094,-0.109382,-0.164665
1.812584,0,0.040644,0.000000,0.099114,0.040858,0.001075,0.098575,-0.000219,0.109075,-0.165140
1.812584,1,0.040644,0.000000,0.099114,0.043047,-0.001037,0.098394,0.005722,-0.109037,-0.164692
1.812584,2,0.040644,0.000000,0.099114,0.042264,0.001205,0.098700,0.005729,0.109205,-0.165831
1.812584,3,0.040644,0.000000,0.099114,0.040809,-0.001380,0.098974,0.003167,-0.109380,-0.164331
1.815721,0,0.040691,0.000000,0.099347,0.040922,0.001068,0.098894,-0.000155,0.109068,-0.164822
1.815721,1,0.040691,0.000000,0.099347,0.043101,-0.001040,0.098688,0.005776,-0.109040,-0.164398
1.815721,2,0.040691,0.000000,0.099347,0.042328,0.001203,0.098971,0.005792,0.109203,-0.165561
1.815721,3,0.040691,0.000000,0.099347,0.040854,-0.001383,0.099223,0.003212,-0.109383,-0.164082
1.818520,0,0.040734,0.000000,0.099555,0.040959,0.001071,0.099112,-0.000118,0.109071,-0.164604
1.818520,1,0.040734,0.000000,0.099555,0.043138,-0.001044,0.098894,0.005814,-0.109044,-0.164192
1.818520,2,0.040734,0.000000,0.099555,0.042379,0.001207,0.099184,0.005843,0.109207,-0.165348
1.818520,3,0.040734,0.000000,0.099555,0.040888,-0.001386,0.099452,0.003245,-0.109386,-0.163853
1.821503,0,0.040779,0.000000,0.099776,0.041005,0.001070,0.099333,-0.000072,0.109070,-0.164382
1.821503,1,0.040779,0.000000,0.099776,0.043190,-0.001042,0.099124,0.005865,-0.109042,-0.163962
1.821503,2,0.040779,0.000000,0.099776,0.042431,0.001205,0.099424,0.005895,0.109205,-0.165108
1.821503,3,0.040779,0.000000,0.099776,0.040927,-0.001379,0.099685,0.003285,-0.109379,-0.163621
1.824419,0,0.040823,0.000000,0.099992,0.041042,0.001068,0.099555,-0.000036,0.109068,-0.164161
1.824419,1,0.040823,0.000000,0.099992,0.043228,-0.001041,0.099337,0.005903,-0.109041,-0.163749
1.824419,2,0.040823,0.000000,0.099992,0.042475,0.001209,0.099644,0.005939,0.109209,-0.164888
1.824419,3,0.040823,0.000000,0.099992,0.040965,-0.001377,0.099910,0.003323,-0.109377,-0.163395
1.827954,0,0.040877,0.000000,0.100254,0.041092,0.001062,0.099763,0.000015,0.109062,-0.163952
1.827954,1,0.040877,0.000000,0.100254,0.043277,-0.001034,0.099567,0.005952,-0.109034,-0.163519
1.827954,2,0.040877,0.000000,0.100254,0.042529,0.001207,0.099887,0.005993,0.109207,-0.164644
1.827954,3,0.040877,0.000000,0.100254,0.041024,-0.001379,0.100194,0.003381,-0.109379,-0.163112
1.832259,0,0.040941,0.000000,0.100572,0.041150,0.001065,0.100052,0.000072,0.109065,-0.163664
1.832259,1,0.040941,0.000000,0.100572,0.043336,-0.001032,0.099879,0.006012,-0.109032,-0.163207
1.832259,2,0.040941,0.000000,0.100572,0.042605,0.001199,0.100209,0.006070,0.109199,-0.164322
1.832259,3,0.040941,0.000000,0.100572,0.041070,-0.001382,0.100527,0.003427,-0.109382,-0.162778
1.836245,0,0.041001,0.000000,0.100866,0.041209,0.001063,0.100368,0.000132,0.109063,-0.163348
1.836245,1,0.041001,0.000000,0.100866,0.043392,-0.001040,0.100180,0.006067,-0.109040,-0.162906
1.836245,2,0.041001,0.000000,0.100866,0.042667,0.001197,0.100497,0.006131,0.109197,-0.164035
1.836245,3,0.041001,0.000000,0.100866,0.041119,-0.001379,0.100827,0.003477,-0.109379,-0.162478
1.840722,0,0.041068,0.000000,0.101196,0.041275,0.001056,0.100673,0.000198,0.109056,-0.163042
1.840722,1,0.041068,0.000000,0.101196,0.043460,-0.001043,0.100502,0.006136,-0.109043,-0.162584
1.840722,2,0.041068,0.000000,0.101196,0.042753,0.001205,0.100829,0.006218,0.109205,-0.163702
1.840722,3,0.041068,0.000000,0.101196,0.041189,-0.001381,0.101178,0.003547,-0.109381,-0.162127
1.845237,0,0.041136,0.000000,0.101528,0.041348,0.001064,0.101019,0.000271,0.109064,-0.162696
1.845237,1,0.041136,0.000000,0.101528,0.043542,-0.001041,0.100838,0.006217,-0.109041,-0.162248
1.845237,2,0.041136,0.000000,0.101528,0.042830,0.001202,0.101175,0.006295,0.109202,-0.163357
1.845237,3,0.041136,0.000000,0.101528,0.041249,-0.001383,0.101529,0.003607,-0.109383,-0.161776
1.849249,0,0.041195,0.000000,0.101823,0.041416,0.001062,0.101359,0.000339,0.109062,-0.162357
1.849249,1,0.041195,0.000000,0.101823,0.043622,-0.001039,0.101170,0.006298,-0.109039,-0.161916
1.849249,2,0.041195,0.000000,0.101823,0.042898,0.001205,0.101487,0.006362,0.109205,-0.163045
1.849249,3,0.041195,0.000000,0.101823,0.041293,-0.001380,0.101829,0.003651,-0.109380,-0.161476
1.853690,0,0.041261,0.000000,0.102148,0.041493,0.001055,0.101658,0.000416,0.109055,-0.162057
1.853690,1,0.041261,0.000000,0.102148,0.043696,-0.001042,0.101503,0.006371,-0.109042,-0.161583
1.853690,2,0.041261,0.000000,0.102148,0.042966,0.001208,0.101819,0.006430,0.109208,-0.162713
1.853690,3,0.041261,0.000000,0.102148,0.041354,-0.001378,0.102150,0.003711,-0.109378,-0.161155
1.858287,0,0.041329,0.000000,0.102484,0.041564,0.001048,0.101991,0.000487,0.109048,-0.161724
1.858287,1,0.041329,0.000000,0.102484,0.043765,-0.001030,0.101819,0.006440,-0.109030,-0.161267
1.858287,2,0.041329,0.000000,0.102484,0.043046,0.001205,0.102172,0.006510,0.109205,-0.162360
1.858287,3,0.041329,0.000000,0.102484,0.041405,-0.001365,0.102474,0.003762,-0.109365,-0.160831
1.862402,0,0.041389,0.000000,0.102785,0.041649,0.001050,0.102338,0.000572,0.109050,-0.161378
1.862402,1,0.041389,0.000000,0.102785,0.043851,-0.001033,0.102185,0.006526,-0.109033,-0.160901
1.862402,2,0.041389,0.000000,0.102785,0.043107,0.001207,0.102510,0.006572,0.109207,-0.162021
1.862402,3,0.041389,0.000000,0.102785,0.041467,-0.001362,0.102782,0.003825,-0.109362,-0.160523
1.866657,0,0.041452,0.000000,0.103095,0.041718,0.001048,0.102644,0.000640,0.109048,-0.161072
1.866657,1,0.041452,0.000000,0.103095,0.043914,-0.001031,0.102478,0.006589,-0.109031,-0.160609
1.866657,2,0.041452,0.000000,0.103095,0.043171,0.001205,0.102785,0.006636,0.109205,-0.161746
1.866657,3,0.041452,0.000000,0.103095,0.041540,-0.001369,0.103106,0.003898,-0.109369,-0.160199
1.871210,0,0.041518,0.000000,0.103426,0.041793,0.001046,0.102971,0.000715,0.109046,-0.160745
1.871210,1,0.041518,0.000000,0.103426,0.043986,-0.001028,0.102814,0.006661,-0.109028,-0.160272
1.871210,2,0.041518,0.000000,0.103426,0.043236,0.001208,0.103131,0.006701,0.109208,-0.161400
1.871210,3,0.041518,0.000000,0.103426,0.041608,-0.001367,0.103451,0.003966,-0.109367,-0.159854
1.875759,0,0.041585,0.000000,0.103756,0.041863,0.001039,0.103294,0.000786,0.109039,-0.160422
1.875759,1,0.041585,0.000000,0.103756,0.044067,-0.001031,0.103164,0.006743,-0.109031,-0.159922
1.875759,2,0.041585,0.000000,0.103756,0.043306,0.001205,0.103474,0.006770,0.109205,-0.161058
1.875759,3,0.041585,0.000000,0.103756,0.041682,-0.001368,0.103810,0.004040,-0.109368,-0.159495
1.879935,0,0.041645,0.000000,0.104059,0.041940,0.001037,0.103634,0.000863,0.109037,-0.160082
1.879935,1,0.041645,0.000000,0.104059,0.044127,-0.001019,0.103480,0.006802,-0.109019,-0.159606
1.879935,2,0.041645,0.000000,0.104059,0.043366,0.001213,0.103786,0.006830,0.109213,-0.160746
1.879935,3,0.041645,0.000000,0.104059,0.041758,-0.001361,0.104132,0.004116,-0.109361,-0.159173
1.883659,0,0.041699,0.000000,0.104328,0.042021,0.001040,0.103947,0.000944,0.109040,-0.159768
1.883659,1,0.041699,0.000000,0.104328,0.044177,-0.001027,0.103772,0.006852,-0.109027,-0.159315
1.883659,2,0.041699,0.000000,0.104328,0.043417,0.001210,0.104074,0.006882,0.109210,-0.160457
1.883659,3,0.041699,0.000000,0.104328,0.041826,-0.001353,0.104420,0.004184,-0.109353,-0.158885
1.887110,0,0.041749,0.000000,0.104578,0.042076,0.001033,0.104200,0.000998,0.109033,-0.159515
1.887110,1,0.041749,0.000000,0.104578,0.044227,-0.001026,0.104020,0.006902,-0.109026,-0.159066
1.887110,2,0.041749,0.000000,0.104578,0.043472,0.001213,0.104336,0.006937,0.109213,-0.160196
1.887110,3,0.041749,0.000000,0.104578,0.041880,-0.001351,0.104684,0.004238,-0.109351,-0.158621
1.890182,0,0.041793,0.000000,0.104799,0.042134,0.001037,0.104456,0.001056,0.109037,-0.159259
1.890182,1,0.041793,0.000000,0.104799,0.044274,-0.001024,0.104271,0.006949,-0.109024,-0.158815
1.890182,2,0.041793,0.000000,0.104799,0.043529,0.001206,0.104594,0.006993,0.109206,-0.159937
1.890182,3,0.041793,0.000000,0.104799,0.041929,-0.001354,0.104924,0.004286,-0.109354,-0.158381
1.893026,0,0.041834,0.000000,0.105004,0.042182,0.001040,0.104679,0.001105,0.109040,-0.159037
1.893026,1,0.041834,0.000000,0.105004,0.044315,-0.001018,0.104489,0.006990,-0.109018,-0.158598
1.893026,2,0.041834,0.000000,0.105004,0.043568,0.001210,0.104815,0.007032,0.109210,-0.159717
1.893026,3,0.041834,0.000000,0.105004,0.041978,-0.001347,0.105141,0.004336,-0.109347,-0.158164
1.895820,0,0.041874,0.000000,0.105205,0.042238,0.001038,0.104901,0.001161,0.109038,-0.158814
1.895820,1,0.041874,0.000000,0.105205,0.044358,-0.001012,0.104693,0.007033,-0.109012,-0.158393
1.895820,2,0.041874,0.000000,0.105205,0.043620,0.001208,0.105039,0.007084,0.109208,-0.159492
1.895820,3,0.041874,0.000000,0.105205,0.042014,-0.001350,0.105348,0.004371,-0.109350,-0.157957
1.899065,0,0.041920,0.000000,0.105438,0.042292,0.001027,0.105114,0.001215,0.109027,-0.158601
1.899065,1,0.041920,0.000000,0.105438,0.044401,-0.001020,0.104924,0.007076,-0.109020,-0.158162
1.899065,2,0.041920,0.000000,0.105438,0.043668,0.001206,0.105284,0.007132,0.109206,-0.159247
1.899065,3,0.041920,0.000000,0.105438,0.042071,-0.001348,0.105592,0.004429,-0.109348,-0.157713
1.901841,0,0.041960,0.000000,0.105637,0.042352,0.001026,0.105354,0.001275,0.109026,-0.158362
1.901841,1,0.041960,0.000000,0.105637,0.044446,-0.001018,0.105145,0.007121,-0.109018,-0.157941
1.901841,2,0.041960,0.000000,0.105637,0.043708,0.001205,0.105495,0.007172,0.109205,-0.159037
1.901841,3,0.041960,0.000000,0.105637,0.042113,-0.001342,0.105796,0.004471,-0.109342,-0.157510
1.905044,0,0.042005,0.000000,0.105867,0.042399,0.001039,0.105580,0.001322,0.109039,-0.158136
1.905044,1,0.042005,0.000000,0.105867,0.044477,-0.001012,0.105352,0.007152,-0.109012,-0.157734
1.905044,2,0.042005,0.000000,0.105867,0.043752,0.001208,0.105736,0.007217,0.109208,-0.158796
1.905044,3,0.042005,0.000000,0.105867,0.042158,-0.001345,0.106029,0.004516,-0.109345,-0.157276
1.909278,0,0.042065,0.000000,0.106169,0.042450,0.001032,0.105826,0.001373,0.109032,-0.157890
1.909278,1,0.042065,0.000000,0.106169,0.044539,-0.001010,0.105625,0.007214,-0.109010,-0.157461
1.909278,2,0.042065,0.000000,0.106169,0.043815,0.001210,0.106032,0.007279,0.109210,-0.158500
1.909278,3,0.042065,0.000000,0.106169,0.042228,-0.001342,0.106335,0.004586,-0.109342,-0.156970
1.913748,0,0.042128,0.000000,0.106488,0.042516,0.001030,0.106147,0.001439,0.109030,-0.157569
1.913748,1,0.042128,0.000000,0.106488,0.044600,-0.001013,0.105955,0.007275,-0.109013,-0.157131
1.913748,2,0.042128,0.000000,0.106488,0.043868,0.001208,0.106334,0.007332,0.109208,-0.158197
1.913748,3,0.042128,0.000000,0.106488,0.042307,-0.001353,0.106667,0.004665,-0.109353,-0.156638
1.918078,0,0.042189,0.000000,0.106797,0.042579,0.001033,0.106474,0.001502,0.109033,-0.157242
1.918078,1,0.042189,0.000000,0.106797,0.044665,-0.001011,0.106282,0.007341,-0.109011,-0.156804
1.918078,2,0.042189,0.000000,0.106797,0.043933,0.001210,0.106664,0.007397,0.109210,-0.157867
1.918078,3,0.042189,0.000000,0.106797,0.042382,-0.001351,0.106983,0.004740,-0.109351,-0.156322
1.921353,0,0.042235,0.000000,0.107030,0.042639,0.001031,0.106775,0.001562,0.109031,-0.156941
1.921353,1,0.042235,0.000000,0.107030,0.044736,-0.000999,0.106602,0.007411,-0.108999,-0.156484
1.921353,2,0.042235,0.000000,0.107030,0.043969,0.001208,0.106922,0.007433,0.109208,-0.157609
1.921353,3,0.042235,0.000000,0.107030,0.042440,-0.001353,0.107224,0.004798,-0.109353,-0.156081
1.924345,0,0.042277,0.000000,0.107242,0.042680,0.001034,0.107001,0.001603,0.109034,-0.156715
1.924345,1,0.042277,0.000000,0.107242,0.044766,-0.001008,0.106820,0.007442,-0.109008,-0.156266
1.924345,2,0.042277,0.000000,0.107242,0.044025,0.001216,0.107154,0.007489,0.109216,-0.157377
1.924345,3,0.042277,0.000000,0.107242,0.042485,-0.001347,0.107452,0.004843,-0.109347,-0.155853
1.927379,0,0.042320,0.000000,0.107457,0.042727,0.001028,0.107231,0.001650,0.109028,-0.156485
1.927379,1,0.042320,0.000000,0.107457,0.044820,-0.001011,0.107062,0.007496,-0.109011,-0.156024
1.927379,2,0.042320,0.000000,0.107457,0.044058,0.001214,0.107389,0.007522,0.109214,-0.157143
1.927379,3,0.042320,0.000000,0.107457,0.042545,-0.001354,0.107700,0.004903,-0.109354,-0.155605
1.930301,0,0.042360,0.000000,0.107664,0.042766,0.001022,0.107447,0.001689,0.109022,-0.156269
1.930301,1,0.042360,0.000000,0.107664,0.044866,-0.001005,0.107290,0.007541,-0.109005,-0.155796
1.930301,2,0.042360,0.000000,0.107664,0.044095,0.001212,0.107603,0.007559,0.109212,-0.156929
1.930301,3,0.042360,0.000000,0.107664,0.042600,-0.001352,0.107914,0.004958,-0.109352,-0.155391
1.933263,0,0.042401,0.000000,0.107873,0.042805,0.001025,0.107670,0.001728,0.109025,-0.156046
1.933263,1,0.042401,0.000000,0.107873,0.044912,-0.001003,0.107532,0.007587,-0.109003,-0.155554
1.933263,2,0.042401,0.000000,0.107873,0.044140,0.001216,0.107828,0.007604,0.109216,-0.156704
1.933263,3,0.042401,0.000000,0.107873,0.042663,-0.001355,0.108156,0.005020,-0.109355,-0.155150
1.936363,0,0.042444,0.000000,0.108092,0.042864,0.001028,0.107920,0.001787,0.109028,-0.155796
1.936363,1,0.042444,0.000000,0.108092,0.044959,-0.000997,0.107781,0.007634,-0.108997,-0.155305
1.936363,2,0.042444,0.000000,0.108092,0.044184,0.001223,0.108083,0.007649,0.109223,-0.156449
1.936363,3,0.042444,0.000000,0.108092,0.042724,-0.001353,0.108401,0.005082,-0.109353,-0.154905
1.939178,0,0.042483,0.000000,0.108290,0.042885,0.001032,0.108136,0.001808,0.109032,-0.155580
1.939178,1,0.042483,0.000000,0.108290,0.044994,-0.001000,0.107995,0.007669,-0.109000,-0.155091
1.939178,2,0.042483,0.000000,0.108290,0.044226,0.001217,0.108294,0.007690,0.109217,-0.156237
1.939178,3,0.042483,0.000000,0.108290,0.042779,-0.001351,0.108615,0.005136,-0.109351,-0.154690
1.943577,0,0.042544,0.000000,0.108599,0.042937,0.001030,0.108369,0.001859,0.109030,-0.155346
1.943577,1,0.042544,0.000000,0.108599,0.045041,-0.000998,0.108268,0.007717,-0.108998,-0.154818
1.943577,2,0.042544,0.000000,0.108599,0.044285,0.001219,0.108594,0.007749,0.109219,-0.155937
1.943577,3,0.042544,0.000000,0.108599,0.042866,-0.001352,0.108959,0.005224,-0.109352,-0.154346
1.948054,0,0.042605,0.000000,0.108913,0.042984,0.001033,0.108694,0.001907,0.109033,-0.155022
1.948054,1,0.042605,0.000000,0.108913,0.045081,-0.000992,0.108567,0.007756,-0.108992,-0.154519
1.948054,2,0.042605,0.000000,0.108913,0.044330,0.001217,0.108900,0.007794,0.109217,-0.155631
1.948054,3,0.042605,0.000000,0.108913,0.042954,-0.001345,0.109300,0.005312,-0.109345,-0.154006
1.952445,0,0.042665,0.000000,0.109220,0.043041,0.001031,0.109008,0.001964,0.109031,-0.154707
1.952445,1,0.042665,0.000000,0.109220,0.045143,-0.000994,0.108902,0.007818,-0.108994,-0.154185
1.952445,2,0.042665,0.000000,0.109220,0.044390,0.001224,0.109224,0.007854,0.109224,-0.155308
1.952445,3,0.042665,0.000000,0.109220,0.043027,-0.001356,0.109650,0.005385,-0.109356,-0.153655
1.956581,0,0.042722,0.000000,0.109509,0.043096,0.001028,0.109316,0.002018,0.109028,-0.154399
1.956581,1,0.042722,0.000000,0.109509,0.045193,-0.000992,0.109208,0.007868,-0.108992,-0.153878
1.956581,2,0.042722,0.000000,0.109509,0.044434,0.001221,0.109500,0.007898,0.109221,-0.155032
1.956581,3,0.042722,0.000000,0.109509,0.043093,-0.001358,0.109953,0.005451,-0.109358,-0.153352
1.960392,0,0.042774,0.000000,0.109774,0.043143,0.001031,0.109624,0.002066,0.109031,-0.154092
1.960392,1,0.042774,0.000000,0.109774,0.045235,-0.000990,0.109498,0.007910,-0.108990,-0.153588
1.960392,2,0.042774,0.000000,0.109774,0.044477,0.001229,0.109762,0.007941,0.109229,-0.154770
1.960392,3,0.042774,0.000000,0.109774,0.043150,-0.001365,0.110242,0.005508,-0.109365,-0.153063
1.964926,0,0.042835,0.000000,0.110090,0.043190,0.001034,0.109905,0.002113,0.109034,-0.153811
1.964926,1,0.042835,0.000000,0.110090,0.045287,-0.000989,0.109781,0.007962,-0.108989,-0.153305
1.964926,2,0.042835,0.000000,0.110090,0.044544,0.001231,0.110069,0.008008,0.109231,-0.154462
1.964926,3,0.042835,0.000000,0.110090,0.043225,-0.001362,0.110579,0.005583,-0.109362,-0.152726
1.969391,0,0.042895,0.000000,0.110399,0.043255,0.001027,0.110230,0.002178,0.109027,-0.153486
1.969391,1,0.042895,0.000000,0.110399,0.045352,-0.001000,0.110129,0.008028,-0.109000,-0.152957
1.969391,2,0.042895,0.000000,0.110399,0.044619,0.001238,0.110407,0.008084,0.109238,-0.154124
1.969391,3,0.042895,0.000000,0.110399,0.043300,-0.001368,0.110903,0.005657,-0.109368,-0.152403
1.973429,0,0.042949,0.000000,0.110678,0.043313,0.001030,0.110548,0.002236,0.109030,-0.153168
1.973429,1,0.042949,0.000000,0.110678,0.045401,-0.001003,0.110426,0.008076,-0.109003,-0.152660
1.973429,2,0.042949,0.000000,0.110678,0.044694,0.001231,0.110705,0.008158,0.109231,-0.153826
1.973429,3,0.042949,0.000000,0.110678,0.043361,-0.001365,0.111196,0.005719,-0.109365,-0.152110
1.976883,0,0.042996,0.000000,0.110917,0.043369,0.001028,0.110832,0.002291,0.109028,-0.152883
1.976883,1,0.042996,0.000000,0.110917,0.045455,-0.001001,0.110686,0.008130,-0.109001,-0.152400
1.976883,2,0.042996,0.000000,0.110917,0.044752,0.001233,0.110959,0.008216,0.109233,-0.153573
1.976883,3,0.042996,0.000000,0.110917,0.043403,-0.001377,0.111440,0.005761,-0.109377,-0.151865
1.981366,0,0.043055,0.000000,0.111226,0.043418,0.001031,0.111100,0.002341,0.109031,-0.152616
1.981366,1,0.043055,0.000000,0.111226,0.045501,-0.001004,0.110969,0.008176,-0.109004,-0.152117
1.981366,2,0.043055,0.000000,0.111226,0.044835,0.001235,0.111301,0.008300,0.109235,-0.153230
1.981366,3,0.043055,0.000000,0.111226,0.043477,-0.001379,0.111778,0.005834,-0.109379,-0.151527
1.985705,0,0.043113,0.000000,0.111524,0.043466,0.001033,0.111401,0.002389,0.109033,-0.152314
1.985705,1,0.043113,0.000000,0.111524,0.045581,-0.001002,0.111291,0.008256,-0.109002,-0.151795
1.985705,2,0.043113,0.000000,0.111524,0.044917,0.001233,0.111637,0.008381,0.109233,-0.152895
1.985705,3,0.043113,0.000000,0.111524,0.043530,-0.001376,0.112081,0.005888,-0.109376,-0.151224
1.988541,0,0.043150,0.000000,0.111718,0.043524,0.001031,0.111700,0.002447,0.109031,-0.152016
1.988541,1,0.043150,0.000000,0.111718,0.045638,-0.001009,0.111565,0.008313,-0.109009,-0.151521
1.988541,2,0.043150,0.000000,0.111718,0.044972,0.001231,0.111880,0.008436,0.109231,-0.152652
1.988541,3,0.043150,0.000000,0.111718,0.043572,-0.001379,0.112285,0.005930,-0.109379,-0.151020
1.991636,0,0.043191,0.000000,0.111930,0.043559,0.001030,0.111903,0.002482,0.109030,-0.151813
1.991636,1,0.043191,0.000000,0.111930,0.045675,-0.001008,0.111780,0.008350,-0.109008,-0.151306
1.991636,2,0.043191,0.000000,0.111930,0.045014,0.001229,0.112099,0.008479,0.109229,-0.152433
1.991636,3,0.043191,0.000000,0.111930,0.043634,-0.001381,0.112528,0.005992,-0.109381,-0.150777
1.995046,0,0.043236,0.000000,0.112163,0.043609,0.001033,0.112120,0.002532,0.109033,-0.151596
1.995046,1,0.043236,0.000000,0.112163,0.045730,-0.001006,0.112023,0.008405,-0.109006,-0.151063
1.995046,2,0.043236,0.000000,0.112163,0.045074,0.001236,0.112359,0.008538,0.109236,-0.152172
1.995046,3,0.043236,0.000000,0.112163,0.043689,-0.001388,0.112787,0.006046,-0.109388,-0.150518
1.998167,0,0.043277,0.000000,0.112375,0.043653,0.001031,0.112374,0.002576,0.109031,-0.151341
1.998167,1,0.043277,0.000000,0.112375,0.045795,-0.001004,0.112298,0.008470,-0.109004,-0.150788
1.998167,2,0.043277,0.000000,0.112375,0.045128,0.001234,0.112592,0.008592,0.109234,-0.151939
1.998167,3,0.043277,0.000000,0.112375,0.043736,-0.001395,0.113032,0.006094,-0.109395,-0.150273
2.001046,0,0.043315,0.000000,0.112571,0.043696,0.001030,0.112568,0.002619,0.109030,-0.151148
2.001046,1,0.043315,0.000000,0.112571,0.045830,-0.001003,0.112510,0.008505,-0.109003,-0.150576
2.001046,2,0.043315,0.000000,0.112571,0.045163,0.001228,0.112784,0.008628,0.109228,-0.151748
2.001046,3,0.043315,0.000000,0.112571,0.043781,-0.001393,0.113247,0.006139,-0.109393,-0.150058
2.003927,0,0.043353,0.000000,0.112767,0.043735,0.001028,0.112778,0.002658,0.109028,-0.150938
2.003927,1,0.043353,0.000000,0.112767,0.045870,-0.001002,0.112722,0.008545,-0.109002,-0.150364
2.003927,2,0.043353,0.000000,0.112767,0.045208,0.001236,0.112996,0.008673,0.109236,-0.151536
2.003927,3,0.043353,0.000000,0.112767,0.043826,-0.001386,0.113459,0.006184,-0.109386,-0.149846
2.007090,0,0.043394,0.000000,0.112981,0.043791,0.001022,0.112992,0.002714,0.109022,-0.150724
2.007090,1,0.043394,0.000000,0.112981,0.045913,-0.001000,0.112951,0.008588,-0.109000,-0.150135
2.007090,2,0.043394,0.000000,0.112981,0.045250,0.001234,0.113195,0.008715,0.109234,-0.151337
2.007090,3,0.043394,0.000000,0.112981,0.043860,-0.001389,0.113684,0.006218,-0.109389,-0.149621
2.010091,0,0.043433,0.000000,0.113184,0.043825,0.001035,0.113229,0.002747,0.109035,-0.150486
2.010091,1,0.043433,0.000000,0.113184,0.045950,-0.000994,0.113191,0.008625,-0.108994,-0.149895
2.010091,2,0.043433,0.000000,0.113184,0.045295,0.001232,0.113427,0.008759,0.109232,-0.151104
2.010091,3,0.043433,0.000000,0.113184,0.043911,-0.001391,0.113923,0.006269,-0.109391,-0.149382
2.013912,0,0.043482,0.000000,0.113442,0.043870,0.001024,0.113447,0.002793,0.109024,-0.150269
2.013912,1,0.043482,0.000000,0.113442,0.045987,-0.000997,0.113420,0.008662,-0.108997,-0.149666
2.013912,2,0.043482,0.000000,0.113442,0.045337,0.001226,0.113660,0.008801,0.109226,-0.150871
2.013912,3,0.043482,0.000000,0.113442,0.043969,-0.001389,0.114193,0.006327,-0.109389,-0.149112
2.018184,0,0.043537,0.000000,0.113730,0.043930,0.001031,0.113722,0.002853,0.109031,-0.149994
2.018184,1,0.043537,0.000000,0.113730,0.046028,-0.000991,0.113707,0.008703,-0.108991,-0.149379
2.018184,2,0.043537,0.000000,0.113730,0.045403,0.001232,0.113982,0.008867,0.109232,-0.150549
2.018184,3,0.043537,0.000000,0.113730,0.044023,-0.001390,0.114510,0.006381,-0.109390,-0.148795
2.022302,0,0.043590,0.000000,0.114007,0.043985,0.001029,0.114013,0.002908,0.109029,-0.149702
2.022302,1,0.043590,0.000000,0.114007,0.046059,-0.000989,0.113993,0.008734,-0.108989,-0.149093
2.022302,2,0.043590,0.000000,0.114007,0.045467,0.001230,0.114284,0.008931,0.109230,-0.150248
2.022302,3,0.043590,0.000000,0.114007,0.044072,-0.001383,0.114793,0.006430,-0.109383,-0.148512
2.026389,0,0.043643,0.000000,0.114280,0.044031,0.001032,0.114268,0.002954,0.109032,-0.149448
2.026389,1,0.043643,0.000000,0.114280,0.046091,-0.000992,0.114249,0.008767,-0.108992,-0.148837
2.026389,2,0.043643,0.000000,0.114280,0.045535,0.001227,0.114576,0.008999,0.109227,-0.149956
2.026389,3,0.043643,0.000000,0.114280,0.044121,-0.001385,0.115066,0.006479,-0.109385,-0.148239
2.030945,0,0.043701,0.000000,0.114585,0.044099,0.001035,0.114554,0.003021,0.109035,-0.149162
2.030945,1,0.043701,0.000000,0.114585,0.046120,-0.000990,0.114522,0.008795,-0.108990,-0.148564
2.030945,2,0.043701,0.000000,0.114585,0.045599,0.001229,0.114881,0.009063,0.109229,-0.149650
2.030945,3,0.043701,0.000000,0.114585,0.044172,-0.001387,0.115387,0.006530,-0.109387,-0.147918
2.035426,0,0.043758,0.000000,0.114883,0.044154,0.001024,0.114832,0.003077,0.109024,-0.148883
2.035426,1,0.043758,0.000000,0.114883,0.046157,-0.000997,0.114809,0.008832,-0.108997,-0.148277
2.035426,2,0.043758,0.000000,0.114883,0.045662,0.001231,0.115193,0.009126,0.109231,-0.149338
2.035426,3,0.043758,0.000000,0.114883,0.044227,-0.001388,0.115697,0.006585,-0.109388,-0.147608
2.039593,0,0.043810,0.000000,0.115160,0.044203,0.001031,0.115121,0.003126,0.109031,-0.148595
2.039593,1,0.043810,0.000000,0.115160,0.046202,-0.000995,0.115089,0.008877,-0.108995,-0.147997
2.039593,2,0.043810,0.000000,0.115160,0.045717,0.001229,0.115478,0.009181,0.109229,-0.149054
2.039593,3,0.043810,0.000000,0.115160,0.044274,-0.001390,0.115984,0.006632,-0.109390,-0.147321
2.044127,0,0.043867,0.000000,0.115460,0.044268,0.001020,0.115393,0.003191,0.109020,-0.148322
2.044127,1,0.043867,0.000000,0.115460,0.046259,-0.000998,0.115378,0.008934,-0.108998,-0.147709
2.044127,2,0.043867,0.000000,0.115460,0.045773,0.001231,0.115776,0.009237,0.109231,-0.148755
2.044127,3,0.043867,0.000000,0.115460,0.044332,-0.001391,0.116302,0.006690,-0.109391,-0.147003
2.048537,0,0.043923,0.000000,0.115752,0.044331,0.001027,0.115699,0.003254,0.109027,-0.148016
2.048537,1,0.043923,0.000000,0.115752,0.046308,-0.000995,0.115676,0.008983,-0.108995,-0.147410
2.048537,2,0.043923,0.000000,0.115752,0.045819,0.001233,0.116064,0.009284,0.109233,-0.148468
2.048537,3,0.043923,0.000000,0.115752,0.044391,-0.001397,0.116616,0.006749,-0.109397,-0.146689
2.052511,0,0.043972,0.000000,0.116013,0.044401,0.001025,0.116005,0.003324,0.109025,-0.147710
2.052511,1,0.043972,0.000000,0.116013,0.046364,-0.000994,0.115961,0.009039,-0.108994,-0.147126
2.052511,2,0.043972,0.000000,0.116013,0.045873,0.001235,0.116348,0.009337,0.109235,-0.148183
2.052511,3,0.043972,0.000000,0.116013,0.044432,-0.001399,0.116889,0.006789,-0.109399,-0.146416
2.055668,0,0.044011,0.000000,0.116221,0.044467,0.001023,0.116268,0.003389,0.109023,-0.147448
2.055668,1,0.044011,0.000000,0.116221,0.046399,-0.000992,0.116210,0.009075,-0.108992,-0.146876
2.055668,2,0.044011,0.000000,0.116221,0.045920,0.001229,0.116585,0.009385,0.109229,-0.147946
2.055668,3,0.044011,0.000000,0.116221,0.044480,-0.001393,0.117119,0.006838,-0.109393,-0.146187
2.058834,0,0.044051,0.000000,0.116428,0.044515,0.001021,0.116489,0.003438,0.109021,-0.147227
2.058834,1,0.044051,0.000000,0.116428,0.046445,-0.000995,0.116430,0.009120,-0.108995,-0.146656
2.058834,2,0.044051,0.000000,0.116428,0.045970,0.001232,0.116816,0.009435,0.109232,-0.147716
2.058834,3,0.044051,0.000000,0.116428,0.044516,-0.001395,0.117337,0.006874,-0.109395,-0.145968
2.061897,0,0.044089,0.000000,0.116628,0.044569,0.001020,0.116704,0.003492,0.109020,-0.147012
2.061897,1,0.044089,0.000000,0.116628,0.046487,-0.000993,0.116640,0.009162,-0.108993,-0.146446
2.061897,2,0.044089,0.000000,0.116628,0.046009,0.001234,0.117032,0.009473,0.109234,-0.147500
2.061897,3,0.044089,0.000000,0.116628,0.044550,-0.001393,0.117549,0.006907,-0.109393,-0.145756
2.064994,0,0.044127,0.000000,0.116830,0.044607,0.001009,0.116908,0.003530,0.109009,-0.146808
2.064994,1,0.044127,0.000000,0.116830,0.046519,-0.000992,0.116856,0.009194,-0.108992,-0.146230
2.064994,2,0.044127,0.000000,0.116830,0.046057,0.001232,0.117255,0.009521,0.109232,-0.147276
2.064994,3,0.044127,0.000000,0.116830,0.044583,-0.001400,0.117757,0.006941,-0.109400,-0.145548
2.068213,0,0.044166,0.000000,0.117040,0.044658,0.001012,0.117112,0.003581,0.109012,-0.146603
2.068213,1,0.044166,0.000000,0.117040,0.046548,-0.000995,0.117058,0.009223,-0.108995,-0.146029
2.068213,2,0.044166,0.000000,0.117040,0.046107,0.001230,0.117493,0.009572,0.109230,-0.147039
2.068213,3,0.044166,0.000000,0.117040,0.044624,-0.001398,0.117976,0.006982,-0.109398,-0.145329
2.071573,0,0.044208,0.000000,0.117258,0.044698,0.001015,0.117320,0.003621,0.109015,-0.146396
2.071573,1,0.044208,0.000000,0.117258,0.046590,-0.000994,0.117278,0.009265,-0.108994,-0.145809
2.071573,2,0.044208,0.000000,0.117258,0.046155,0.001233,0.117736,0.009619,0.109233,-0.146795
2.071573,3,0.044208,0.000000,0.117258,0.044658,-0.001396,0.118188,0.007016,-0.109396,-0.145117
2.074778,0,0.044247,0.000000,0.117466,0.044751,0.001014,0.117552,0.003674,0.109014,-0.146164
2.074778,1,0.044247,0.000000,0.117466,0.046615,-0.000988,0.117483,0.009290,-0.108988,-0.145603
2.074778,2,0.044247,0.000000,0.117466,0.046181,0.001231,0.117942,0.009645,0.109231,-0.146590
2.074778,3,0.044247,0.000000,0.117466,0.044699,-0.001394,0.118397,0.007057,-0.109394,-0.144908
2.078469,0,0.044292,0.000000,0.117705,0.044800,0.001008,0.117753,0.003723,0.109008,-0.145963
2.078469,1,0.044292,0.000000,0.117705,0.046646,-0.000982,0.117702,0.009321,-0.108982,-0.145384
2.078469,2,0.044292,0.000000,0.117705,0.046227,0.001234,0.118182,0.009691,0.109234,-0.146349
2.078469,3,0.044292,0.000000,0.117705,0.044753,-0.001391,0.118641,0.007111,-0.109391,-0.144665
2.082427,0,0.044340,0.000000,0.117960,0.044852,0.001011,0.118012,0.003775,0.109011,-0.145704
2.082427,1,0.044340,0.000000,0.117960,0.046685,-0.000989,0.117976,0.009360,-0.108989,-0.145110
2.082427,2,0.044340,0.000000,0.117960,0.046269,0.001231,0.118440,0.009733,0.109231,-0.146092
2.082427,3,0.044340,0.000000,0.117960,0.044805,-0.001402,0.118918,0.007163,-0.109402,-0.144387
2.085226,0,0.044373,0.000000,0.118140,0.044915,0.001009,0.118261,0.003837,0.109009,-0.145455
2.085226,1,0.044373,0.000000,0.118140,0.046728,-0.000987,0.118206,0.009403,-0.108987,-0.144880
2.085226,2,0.044373,0.000000,0.118140,0.046308,0.001234,0.118649,0.009773,0.109234,-0.145882
2.085226,3,0.044373,0.000000,0.118140,0.044842,-0.001396,0.119106,0.007200,-0.109396,-0.144199
2.088306,0,0.044411,0.000000,0.118338,0.044955,0.001008,0.118458,0.003878,0.109008,-0.145257
2.088306,1,0.044411,0.000000,0.118338,0.046761,-0.000981,0.118412,0.009436,-0.108981,-0.144674
2.088306,2,0.044411,0.000000,0.118338,0.046342,0.001228,0.118848,0.009806,0.109228,-0.145683
2.088306,3,0.044411,0.000000,0.118338,0.044889,-0.001385,0.119312,0.007247,-0.109385,-0.143993
2.091370,0,0.044447,0.000000,0.118534,0.044995,0.001011,0.118659,0.003918,0.109011,-0.145056
2.091370,1,0.044447,0.000000,0.118534,0.046794,-0.000989,0.118628,0.009469,-0.108989,-0.144458
2.091370,2,0.044447,0.000000,0.118534,0.046376,0.001231,0.119054,0.009840,0.109231,-0.145477
2.091370,3,0.044447,0.000000,0.118534,0.044936,-0.001387,0.119539,0.007294,-0.109387,-0.143766
2.094407,0,0.044484,0.000000,0.118728,0.045035,0.001005,0.118854,0.003958,0.109005,-0.144862
2.094407,1,0.044484,0.000000,0.118728,0.046826,-0.000979,0.118811,0.009502,-0.108979,-0.144275
2.094407,2,0.044484,0.000000,0.118728,0.046409,0.001233,0.119250,0.009873,0.109233,-0.145282
2.094407,3,0.044484,0.000000,0.118728,0.044971,-0.001390,0.119747,0.007329,-0.109390,-0.143558
2.097687,0,0.044523,0.000000,0.118937,0.045083,0.001003,0.119065,0.004006,0.109003,-0.144650
2.097687,1,0.044523,0.000000,0.118937,0.046850,-0.000982,0.119013,0.009526,-0.108982,-0.144073
2.097687,2,0.044523,0.000000,0.118937,0.046444,0.001232,0.119446,0.009908,0.109232,-0.145086
2.097687,3,0.044523,0.000000,0.118937,0.045024,-0.001388,0.119964,0.007382,-0.109388,-0.143341
2.100734,0,0.044559,0.000000,0.119131,0.045117,0.001011,0.119283,0.004040,0.109011,-0.144432
2.100734,1,0.044559,0.000000,0.119131,0.046875,-0.000980,0.119221,0.009550,-0.108980,-0.143865
2.100734,2,0.044559,0.000000,0.119131,0.046476,0.001226,0.119652,0.009941,0.109226,-0.144880
2.100734,3,0.044559,0.000000,0.119131,0.045073,-0.001390,0.120184,0.007431,-0.109390,-0.143121
2.103548,0,0.044592,0.000000,0.119309,0.045165,0.001000,0.119481,0.004088,0.109000,-0.144234
2.103548,1,0.044592,0.000000,0.119309,0.046900,-0.000979,0.119413,0.009575,-0.108979,-0.143673
2.103548,2,0.044592,0.000000,0.119309,0.046523,0.001228,0.119859,0.009987,0.109228,-0.144673
2.103548,3,0.044592,0.000000,0.119309,0.045119,-0.001379,0.120363,0.007477,-0.109379,-0.142942
2.106338,0,0.044625,0.000000,0.119486,0.045184,0.000999,0.119655,0.004107,0.108999,-0.144061
2.106338,1,0.044625,0.000000,0.119486,0.046917,-0.000974,0.119585,0.009592,-0.108974,-0.143502
2.106338,2,0.044625,0.000000,0.119486,0.046559,0.001231,0.120052,0.010023,0.109231,-0.144480
2.106338,3,0.044625,0.000000,0.119486,0.045150,-0.001382,0.120538,0.007508,-0.109382,-0.142768
2.109213,0,0.044659,0.000000,0.119667,0.045232,0.000998,0.119843,0.004155,0.108998,-0.143873
2.109213,1,0.044659,0.000000,0.119667,0.046942,-0.000985,0.119776,0.009617,-0.108985,-0.143310
2.109213,2,0.044659,0.000000,0.119667,0.046591,0.001229,0.120241,0.010055,0.109229,-0.144291
2.109213,3,0.044659,0.000000,0.119667,0.045179,-0.001376,0.120709,0.007537,-0.109376,-0.142596
2.113603,0,0.044711,0.000000,0.119944,0.045270,0.000997,0.120044,0.004193,0.108997,-0.143672
2.113603,1,0.044711,0.000000,0.119944,0.046976,-0.000975,0.120000,0.009651,-0.108975,-0.143086
2.113603,2,0.044711,0.000000,0.119944,0.046641,0.001232,0.120502,0.010105,0.109232,-0.144029
2.113603,3,0.044711,0.000000,0.119944,0.045234,-0.001374,0.120956,0.007591,-0.109374,-0.142349
2.117845,0,0.044760,0.000000,0.120210,0.045317,0.001003,0.120347,0.004240,0.109003,-0.143368
2.117845,1,0.044760,0.000000,0.120210,0.047004,-0.000978,0.120256,0.009680,-0.108978,-0.142830
2.117845,2,0.044760,0.000000,0.120210,0.046696,0.001234,0.120791,0.010160,0.109234,-0.143740
2.117845,3,0.044760,0.000000,0.120210,0.045285,-0.001380,0.121221,0.007642,-0.109380,-0.142085
2.121814,0,0.044807,0.000000,0.120458,0.045363,0.001001,0.120606,0.004286,0.109001,-0.143109
2.121814,1,0.044807,0.000000,0.120458,0.047033,-0.000972,0.120490,0.009708,-0.108972,-0.142597
2.121814,2,0.044807,0.000000,0.120458,0.046745,0.001231,0.121046,0.010209,0.109231,-0.143485
2.121814,3,0.044807,0.000000,0.120458,0.045322,-0.001386,0.121457,0.007680,-0.109386,-0.141848
2.124742,0,0.044841,0.000000,0.120641,0.045407,0.001000,0.120855,0.004330,0.109000,-0.142860
2.124742,1,0.044841,0.000000,0.120641,0.047052,-0.000979,0.120701,0.009727,-0.108979,-0.142385
2.124742,2,0.044841,0.000000,0.120641,0.046775,0.001230,0.121242,0.010239,0.109230,-0.143289
2.124742,3,0.044841,0.000000,0.120641,0.045353,-0.001384,0.121628,0.007711,-0.109384,-0.141677
2.128975,0,0.044890,0.000000,0.120904,0.045434,0.000998,0.121026,0.004357,0.108998,-0.142690
2.128975,1,0.044890,0.000000,0.120904,0.047095,-0.000978,0.120915,0.009771,-0.108978,-0.142171
2.128975,2,0.044890,0.000000,0.120904,0.046826,0.001223,0.121481,0.010290,0.109223,-0.143051
2.128975,3,0.044890,0.000000,0.120904,0.045409,-0.001395,0.121896,0.007767,-0.109395,-0.141409
2.132424,0,0.044929,0.000000,0.121118,0.045485,0.000996,0.121323,0.004408,0.108996,-0.142393
2.132424,1,0.044929,0.000000,0.121118,0.047130,-0.000976,0.121173,0.009805,-0.108976,-0.141914
2.132424,2,0.044929,0.000000,0.121118,0.046866,0.001221,0.121725,0.010330,0.109221,-0.142807
2.132424,3,0.044929,0.000000,0.121118,0.045457,-0.001397,0.122116,0.007815,-0.109397,-0.141189
2.135185,0,0.044961,0.000000,0.121289,0.045518,0.000995,0.121531,0.004441,0.108995,-0.142185
2.135185,1,0.044961,0.000000,0.121289,0.047153,-0.000975,0.121351,0.009828,-0.108975,-0.141735
2.135185,2,0.044961,0.000000,0.121289,0.046892,0.001224,0.121897,0.010356,0.109224,-0.142635
2.135185,3,0.044961,0.000000,0.121289,0.045495,-0.001400,0.122288,0.007853,-0.109400,-0.141017
2.137986,0,0.044993,0.000000,0.121462,0.045538,0.001007,0.121708,0.004461,0.109007,-0.142008
2.137986,1,0.044993,0.000000,0.121462,0.047185,-0.000969,0.121527,0.009860,-0.108969,-0.141559
2.137986,2,0.044993,0.000000,0.121462,0.046927,0.001231,0.122083,0.010391,0.109231,-0.142449
2.137986,3,0.044993,0.000000,0.121462,0.045534,-0.001398,0.122477,0.007892,-0.109398,-0.140828
2.142156,0,0.045040,0.000000,0.121719,0.045572,0.001001,0.121899,0.004495,0.109001,-0.141817
2.142156,1,0.045040,0.000000,0.121719,0.047219,-0.000972,0.121743,0.009895,-0.108972,-0.141343
2.142156,2,0.045040,0.000000,0.121719,0.046974,0.001229,0.122324,0.010438,0.109229,-0.142208
2.142156,3,0.045040,0.000000,0.121719,0.045603,-0.001404,0.122753,0.007961,-0.109404,-0.140552
2.144998,0,0.045073,0.000000,0.121893,0.045610,0.000999,0.122151,0.004533,0.108999,-0.141564
2.144998,1,0.045073,0.000000,0.121893,0.047261,-0.000966,0.121978,0.009936,-0.108966,-0.141108
2.144998,2,0.045073,0.000000,0.121893,0.047008,0.001232,0.122524,0.010473,0.109232,-0.142008
2.144998,3,0.045073,0.000000,0.121893,0.045638,-0.001398,0.122921,0.007996,-0.109398,-0.140384
2.148174,0,0.045109,0.000000,0.122087,0.045643,0.000994,0.122339,0.004566,0.108994,-0.141376
2.148174,1,0.045109,0.000000,0.122087,0.047297,-0.000969,0.122177,0.009972,-0.108969,-0.140909
2.148174,2,0.045109,0.000000,0.122087,0.047048,0.001234,0.122734,0.010512,0.109234,-0.141798
2.148174,3,0.045109,0.000000,0.122087,0.045695,-0.001408,0.123149,0.008053,-0.109408,-0.140156
2.151278,0,0.045144,0.000000,0.122277,0.045664,0.000997,0.122537,0.004587,0.108997,-0.141179
2.151278,1,0.045144,0.000000,0.122277,0.047333,-0.000972,0.122387,0.010008,-0.108972,-0.140699
2.151278,2,0.045144,0.000000,0.122277,0.047085,0.001228,0.122924,0.010549,0.109228,-0.141608
2.151278,3,0.045144,0.000000,0.122277,0.045727,-0.001402,0.123338,0.008085,-0.109402,-0.139967
2.154473,0,0.045180,0.000000,0.122472,0.045703,0.000999,0.122735,0.004625,0.108999,-0.140981
2.154473,1,0.045180,0.000000,0.122472,0.047371,-0.000966,0.122577,0.010046,-0.108966,-0.140509
2.154473,2,0.045180,0.000000,0.122472,0.047124,0.001235,0.123127,0.010588,0.109235,-0.141404
2.154473,3,0.045180,0.000000,0.122472,0.045761,-0.001400,0.123534,0.008119,-0.109400,-0.139772
2.157772,0,0.045216,0.000000,0.122672,0.045727,0.001002,0.122939,0.004650,0.109002,-0.140776
2.157772,1,0.045216,0.000000,0.122672,0.047406,-0.000965,0.122791,0.010081,-0.108965,-0.140295
2.157772,2,0.045216,0.000000,0.122672,0.047163,0.001229,0.123331,0.010627,0.109229,-0.141200
2.157772,3,0.045216,0.000000,0.122672,0.045805,-0.001398,0.123733,0.008163,-0.109398,-0.139572
2.160892,0,0.045251,0.000000,0.122861,0.045769,0.001001,0.123148,0.004692,0.109001,-0.140568
2.160892,1,0.045251,0.000000,0.122861,0.047444,-0.000963,0.123011,0.010119,-0.108963,-0.140075
2.160892,2,0.045251,0.000000,0.122861,0.047198,0.001227,0.123538,0.010662,0.109227,-0.140994
2.160892,3,0.045251,0.000000,0.122861,0.045845,-0.001400,0.123919,0.008203,-0.109400,-0.139386
2.163886,0,0.045285,0.000000,0.123042,0.045800,0.000999,0.123346,0.004723,0.108999,-0.140370
2.163886,1,0.045285,0.000000,0.123042,0.047476,-0.000962,0.123201,0.010151,-0.108962,-0.139885
2.163886,2,0.045285,0.000000,0.123042,0.047227,0.001221,0.123710,0.010691,0.109221,-0.140821
2.163886,3,0.045285,0.000000,0.123042,0.045878,-0.001407,0.124101,0.008236,-0.109407,-0.139204
2.167139,0,0.045321,0.000000,0.123237,0.045830,0.001002,0.123544,0.004753,0.109002,-0.140172
2.167139,1,0.045321,0.000000,0.123237,0.047503,-0.000965,0.123400,0.010178,-0.108965,-0.139686
2.167139,2,0.045321,0.000000,0.123237,0.047265,0.001220,0.123914,0.010729,0.109220,-0.140618
2.167139,3,0.045321,0.000000,0.123237,0.045926,-0.001405,0.124301,0.008284,-0.109405,-0.139004
2.169952,0,0.045352,0.000000,0.123406,0.045865,0.001009,0.123745,0.004788,0.109009,-0.139970
2.169952,1,0.045352,0.000000,0.123406,0.047535,-0.000959,0.123597,0.010211,-0.108959,-0.139489
2.169952,2,0.045352,0.000000,0.123406,0.047295,0.001227,0.124100,0.010760,0.109227,-0.140432
2.169952,3,0.045352,0.000000,0.123406,0.045957,-0.001403,0.124473,0.008315,-0.109403,-0.138832
2.172765,0,0.045383,0.000000,0.123575,0.045887,0.001004,0.123913,0.004810,0.109004,-0.139803
2.172765,1,0.045383,0.000000,0.123575,0.047570,-0.000958,0.123773,0.010245,-0.108958,-0.139313
2.172765,2,0.045383,0.000000,0.123575,0.047328,0.001221,0.124252,0.010792,0.109221,-0.140279
2.172765,3,0.045383,0.000000,0.123575,0.045988,-0.001397,0.124642,0.008346,-0.109397,-0.138663
2.175574,0,0.045413,0.000000,0.123743,0.045921,0.001003,0.124090,0.004844,0.109003,-0.139625
2.175574,1,0.045413,0.000000,0.123743,0.047597,-0.000957,0.123952,0.010272,-0.108957,-0.139134
2.175574,2,0.045413,0.000000,0.123743,0.047355,0.001211,0.124418,0.010820,0.109211,-0.140114
2.175574,3,0.045413,0.000000,0.123743,0.046030,-0.001400,0.124831,0.008387,-0.109400,-0.138474
2.178360,0,0.045444,0.000000,0.123909,0.045944,0.001010,0.124268,0.004867,0.109010,-0.139448
2.178360,1,0.045444,0.000000,0.123909,0.047627,-0.000960,0.124131,0.010302,-0.108960,-0.138955
2.178360,2,0.045444,0.000000,0.123909,0.047388,0.001214,0.124587,0.010853,0.109214,-0.139944
2.178360,3,0.045444,0.000000,0.123909,0.046065,-0.001402,0.125007,0.008422,-0.109402,-0.138298
2.181457,0,0.045478,0.000000,0.124093,0.045973,0.001013,0.124438,0.004896,0.109013,-0.139277
2.181457,1,0.045478,0.000000,0.124093,0.047647,-0.000954,0.124300,0.010322,-0.108954,-0.138787
2.181457,2,0.045478,0.000000,0.124093,0.047423,0.001221,0.124774,0.010888,0.109221,-0.139758
2.181457,3,0.045478,0.000000,0.124093,0.046096,-0.001400,0.125189,0.008454,-0.109400,-0.138116
2.184324,0,0.045509,0.000000,0.124263,0.046004,0.001007,0.124623,0.004927,0.109007,-0.139092
2.184324,1,0.045509,0.000000,0.124263,0.047668,-0.000953,0.124482,0.010343,-0.108953,-0.138605
2.184324,2,0.045509,0.000000,0.124263,0.047452,0.001215,0.124936,0.010916,0.109215,-0.139596
2.184324,3,0.045509,0.000000,0.124263,0.046133,-0.001399,0.125375,0.008491,-0.109399,-0.137930
2.187548,0,0.045544,0.000000,0.124454,0.046023,0.001002,0.124784,0.004946,0.109002,-0.138932
2.187548,1,0.045544,0.000000,0.124454,0.047690,-0.000952,0.124650,0.010365,-0.108952,-0.138436
2.187548,2,0.045544,0.000000,0.124454,0.047490,0.001209,0.125109,0.010954,0.109209,-0.139422
2.187548,3,0.045544,0.000000,0.124454,0.046171,-0.001401,0.125575,0.008529,-0.109401,-0.137730
2.190405,0,0.045575,0.000000,0.124622,0.046055,0.001005,0.124985,0.004977,0.109005,-0.138730
2.190405,1,0.045575,0.000000,0.124622,0.047720,-0.000951,0.124843,0.010395,-0.108951,-0.138243
2.190405,2,0.045575,0.000000,0.124622,0.047526,0.001208,0.125293,0.010990,0.109208,-0.139239
2.190405,3,0.045575,0.000000,0.124622,0.046201,-0.001395,0.125750,0.008559,-0.109395,-0.137555
2.193234,0,0.045605,0.000000,0.124789,0.046076,0.001008,0.125149,0.004999,0.109008,-0.138567
2.193234,1,0.045605,0.000000,0.124789,0.047741,-0.000949,0.125008,0.010416,-0.108949,-0.138078
2.193234,2,0.045605,0.000000,0.124789,0.047568,0.001215,0.125476,0.011032,0.109215,-0.139055
2.193234,3,0.045605,0.000000,0.124789,0.046229,-0.001393,0.125915,0.008587,-0.109393,-0.137390
2.196088,0,0.045636,0.000000,0.124956,0.046098,0.001006,0.125320,0.005021,0.109006,-0.138396
2.196088,1,0.045636,0.000000,0.124956,0.047767,-0.000944,0.125181,0.010442,-0.108944,-0.137906
2.196088,2,0.045636,0.000000,0.124956,0.047602,0.001209,0.125643,0.011067,0.109209,-0.138889
2.196088,3,0.045636,0.000000,0.124956,0.046260,-0.001391,0.126088,0.008617,-0.109391,-0.137218
2.199248,0,0.045669,0.000000,0.125141,0.046137,0.001001,0.125495,0.005060,0.109001,-0.138221
2.199248,1,0.045669,0.000000,0.125141,0.047797,-0.000955,0.125366,0.010472,-0.108955,-0.137720
2.199248,2,0.045669,0.000000,0.125141,0.047639,0.001203,0.125833,0.011103,0.109203,-0.138699
2.199248,3,0.045669,0.000000,0.125141,0.046299,-0.001389,0.126277,0.008656,-0.109389,-0.137028
2.202467,0,0.045704,0.000000,0.125329,0.046168,0.001004,0.125686,0.005091,0.109004,-0.138030
2.202467,1,0.045704,0.000000,0.125329,0.047813,-0.000950,0.125535,0.010488,-0.108950,-0.137551
2.202467,2,0.045704,0.000000,0.125329,0.047676,0.001197,0.126013,0.011140,0.109197,-0.138518
2.202467,3,0.045704,0.000000,0.125329,0.046338,-0.001396,0.126484,0.008696,-0.109396,-0.136821
2.205377,0,0.045734,0.000000,0.125498,0.046196,0.001007,0.125871,0.005119,0.109007,-0.137845
2.205377,1,0.045734,0.000000,0.125498,0.047846,-0.000945,0.125715,0.010521,-0.108945,-0.137372
2.205377,2,0.045734,0.000000,0.125498,0.047707,0.001204,0.126210,0.011171,0.109204,-0.138322
2.205377,3,0.045734,0.000000,0.125498,0.046365,-0.001394,0.126656,0.008722,-0.109394,-0.136649
2.208234,0,0.045765,0.000000,0.125664,0.046220,0.001010,0.126048,0.005143,0.109010,-0.137667
2.208234,1,0.045765,0.000000,0.125664,0.047861,-0.000948,0.125879,0.010536,-0.108948,-0.137207
2.208234,2,0.045765,0.000000,0.125664,0.047741,0.001194,0.126373,0.011205,0.109194,-0.138159
2.208234,3,0.045765,0.000000,0.125664,0.046388,-0.001396,0.126824,0.008746,-0.109396,-0.136481
2.211304,0,0.045797,0.000000,0.125841,0.046258,0.001004,0.126213,0.005180,0.109004,-0.137503
2.211304,1,0.045797,0.000000,0.125841,0.047893,-0.000951,0.126062,0.010568,-0.108951,-0.137024
2.211304,2,0.045797,0.000000,0.125841,0.047773,0.001184,0.126560,0.011238,0.109184,-0.137972
2.211304,3,0.045797,0.000000,0.125841,0.046424,-0.001403,0.127013,0.008781,-0.109403,-0.136292
2.214378,0,0.045829,0.000000,0.126018,0.046292,0.001003,0.126408,0.005215,0.109003,-0.137308
2.214378,1,0.045829,0.000000,0.126018,0.047920,-0.000949,0.126241,0.010595,-0.108949,-0.136845
2.214378,2,0.045829,0.000000,0.126018,0.047813,0.001187,0.126753,0.011277,0.109187,-0.137778
2.214378,3,0.045829,0.000000,0.126018,0.046439,-0.001405,0.127181,0.008797,-0.109405,-0.136124
2.217188,0,0.045858,0.000000,0.126180,0.046315,0.001006,0.126575,0.005238,0.109006,-0.137140
2.217188,1,0.045858,0.000000,0.126180,0.047939,-0.000944,0.126390,0.010614,-0.108944,-0.136697
2.217188,2,0.045858,0.000000,0.126180,0.047837,0.001194,0.126915,0.011301,0.109194,-0.137616
2.217188,3,0.045858,0.000000,0.126180,0.046464,-0.001408,0.127353,0.008822,-0.109408,-0.135952
2.219955,0,0.045887,0.000000,0.126338,0.046349,0.001004,0.126743,0.005272,0.109004,-0.136972
2.219955,1,0.045887,0.000000,0.126338,0.047958,-0.000947,0.126544,0.010633,-0.108947,-0.136542
2.219955,2,0.045887,0.000000,0.126338,0.047869,0.001188,0.127095,0.011333,0.109188,-0.137436
2.219955,3,0.045887,0.000000,0.126338,0.046488,-0.001402,0.127508,0.008846,-0.109402,-0.135797
2.222889,0,0.045918,0.000000,0.126506,0.046376,0.001007,0.126911,0.005299,0.109007,-0.136805
2.222889,1,0.045918,0.000000,0.126506,0.047980,-0.000946,0.126703,0.010656,-0.108946,-0.136383
2.222889,2,0.045918,0.000000,0.126506,0.047903,0.001182,0.127262,0.011367,0.109182,-0.137270
2.222889,3,0.045918,0.000000,0.126506,0.046513,-0.001404,0.127680,0.008871,-0.109404,-0.135626
2.225779,0,0.045948,0.000000,0.126671,0.046406,0.001002,0.127075,0.005328,0.109002,-0.136640
2.225779,1,0.045948,0.000000,0.126671,0.048006,-0.000941,0.126865,0.010681,-0.108941,-0.136221
2.225779,2,0.045948,0.000000,0.126671,0.047931,0.001185,0.127431,0.011396,0.109185,-0.137100
2.225779,3,0.045948,0.000000,0.126671,0.046542,-0.001402,0.127848,0.008900,-0.109402,-0.135457
2.228589,0,0.045977,0.000000,0.126831,0.046436,0.001001,0.127247,0.005359,0.109001,-0.136469
2.228589,1,0.045977,0.000000,0.126831,0.048033,-0.000944,0.127031,0.010709,-0.108944,-0.136055
2.228589,2,0.045977,0.000000,0.126831,0.047967,0.001188,0.127618,0.011432,0.109188,-0.136913
2.228589,3,0.045977,0.000000,0.126831,0.046569,-0.001405,0.128024,0.008927,-0.109405,-0.135281
2.231406,0,0.046006,0.000000,0.126990,0.046474,0.001008,0.127421,0.005397,0.109008,-0.136294
2.231406,1,0.046006,0.000000,0.126990,0.048058,-0.000943,0.127186,0.010733,-0.108943,-0.135900
2.231406,2,0.046006,0.000000,0.126990,0.047986,0.001182,0.127777,0.011450,0.109182,-0.136755
2.231406,3,0.046006,0.000000,0.126990,0.046592,-0.001411,0.128195,0.008950,-0.109411,-0.135110
2.234203,0,0.046034,0.000000,0.127148,0.046497,0.001011,0.127579,0.005419,0.109011,-0.136137
2.234203,1,0.046034,0.000000,0.127148,0.048088,-0.000933,0.127346,0.010763,-0.108933,-0.135741
2.234203,2,0.046034,0.000000,0.127148,0.048016,0.001181,0.127946,0.011480,0.109181,-0.136585
2.234203,3,0.046034,0.000000,0.127148,0.046624,-0.001405,0.128358,0.008982,-0.109405,-0.134947
2.237039,0,0.046063,0.000000,0.127308,0.046532,0.001005,0.127740,0.005455,0.109005,-0.135976
2.237039,1,0.046063,0.000000,0.127308,0.048109,-0.000936,0.127514,0.010784,-0.108936,-0.135572
2.237039,2,0.046063,0.000000,0.127308,0.048043,0.001183,0.128122,0.011508,0.109183,-0.136409
2.237039,3,0.046063,0.000000,0.127308,0.046658,-0.001404,0.128537,0.009016,-0.109404,-0.134768
2.239856,0,0.046092,0.000000,0.127467,0.046560,0.001004,0.127904,0.005483,0.109004,-0.135811
2.239856,1,0.046092,0.000000,0.127467,0.048132,-0.000935,0.127683,0.010807,-0.108935,-0.135403
2.239856,2,0.046092,0.000000,0.127467,0.048064,0.001182,0.128281,0.011529,0.109182,-0.136251
2.239856,3,0.046092,0.000000,0.127467,0.046682,-0.001410,0.128702,0.009040,-0.109410,-0.134603
2.242655,0,0.046120,0.000000,0.127624,0.046591,0.001011,0.128065,0.005514,0.109011,-0.135650
2.242655,1,0.046120,0.000000,0.127624,0.048171,-0.000938,0.127857,0.010846,-0.108938,-0.135229
2.242655,2,0.046120,0.000000,0.127624,0.048094,0.001176,0.128437,0.011558,0.109176,-0.136094
2.242655,3,0.046120,0.000000,0.127624,0.046708,-0.001408,0.128864,0.009066,-0.109408,-0.134441
2.245875,0,0.046153,0.000000,0.127803,0.046633,0.001010,0.128251,0.005555,0.109010,-0.135465
2.245875,1,0.046153,0.000000,0.127803,0.048206,-0.000933,0.128051,0.010881,-0.108933,-0.135036
2.245875,2,0.046153,0.000000,0.127803,0.048122,0.001179,0.128624,0.011586,0.109179,-0.135908
2.245875,3,0.046153,0.000000,0.127803,0.046742,-0.001402,0.129057,0.009100,-0.109402,-0.134248
2.249049,0,0.046184,0.000000,0.127980,0.046663,0.001013,0.128432,0.005586,0.109013,-0.135283
2.249049,1,0.046184,0.000000,0.127980,0.048238,-0.000931,0.128241,0.010913,-0.108931,-0.134845
2.249049,2,0.046184,0.000000,0.127980,0.048149,0.001182,0.128800,0.011613,0.109182,-0.135732
2.249049,3,0.046184,0.000000,0.127980,0.046769,-0.001401,0.129229,0.009126,-0.109401,-0.134076
2.251840,0,0.046212,0.000000,0.128135,0.046706,0.001016,0.128608,0.005629,0.109016,-0.135108
2.251840,1,0.046212,0.000000,0.128135,0.048261,-0.000930,0.128410,0.010936,-0.108930,-0.134676
2.251840,2,0.046212,0.000000,0.128135,0.048177,0.001172,0.128959,0.011642,0.109172,-0.135572
2.251840,3,0.046212,0.000000,0.128135,0.046794,-0.001399,0.129398,0.009151,-0.109399,-0.133907
2.254583,0,0.046240,0.000000,0.128287,0.046739,0.001014,0.128765,0.005661,0.109014,-0.134950
2.254583,1,0.046240,0.000000,0.128287,0.048280,-0.000933,0.128575,0.010955,-0.108933,-0.134511
2.254583,2,0.046240,0.000000,0.128287,0.048211,0.001175,0.129122,0.011675,0.109175,-0.135409
2.254583,3,0.046240,0.000000,0.128287,0.046829,-0.001397,0.129564,0.009187,-0.109397,-0.133741
2.257378,0,0.046268,0.000000,0.128441,0.046765,0.001017,0.128923,0.005688,0.109017,-0.134793
2.257378,1,0.046268,0.000000,0.128441,0.048304,-0.000932,0.128737,0.010979,-0.108932,-0.134349
2.257378,2,0.046268,0.000000,0.128441,0.048242,0.001177,0.129289,0.011706,0.109177,-0.135243
2.257378,3,0.046268,0.000000,0.128441,0.046852,-0.001395,0.129719,0.009210,-0.109395,-0.133586
2.260133,0,0.046295,0.000000,0.128593,0.046794,0.001012,0.129071,0.005717,0.109012,-0.134645
2.260133,1,0.046295,0.000000,0.128593,0.048328,-0.000935,0.128903,0.011003,-0.108935,-0.134183
2.260133,2,0.046295,0.000000,0.128593,0.048271,0.001168,0.129441,0.011735,0.109168,-0.135090
2.260133,3,0.046295,0.000000,0.128593,0.046884,-0.001398,0.129888,0.009242,-0.109398,-0.133417
2.262953,0,0.046323,0.000000,0.128747,0.046819,0.001015,0.129225,0.005742,0.109015,-0.134491
2.262953,1,0.046323,0.000000,0.128747,0.048351,-0.000930,0.129062,0.011027,-0.108930,-0.134024
2.262953,2,0.046323,0.000000,0.128747,0.048300,0.001175,0.129608,0.011765,0.109175,-0.134924
2.262953,3,0.046323,0.000000,0.128747,0.046907,-0.001396,0.130043,0.009264,-0.109396,-0.133262
2.265782,0,0.046351,0.000000,0.128902,0.046846,0.001018,0.129382,0.005769,0.109018,-0.134333
2.265782,1,0.046351,0.000000,0.128902,0.048368,-0.000929,0.129217,0.011043,-0.108929,-0.133869
2.265782,2,0.046351,0.000000,0.128902,0.048333,0.001173,0.129774,0.011797,0.109173,-0.134757
2.265782,3,0.046351,0.000000,0.128902,0.046933,-0.001395,0.130199,0.009291,-0.109395,-0.133107
2.268544,0,0.046378,0.000000,0.129053,0.046871,0.001013,0.129530,0.005794,0.109013,-0.134186
2.268544,1,0.046378,0.000000,0.129053,0.048387,-0.000928,0.129368,0.011062,-0.108928,-0.133718
2.268544,2,0.046378,0.000000,0.129053,0.048369,0.001172,0.129941,0.011833,0.109172,-0.134590
2.268544,3,0.046378,0.000000,0.129053,0.046962,-0.001389,0.130354,0.009320,-0.109389,-0.132951
2.271358,0,0.046405,0.000000,0.129206,0.046906,0.001016,0.129688,0.005828,0.109016,-0.134028
2.271358,1,0.046405,0.000000,0.129206,0.048406,-0.000931,0.129513,0.011081,-0.108931,-0.133573
2.271358,2,0.046405,0.000000,0.129206,0.048395,0.001170,0.130111,0.011859,0.109170,-0.134421
2.271358,3,0.046405,0.000000,0.129206,0.046990,-0.001391,0.130516,0.009348,-0.109391,-0.132789
2.274476,0,0.046435,0.000000,0.129375,0.046935,0.001014,0.129839,0.005858,0.109014,-0.133877
2.274476,1,0.046435,0.000000,0.129375,0.048424,-0.000922,0.129665,0.011099,-0.108922,-0.133421
2.274476,2,0.046435,0.000000,0.129375,0.048436,0.001173,0.130302,0.011901,0.109173,-0.134230
2.274476,3,0.046435,0.000000,0.129375,0.047009,-0.001389,0.130688,0.009367,-0.109389,-0.132617
2.277406,0,0.046464,0.000000,0.129533,0.046967,0.001013,0.130014,0.005890,0.109013,-0.133702
2.277406,1,0.046464,0.000000,0.129533,0.048440,-0.000929,0.129827,0.011116,-0.108929,-0.133259
2.277406,2,0.046464,0.000000,0.129533,0.048465,0.001171,0.130468,0.011929,0.109171,-0.134063
2.277406,3,0.046464,0.000000,0.129533,0.047036,-0.001388,0.130854,0.009394,-0.109388,-0.132452
2.280260,0,0.046491,0.000000,0.129687,0.046995,0.001024,0.130171,0.005918,0.109024,-0.133544
2.280260,1,0.046491,0.000000,0.129687,0.048446,-0.000928,0.129957,0.011121,-0.108928,-0.133129
2.280260,2,0.046491,0.000000,0.129687,0.048494,0.001166,0.130625,0.011958,0.109166,-0.133907
2.280260,3,0.046491,0.000000,0.129687,0.047058,-0.001386,0.131015,0.009416,-0.109386,-0.132290
2.283257,0,0.046520,0.000000,0.129847,0.047025,0.001015,0.130319,0.005948,0.109015,-0.133396
2.283257,1,0.046520,0.000000,0.129847,0.048469,-0.000927,0.130109,0.011145,-0.108927,-0.132977
2.283257,2,0.046520,0.000000,0.129847,0.048533,0.001168,0.130792,0.011997,0.109168,-0.133740
2.283257,3,0.046520,0.000000,0.129847,0.047087,-0.001384,0.131185,0.009445,-0.109384,-0.132121
2.286283,0,0.046549,0.000000,0.130009,0.047051,0.001014,0.130487,0.005974,0.109014,-0.133228
2.286283,1,0.046549,0.000000,0.130009,0.048493,-0.000930,0.130275,0.011168,-0.108930,-0.132811
2.286283,2,0.046549,0.000000,0.130009,0.048563,0.001167,0.130972,0.012027,0.109167,-0.133559
2.286283,3,0.046549,0.000000,0.130009,0.047118,-0.001378,0.131354,0.009476,-0.109378,-0.131951
2.289066,0,0.046576,0.000000,0.130158,0.047079,0.001012,0.130645,0.006002,0.109012,-0.133070
2.289066,1,0.046576,0.000000,0.130158,0.048510,-0.000929,0.130413,0.011185,-0.108929,-0.132673
2.289066,2,0.046576,0.000000,0.130158,0.048590,0.001165,0.131128,0.012055,0.109165,-0.133403
2.289066,3,0.046576,0.000000,0.130158,0.047145,-0.001393,0.131523,0.009503,-0.109393,-0.131783
2.291883,0,0.046602,0.000000,0.130307,0.047106,0.001015,0.130796,0.006029,0.109015,-0.132919
2.291883,1,0.046602,0.000000,0.130307,0.048535,-0.000931,0.130572,0.011210,-0.108931,-0.132514
2.291883,2,0.046602,0.000000,0.130307,0.048618,0.001164,0.131274,0.012082,0.109164,-0.133257
2.291883,3,0.046602,0.000000,0.130307,0.047173,-0.001383,0.131675,0.009531,-0.109383,-0.131630
2.294686,0,0.046629,0.000000,0.130456,0.047133,0.001014,0.130951,0.006056,0.109014,-0.132765
2.294686,1,0.046629,0.000000,0.130456,0.048557,-0.000930,0.130720,0.011232,-0.108930,-0.132366
2.294686,2,0.046629,0.000000,0.130456,0.048633,0.001163,0.131429,0.012097,0.109163,-0.133102
2.294686,3,0.046629,0.000000,0.130456,0.047191,-0.001382,0.131820,0.009549,-0.109382,-0.131486
2.297885,0,0.046659,0.000000,0.130625,0.047152,0.001017,0.131101,0.006075,0.109017,-0.132614
2.297885,1,0.046659,0.000000,0.130625,0.048581,-0.000933,0.130869,0.011256,-0.108933,-0.132217
2.297885,2,0.046659,0.000000,0.130625,0.048664,0.001165,0.131606,0.012128,0.109165,-0.132925
2.297885,3,0.046659,0.000000,0.130625,0.047212,-0.001380,0.131988,0.009570,-0.109380,-0.131317
2.301068,0,0.046689,0.000000,0.130792,0.047191,0.001012,0.131277,0.006114,0.109012,-0.132439
2.301068,1,0.046689,0.000000,0.130792,0.048612,-0.000932,0.131039,0.011287,-0.108932,-0.132047
2.301068,2,0.046689,0.000000,0.130792,0.048698,0.001164,0.131776,0.012162,0.109164,-0.132755
2.301068,3,0.046689,0.000000,0.130792,0.047250,-0.001386,0.132175,0.009608,-0.109386,-0.131130
2.304443,0,0.046721,0.000000,0.130969,0.047218,0.001006,0.131445,0.006141,0.109006,-0.132270
2.304443,1,0.046721,0.000000,0.130969,0.048642,-0.000931,0.131216,0.011317,-0.108931,-0.131870
2.304443,2,0.046721,0.000000,0.130969,0.048713,0.001162,0.131949,0.012177,0.109162,-0.132583
2.304443,3,0.046721,0.000000,0.130969,0.047282,-0.001384,0.132358,0.009639,-0.109384,-0.130947
2.307713,0,0.046751,0.000000,0.131139,0.047246,0.001013,0.131634,0.006169,0.109013,-0.132082
2.307713,1,0.046751,0.000000,0.131139,0.048664,-0.000930,0.131385,0.011340,-0.108930,-0.131701
2.307713,2,0.046751,0.000000,0.131139,0.048743,0.001169,0.132136,0.012207,0.109169,-0.132396
2.307713,3,0.046751,0.000000,0.131139,0.047306,-0.001386,0.132537,0.009664,-0.109386,-0.130768
2.311041,0,0.046782,0.000000,0.131312,0.047274,0.001020,0.131822,0.006197,0.109020,-0.131894
2.311041,1,0.046782,0.000000,0.131312,0.048697,-0.000932,0.131572,0.011372,-0.108932,-0.131514
2.311041,2,0.046782,0.000000,0.131312,0.048772,0.001171,0.132326,0.012236,0.109171,-0.132205
2.311041,3,0.046782,0.000000,0.131312,0.047333,-0.001388,0.132713,0.009690,-0.109388,-0.130592
2.313920,0,0.046808,0.000000,0.131461,0.047307,0.001010,0.131984,0.006230,0.109010,-0.131732
2.313920,1,0.046808,0.000000,0.131461,0.048711,-0.000927,0.131727,0.011387,-0.108927,-0.131359
2.313920,2,0.046808,0.000000,0.131461,0.048790,0.001174,0.132492,0.012255,0.109174,-0.132040
2.313920,3,0.046808,0.000000,0.131461,0.047362,-0.001387,0.132865,0.009720,-0.109387,-0.130440
2.316706,0,0.046834,0.000000,0.131605,0.047323,0.001009,0.132131,0.006245,0.109009,-0.131584
2.316706,1,0.046834,0.000000,0.131605,0.048736,-0.000926,0.131873,0.011411,-0.108926,-0.131213
2.316706,2,0.046834,0.000000,0.131605,0.048813,0.001176,0.132658,0.012277,0.109176,-0.131874
2.316706,3,0.046834,0.000000,0.131605,0.047384,-0.001389,0.133014,0.009742,-0.109389,-0.130292
2.319472,0,0.046859,0.000000,0.131748,0.047349,0.001012,0.132289,0.006272,0.109012,-0.131427
2.319472,1,0.046859,0.000000,0.131748,0.048762,-0.000929,0.132018,0.011437,-0.108929,-0.131068
2.319472,2,0.046859,0.000000,0.131748,0.048842,0.001175,0.132817,0.012306,0.109175,-0.131714
2.319472,3,0.046859,0.000000,0.131748,0.047404,-0.001391,0.133158,0.009762,-0.109391,-0.130147
2.322315,0,0.046885,0.000000,0.131893,0.047367,0.001015,0.132436,0.006290,0.109015,-0.131279
2.322315,1,0.046885,0.000000,0.131893,0.048775,-0.000924,0.132153,0.011451,-0.108924,-0.130933
2.322315,2,0.046885,0.000000,0.131893,0.048874,0.001181,0.132991,0.012338,0.109181,-0.131540
2.322315,3,0.046885,0.000000,0.131893,0.047429,-0.001394,0.133303,0.009787,-0.109394,-0.130002
2.325071,0,0.046910,0.000000,0.132034,0.047385,0.001018,0.132583,0.006308,0.109018,-0.131132
2.325071,1,0.046910,0.000000,0.132034,0.048802,-0.000927,0.132298,0.011477,-0.108927,-0.130788
2.325071,2,0.046910,0.000000,0.132034,0.048901,0.001184,0.133157,0.012365,0.109184,-0.131374
2.325071,3,0.046910,0.000000,0.132034,0.047457,-0.001396,0.133456,0.009814,-0.109396,-0.129850
2.328356,0,0.046940,0.000000,0.132201,0.047405,0.001017,0.132724,0.006328,0.109017,-0.130991
2.328356,1,0.046940,0.000000,0.132201,0.048824,-0.000926,0.132447,0.011499,-0.108926,-0.130639
2.328356,2,0.046940,0.000000,0.132201,0.048935,0.001182,0.133349,0.012399,0.109182,-0.131183
2.328356,3,0.046940,0.000000,0.132201,0.047487,-0.001395,0.133612,0.009845,-0.109395,-0.129694
2.331474,0,0.046968,0.000000,0.132359,0.047426,0.001011,0.132889,0.006349,0.109011,-0.130827
2.331474,1,0.046968,0.000000,0.132359,0.048839,-0.000925,0.132609,0.011515,-0.108925,-0.130477
2.331474,2,0.046968,0.000000,0.132359,0.048964,0.001192,0.133546,0.012428,0.109192,-0.130986
2.331474,3,0.046968,0.000000,0.132359,0.047510,-0.001389,0.133764,0.009868,-0.109389,-0.129542
2.334775,0,0.046998,0.000000,0.132526,0.047440,0.001018,0.133039,0.006363,0.109018,-0.130676
2.334775,1,0.046998,0.000000,0.132526,0.048864,-0.000924,0.132755,0.011539,-0.108924,-0.130331
2.334775,2,0.046998,0.000000,0.132526,0.048986,0.001187,0.133712,0.012450,0.109187,-0.130819
2.334775,3,0.046998,0.000000,0.132526,0.047550,-0.001399,0.133940,0.009907,-0.109399,-0.129365
2.337555,0,0.047022,0.000000,0.132666,0.047474,0.001017,0.133208,0.006397,0.109017,-0.130508
2.337555,1,0.047022,0.000000,0.132666,0.048884,-0.000927,0.132914,0.011559,-0.108927,-0.130172
2.337555,2,0.047022,0.000000,0.132666,0.049011,0.001193,0.133889,0.012475,0.109193,-0.130643
2.337555,3,0.047022,0.000000,0.132666,0.047573,-0.001394,0.134069,0.009931,-0.109394,-0.129237
2.340318,0,0.047047,0.000000,0.132804,0.047487,0.001028,0.133351,0.006410,0.109028,-0.130364
2.340318,1,0.047047,0.000000,0.132804,0.048908,-0.000926,0.133049,0.011583,-0.108926,-0.130037
2.340318,2,0.047047,0.000000,0.132804,0.049041,0.001196,0.134035,0.012505,0.109196,-0.130497
2.340318,3,0.047047,0.000000,0.132804,0.047603,-0.001408,0.134227,0.009961,-0.109408,-0.129078
2.343144,0,0.047072,0.000000,0.132946,0.047509,0.001019,0.133489,0.006432,0.109019,-0.130227
2.343144,1,0.047072,0.000000,0.132946,0.048921,-0.000929,0.133190,0.011596,-0.108929,-0.129896
2.343144,2,0.047072,0.000000,0.132946,0.049063,0.001206,0.134197,0.012527,0.109206,-0.130334
2.343144,3,0.047072,0.000000,0.132946,0.047627,-0.001402,0.134356,0.009985,-0.109402,-0.128949
2.345938,0,0.047096,0.000000,0.133085,0.047522,0.001022,0.133626,0.006445,0.109022,-0.130090
2.345938,1,0.047096,0.000000,0.133085,0.048945,-0.000924,0.133333,0.011620,-0.108924,-0.129754
2.345938,2,0.047096,0.000000,0.133085,0.049089,0.001197,0.134354,0.012553,0.109197,-0.130178
2.345938,3,0.047096,0.000000,0.133085,0.047654,-0.001409,0.134501,0.010012,-0.109409,-0.128804
2.348710,0,0.047121,0.000000,0.133222,0.047535,0.001024,0.133756,0.006458,0.109024,-0.129960
2.348710,1,0.047121,0.000000,0.133222,0.048966,-0.000923,0.133471,0.011641,-0.108923,-0.129615
2.348710,2,0.047121,0.000000,0.133222,0.049107,0.001204,0.134502,0.012571,0.109204,-0.130029
2.348710,3,0.047121,0.000000,0.133222,0.047678,-0.001407,0.134633,0.010035,-0.109407,-0.128673
2.351482,0,0.047145,0.000000,0.133359,0.047560,0.001027,0.133900,0.006482,0.109027,-0.129816
2.351482,1,0.047145,0.000000,0.133359,0.048988,-0.000926,0.133623,0.011663,-0.108926,-0.129463
2.351482,2,0.047145,0.000000,0.133359,0.049129,0.001206,0.134641,0.012593,0.109206,-0.129890
2.351482,3,0.047145,0.000000,0.133359,0.047713,-0.001410,0.134785,0.010071,-0.109410,-0.128520
2.354816,0,0.047174,0.000000,0.133523,0.047580,0.001026,0.134034,0.006503,0.109026,-0.129682
2.354816,1,0.047174,0.000000,0.133523,0.049018,-0.000925,0.133783,0.011693,-0.108925,-0.129303
2.354816,2,0.047174,0.000000,0.133523,0.049161,0.001201,0.134805,0.012625,0.109201,-0.129726
2.354816,3,0.047174,0.000000,0.133523,0.047748,-0.001412,0.134955,0.010106,-0.109412,-0.128350
2.358107,0,0.047203,0.000000,0.133685,0.047602,0.001033,0.134215,0.006524,0.109033,-0.129500
2.358107,1,0.047203,0.000000,0.133685,0.049046,-0.000920,0.133953,0.011721,-0.108920,-0.129133
2.358107,2,0.047203,0.000000,0.133685,0.049178,0.001207,0.134981,0.012643,0.109207,-0.129551
2.358107,3,0.047203,0.000000,0.133685,0.047780,-0.001414,0.135118,0.010138,-0.109414,-0.128187
2.361260,0,0.047230,0.000000,0.133838,0.047632,0.001031,0.134370,0.006555,0.109031,-0.129345
2.361260,1,0.047230,0.000000,0.133838,0.049068,-0.000922,0.134123,0.011743,-0.108922,-0.128963
2.361260,2,0.047230,0.000000,0.133838,0.049210,0.001210,0.135141,0.012674,0.109210,-0.129390
2.361260,3,0.047230,0.000000,0.133838,0.047817,-0.001412,0.135278,0.010174,-0.109412,-0.128027
2.364060,0,0.047254,0.000000,0.133975,0.047665,0.001030,0.134529,0.006588,0.109030,-0.129187
2.364060,1,0.047254,0.000000,0.133975,0.049099,-0.000913,0.134280,0.011774,-0.108913,-0.128806
2.364060,2,0.047254,0.000000,0.133975,0.049241,0.001208,0.135288,0.012705,0.109208,-0.129244
2.364060,3,0.047254,0.000000,0.133975,0.047849,-0.001410,0.135421,0.010207,-0.109410,-0.127884
2.366861,0,0.047278,0.000000,0.134110,0.047680,0.001029,0.134659,0.006603,0.109029,-0.129056
2.366861,1,0.047278,0.000000,0.134110,0.049122,-0.000912,0.134432,0.011798,-0.108912,-0.128654
2.366861,2,0.047278,0.000000,0.134110,0.049258,0.001207,0.135430,0.012722,0.109207,-0.129102
2.366861,3,0.047278,0.000000,0.134110,0.047884,-0.001416,0.135577,0.010242,-0.109416,-0.127728
2.369677,0,0.047302,0.000000,0.134246,0.047714,0.001032,0.134807,0.006637,0.109032,-0.128908
2.369677,1,0.047302,0.000000,0.134246,0.049143,-0.000911,0.134578,0.011818,-0.108911,-0.128508
2.369677,2,0.047302,0.000000,0.134246,0.049285,0.001213,0.135583,0.012749,0.109213,-0.128949
2.369677,3,0.047302,0.000000,0.134246,0.047919,-0.001415,0.135717,0.010276,-0.109415,-0.127589
2.372589,0,0.047326,0.000000,0.134386,0.047746,0.001027,0.134945,0.006669,0.109027,-0.128770
2.372589,1,0.047326,0.000000,0.134386,0.049168,-0.000910,0.134727,0.011843,-0.108910,-0.128359
2.372589,2,0.047326,0.000000,0.134386,0.049307,0.001208,0.135732,0.012771,0.109208,-0.128799
2.372589,3,0.047326,0.000000,0.134386,0.047950,-0.001421,0.135873,0.010308,-0.109421,-0.127433
2.375398,0,0.047350,0.000000,0.134521,0.047769,0.001030,0.135086,0.006692,0.109030,-0.128629
2.375398,1,0.047350,0.000000,0.134521,0.049191,-0.000905,0.134866,0.011866,-0.108905,-0.128220
2.375398,2,0.047350,0.000000,0.134521,0.049334,0.001207,0.135878,0.012798,0.109207,-0.128653
2.375398,3,0.047350,0.000000,0.134521,0.047985,-0.001423,0.136009,0.010343,-0.109423,-0.127297
2.378242,0,0.047374,0.000000,0.134656,0.047794,0.001033,0.135224,0.006717,0.109033,-0.128492
2.378242,1,0.047374,0.000000,0.134656,0.049204,-0.000904,0.135004,0.011879,-0.108904,-0.128082
2.378242,2,0.047374,0.000000,0.134656,0.049357,0.001205,0.136024,0.012821,0.109205,-0.128507
2.378242,3,0.047374,0.000000,0.134656,0.048018,-0.001414,0.136155,0.010376,-0.109414,-0.127150
2.381341,0,0.047400,0.000000,0.134803,0.047820,0.001024,0.135355,0.006743,0.109024,-0.128361
2.381341,1,0.047400,0.000000,0.134803,0.049226,-0.000907,0.135156,0.011901,-0.108907,-0.127930
2.381341,2,0.047400,0.000000,0.134803,0.049375,0.001208,0.136190,0.012840,0.109208,-0.128341
2.381341,3,0.047400,0.000000,0.134803,0.048042,-0.001416,0.136300,0.010400,-0.109416,-0.127005
2.384246,0,0.047424,0.000000,0.134941,0.047852,0.001026,0.135507,0.006775,0.109026,-0.128209
2.384246,1,0.047424,0.000000,0.134941,0.049242,-0.000902,0.135298,0.011917,-0.108902,-0.127788
2.384246,2,0.047424,0.000000,0.134941,0.049413,0.001198,0.136338,0.012877,0.109198,-0.128194
2.384246,3,0.047424,0.000000,0.134941,0.048079,-0.001426,0.136446,0.010437,-0.109426,-0.126859
2.387090,0,0.047447,0.000000,0.135075,0.047882,0.001021,0.135641,0.006805,0.109021,-0.128074
2.387090,1,0.047447,0.000000,0.135075,0.049252,-0.000901,0.135429,0.011927,-0.108901,-0.127657
2.387090,2,0.047447,0.000000,0.135075,0.049435,0.001201,0.136494,0.012899,0.109201,-0.128038
2.387090,3,0.047447,0.000000,0.135075,0.048092,-0.001425,0.136570,0.010450,-0.109425,-0.126735
2.390125,0,0.047472,0.000000,0.135217,0.047906,0.001028,0.135779,0.006829,0.109028,-0.127937
2.390125,1,0.047472,0.000000,0.135217,0.049274,-0.000893,0.135554,0.011949,-0.108893,-0.127532
2.390125,2,0.047472,0.000000,0.135217,0.049459,0.001203,0.136647,0.012923,0.109203,-0.127885
2.390125,3,0.047472,0.000000,0.135217,0.048119,-0.001427,0.136723,0.010477,-0.109427,-0.126582
2.393196,0,0.047497,0.000000,0.135361,0.047939,0.001027,0.135924,0.006862,0.109027,-0.127792
2.393196,1,0.047497,0.000000,0.135361,0.049284,-0.000896,0.135695,0.011959,-0.108896,-0.127391
2.393196,2,0.047497,0.000000,0.135361,0.049486,0.001198,0.136800,0.012951,0.109198,-0.127731
2.393196,3,0.047497,0.000000,0.135361,0.048144,-0.001422,0.136855,0.010502,-0.109422,-0.126450
2.396106,0,0.047521,0.000000,0.135496,0.047964,0.001030,0.136068,0.006887,0.109030,-0.127647
2.396106,1,0.047521,0.000000,0.135496,0.049302,-0.000891,0.135824,0.011977,-0.108891,-0.127262
2.396106,2,0.047521,0.000000,0.135496,0.049510,0.001201,0.136943,0.012974,0.109201,-0.127589
2.396106,3,0.047521,0.000000,0.135496,0.048170,-0.001432,0.136993,0.010528,-0.109432,-0.126312
2.398929,0,0.047544,0.000000,0.135627,0.047990,0.001029,0.136206,0.006913,0.109029,-0.127510
2.398929,1,0.047544,0.000000,0.135627,0.049315,-0.000890,0.135945,0.011991,-0.108890,-0.127141
2.398929,2,0.047544,0.000000,0.135627,0.049537,0.001199,0.137089,0.013001,0.109199,-0.127442
2.398929,3,0.047544,0.000000,0.135627,0.048190,-0.001430,0.137125,0.010548,-0.109430,-0.126180
2.401733,0,0.047567,0.000000,0.135756,0.048010,0.001024,0.136333,0.006932,0.109024,-0.127382
2.401733,1,0.047567,0.000000,0.135756,0.049325,-0.000893,0.136069,0.012000,-0.108893,-0.127017
2.401733,2,0.047567,0.000000,0.135756,0.049552,0.001198,0.137218,0.013017,0.109198,-0.127314
2.401733,3,0.047567,0.000000,0.135756,0.048219,-0.001433,0.137264,0.010577,-0.109433,-0.126041
2.404726,0,0.047591,0.000000,0.135894,0.048051,0.001030,0.136485,0.006974,0.109030,-0.127230
2.404726,1,0.047591,0.000000,0.135894,0.049343,-0.000888,0.136197,0.012018,-0.108888,-0.126889
2.404726,2,0.047591,0.000000,0.135894,0.049575,0.001197,0.137353,0.013039,0.109197,-0.127178
2.404726,3,0.047591,0.000000,0.135894,0.048251,-0.001435,0.137410,0.010609,-0.109435,-0.125895
2.407714,0,0.047615,0.000000,0.136030,0.048074,0.001033,0.136626,0.006997,0.109033,-0.127089
2.407714,1,0.047615,0.000000,0.136030,0.049358,-0.000883,0.136318,0.012034,-0.108883,-0.126768
2.407714,2,0.047615,0.000000,0.136030,0.049595,0.001195,0.137503,0.013059,0.109195,-0.127029
2.407714,3,0.047615,0.000000,0.136030,0.048281,-0.001433,0.137556,0.010638,-0.109433,-0.125749
2.410542,0,0.047637,0.000000,0.136159,0.048107,0.001032,0.136771,0.007030,0.109032,-0.126944
2.410542,1,0.047637,0.000000,0.136159,0.049371,-0.000879,0.136443,0.012046,-0.108879,-0.126643
2.410542,2,0.047637,0.000000,0.136159,0.049616,0.001194,0.137635,0.013080,0.109194,-0.126897
2.410542,3,0.047637,0.000000,0.136159,0.048310,-0.001439,0.137698,0.010667,-0.109439,-0.125607
2.413413,0,0.047660,0.000000,0.136289,0.048134,0.001031,0.136909,0.007057,0.109031,-0.126806
2.413413,1,0.047660,0.000000,0.136289,0.049379,-0.000878,0.136560,0.012055,-0.108878,-0.126526
2.413413,2,0.047660,0.000000,0.136289,0.049638,0.001193,0.137771,0.013103,0.109193,-0.126761
2.413413,3,0.047660,0.000000,0.136289,0.048347,-0.001434,0.137842,0.010705,-0.109434,-0.125463
2.416284,0,0.047683,0.000000,0.136419,0.048157,0.001026,0.137044,0.007080,0.109026,-0.126672
2.416284,1,0.047683,0.000000,0.136419,0.049384,-0.000877,0.136677,0.012059,-0.108877,-0.126409
2.416284,2,0.047683,0.000000,0.136419,0.049658,0.001195,0.137913,0.013122,0.109195,-0.126619
2.416284,3,0.047683,0.000000,0.136419,0.048370,-0.001436,0.137984,0.010727,-0.109436,-0.125321
2.419059,0,0.047705,0.000000,0.136544,0.048189,0.001036,0.137189,0.007112,0.109036,-0.126527
2.419059,1,0.047705,0.000000,0.136544,0.049411,-0.000876,0.136813,0.012086,-0.108876,-0.126273
2.419059,2,0.047705,0.000000,0.136544,0.049677,0.001190,0.138045,0.013141,0.109190,-0.126487
2.419059,3,0.047705,0.000000,0.136544,0.048401,-0.001434,0.138116,0.010758,-0.109434,-0.125189
2.421812,0,0.047726,0.000000,0.136667,0.048218,0.001039,0.137326,0.007141,0.109039,-0.126389
2.421812,1,0.047726,0.000000,0.136667,0.049423,-0.000868,0.136930,0.012098,-0.108868,-0.126156
2.421812,2,0.047726,0.000000,0.136667,0.049703,0.001193,0.138184,0.013167,0.109193,-0.126347
2.421812,3,0.047726,0.000000,0.136667,0.048428,-0.001433,0.138248,0.010786,-0.109433,-0.125057
2.424601,0,0.047748,0.000000,0.136792,0.048251,0.001038,0.137461,0.007174,0.109038,-0.126254
2.424601,1,0.047748,0.000000,0.136792,0.049434,-0.000871,0.137058,0.012109,-0.108871,-0.126028
2.424601,2,0.047748,0.000000,0.136792,0.049725,0.001188,0.138317,0.013189,0.109188,-0.126215
2.424601,3,0.047748,0.000000,0.136792,0.048459,-0.001435,0.138384,0.010817,-0.109435,-0.124921
2.427489,0,0.047770,0.000000,0.136920,0.048272,0.001037,0.137596,0.007195,0.109037,-0.126120
2.427489,1,0.047770,0.000000,0.136920,0.049448,-0.000870,0.137189,0.012123,-0.108870,-0.125897
2.427489,2,0.047770,0.000000,0.136920,0.049752,0.001186,0.138464,0.013216,0.109186,-0.126068
2.427489,3,0.047770,0.000000,0.136920,0.048490,-0.001433,0.138534,0.010848,-0.109433,-0.124771
2.430569,0,0.047794,0.000000,0.137056,0.048308,0.001035,0.137738,0.007230,0.109035,-0.125978
2.430569,1,0.047794,0.000000,0.137056,0.049472,-0.000865,0.137322,0.012147,-0.108865,-0.125764
2.430569,2,0.047794,0.000000,0.137056,0.049778,0.001181,0.138597,0.013242,0.109181,-0.125935
2.430569,3,0.047794,0.000000,0.137056,0.048534,-0.001435,0.138692,0.010892,-0.109435,-0.124614
2.433690,0,0.047818,0.000000,0.137193,0.048337,0.001034,0.137889,0.007260,0.109034,-0.125826
2.433690,1,0.047818,0.000000,0.137193,0.049485,-0.000864,0.137460,0.012160,-0.108864,-0.125626
2.433690,2,0.047818,0.000000,0.137193,0.049802,0.001180,0.138746,0.013266,0.109180,-0.125785
2.433690,3,0.047818,0.000000,0.137193,0.048558,-0.001438,0.138844,0.010915,-0.109438,-0.124461
2.436708,0,0.047841,0.000000,0.137326,0.048373,0.001037,0.138052,0.007296,0.109037,-0.125664
2.436708,1,0.047841,0.000000,0.137326,0.049498,-0.000863,0.137605,0.012173,-0.108863,-0.125481
2.436708,2,0.047841,0.000000,0.137326,0.049830,0.001178,0.138907,0.013295,0.109178,-0.125625
2.436708,3,0.047841,0.000000,0.137326,0.048595,-0.001440,0.139004,0.010953,-0.109440,-0.124301
2.439651,0,0.047863,0.000000,0.137454,0.048400,0.001036,0.138183,0.007323,0.109036,-0.125533
2.439651,1,0.047863,0.000000,0.137454,0.049512,-0.000858,0.137733,0.012187,-0.108858,-0.125353
2.439651,2,0.047863,0.000000,0.137454,0.049857,0.001181,0.139040,0.013322,0.109181,-0.125492
2.439651,3,0.047863,0.000000,0.137454,0.048624,-0.001445,0.139147,0.010982,-0.109445,-0.124158
2.442591,0,0.047886,0.000000,0.137581,0.048439,0.001042,0.138338,0.007362,0.109042,-0.125377
2.442591,1,0.047886,0.000000,0.137581,0.049533,-0.000861,0.137875,0.012209,-0.108861,-0.125211
2.442591,2,0.047886,0.000000,0.137581,0.049881,0.001180,0.139179,0.013345,0.109180,-0.125352
2.442591,3,0.047886,0.000000,0.137581,0.048652,-0.001444,0.139290,0.011010,-0.109444,-0.124016
2.445364,0,0.047906,0.000000,0.137701,0.048461,0.001033,0.138459,0.007384,0.109033,-0.125256
2.445364,1,0.047906,0.000000,0.137701,0.049549,-0.000853,0.137993,0.012224,-0.108853,-0.125093
2.445364,2,0.047906,0.000000,0.137701,0.049907,0.001175,0.139302,0.013371,0.109175,-0.125230
2.445364,3,0.047906,0.000000,0.137701,0.048677,-0.001450,0.139432,0.011035,-0.109450,-0.123873
2.448137,0,0.047927,0.000000,0.137820,0.048490,0.001036,0.138591,0.007413,0.109036,-0.125125
2.448137,1,0.047927,0.000000,0.137820,0.049565,-0.000856,0.138125,0.012241,-0.108856,-0.124961
2.448137,2,0.047927,0.000000,0.137820,0.049926,0.001177,0.139434,0.013390,0.109177,-0.125098
2.448137,3,0.047927,0.000000,0.137820,0.048710,-0.001448,0.139561,0.011068,-0.109448,-0.123744
2.450915,0,0.047948,0.000000,0.137939,0.048521,0.001035,0.138722,0.007444,0.109035,-0.124993
2.450915,1,0.047948,0.000000,0.137939,0.049580,-0.000859,0.138260,0.012255,-0.108859,-0.124826
2.450915,2,0.047948,0.000000,0.137939,0.049966,0.001172,0.139565,0.013430,0.109172,-0.124966
2.450915,3,0.047948,0.000000,0.137939,0.048734,-0.001450,0.139697,0.011091,-0.109450,-0.123609
2.453699,0,0.047968,0.000000,0.138058,0.048549,0.001038,0.138850,0.007471,0.109038,-0.124866
2.453699,1,0.047968,0.000000,0.138058,0.049595,-0.000850,0.138378,0.012270,-0.108850,-0.124708
2.453699,2,0.047968,0.000000,0.138058,0.049984,0.001171,0.139690,0.013448,0.109171,-0.124841
2.453699,3,0.047968,0.000000,0.138058,0.048760,-0.001453,0.139822,0.011118,-0.109453,-0.123483
2.456518,0,0.047989,0.000000,0.138178,0.048580,0.001037,0.138975,0.007503,0.109037,-0.124741
2.456518,1,0.047989,0.000000,0.138178,0.049618,-0.000849,0.138514,0.012294,-0.108849,-0.124573
2.456518,2,0.047989,0.000000,0.138178,0.050005,0.001174,0.139819,0.013469,0.109174,-0.124712
2.456518,3,0.047989,0.000000,0.138178,0.048782,-0.001455,0.139954,0.011140,-0.109455,-0.123351
2.459316,0,0.048010,0.000000,0.138296,0.048612,0.001036,0.139110,0.007535,0.109036,-0.124606
2.459316,1,0.048010,0.000000,0.138296,0.049640,-0.000852,0.138639,0.012315,-0.108852,-0.124447
2.459316,2,0.048010,0.000000,0.138296,0.050037,0.001172,0.139943,0.013501,0.109172,-0.124589
2.459316,3,0.048010,0.000000,0.138296,0.048810,-0.001454,0.140073,0.011168,-0.109454,-0.123233
2.462093,0,0.048030,0.000000,0.138413,0.048645,0.001038,0.139241,0.007568,0.109038,-0.124474
2.462093,1,0.048030,0.000000,0.138413,0.049656,-0.000855,0.138777,0.012331,-0.108855,-0.124309
2.462093,2,0.048030,0.000000,0.138413,0.050055,0.001167,0.140064,0.013519,0.109167,-0.124467
2.462093,3,0.048030,0.000000,0.138413,0.048833,-0.001460,0.140201,0.011191,-0.109460,-0.123104
2.465013,0,0.048051,0.000000,0.138535,0.048671,0.001041,0.139366,0.007594,0.109041,-0.124350
2.465013,1,0.048051,0.000000,0.138535,0.049677,-0.000850,0.138896,0.012352,-0.108850,-0.124190
2.465013,2,0.048051,0.000000,0.138535,0.050085,0.001170,0.140198,0.013549,0.109170,-0.124334
2.465013,3,0.048051,0.000000,0.138535,0.048868,-0.001465,0.140351,0.011226,-0.109465,-0.122954
2.468149,0,0.048074,0.000000,0.138665,0.048701,0.001032,0.139504,0.007624,0.109032,-0.124211
2.468149,1,0.048074,0.000000,0.138665,0.049703,-0.000853,0.139049,0.012378,-0.108853,-0.124037
2.468149,2,0.048074,0.000000,0.138665,0.050118,0.001169,0.140342,0.013582,0.109169,-0.124190
2.468149,3,0.048074,0.000000,0.138665,0.048900,-0.001464,0.140494,0.011258,-0.109464,-0.122811
2.471275,0,0.048096,0.000000,0.138795,0.048735,0.001035,0.139646,0.007658,0.109035,-0.124070
2.471275,1,0.048096,0.000000,0.138795,0.049728,-0.000852,0.139181,0.012404,-0.108852,-0.123905
2.471275,2,0.048096,0.000000,0.138795,0.050143,0.001167,0.140485,0.013607,0.109167,-0.124046
2.471275,3,0.048096,0.000000,0.138795,0.048932,-0.001469,0.140637,0.011290,-0.109469,-0.122668
2.474138,0,0.048117,0.000000,0.138913,0.048769,0.001034,0.139785,0.007692,0.109034,-0.123931
2.474138,1,0.048117,0.000000,0.138913,0.049741,-0.000848,0.139306,0.012417,-0.108848,-0.123780
2.474138,2,0.048117,0.000000,0.138913,0.050173,0.001166,0.140615,0.013638,0.109166,-0.123916
2.474138,3,0.048117,0.000000,0.138913,0.048951,-0.001468,0.140759,0.011309,-0.109468,-0.122547
2.477284,0,0.048139,0.000000,0.139042,0.048793,0.001037,0.139912,0.007716,0.109037,-0.123803
2.477284,1,0.048139,0.000000,0.139042,0.049769,-0.000854,0.139442,0.012445,-0.108854,-0.123644
2.477284,2,0.048139,0.000000,0.139042,0.050198,0.001161,0.140745,0.013662,0.109161,-0.123787
2.477284,3,0.048139,0.000000,0.139042,0.048982,-0.001474,0.140915,0.011340,-0.109474,-0.122390
2.480442,0,0.048161,0.000000,0.139170,0.048832,0.001032,0.140058,0.007755,0.109032,-0.123657
2.480442,1,0.048161,0.000000,0.139170,0.049804,-0.000849,0.139593,0.012479,-0.108849,-0.123493
2.480442,2,0.048161,0.000000,0.139170,0.050235,0.001163,0.140896,0.013700,0.109163,-0.123635
2.480442,3,0.048161,0.000000,0.139170,0.049015,-0.001479,0.141069,0.011373,-0.109479,-0.122237
2.483496,0,0.048183,0.000000,0.139294,0.048866,0.001034,0.140200,0.007789,0.109034,-0.123515
2.483496,1,0.048183,0.000000,0.139294,0.049836,-0.000848,0.139733,0.012512,-0.108848,-0.123353
2.483496,2,0.048183,0.000000,0.139294,0.050256,0.001162,0.141029,0.013720,0.109162,-0.123503
2.483496,3,0.048183,0.000000,0.139294,0.049044,-0.001481,0.141218,0.011402,-0.109481,-0.122087
2.486358,0,0.048203,0.000000,0.139410,0.048898,0.001029,0.140332,0.007821,0.109029,-0.123384
2.486358,1,0.048203,0.000000,0.139410,0.049861,-0.000851,0.139883,0.012536,-0.108851,-0.123203
2.486358,2,0.048203,0.000000,0.139410,0.050294,0.001161,0.141170,0.013759,0.109161,-0.123361
2.486358,3,0.048203,0.000000,0.139410,0.049073,-0.001487,0.141361,0.011430,-0.109487,-0.121944
2.489182,0,0.048222,0.000000,0.139523,0.048920,0.001028,0.140453,0.007843,0.109028,-0.123263
2.489182,1,0.048222,0.000000,0.139523,0.049890,-0.000847,0.140013,0.012565,-0.108847,-0.123073
2.489182,2,0.048222,0.000000,0.139523,0.050319,0.001160,0.141286,0.013783,0.109160,-0.123246
2.489182,3,0.048222,0.000000,0.139523,0.049106,-0.001485,0.141491,0.011463,-0.109485,-0.121815
2.492283,0,0.048244,0.000000,0.139647,0.048957,0.001027,0.140582,0.007880,0.109027,-0.123134
2.492283,1,0.048244,0.000000,0.139647,0.049916,-0.000853,0.140162,0.012591,-0.108853,-0.122924
2.492283,2,0.048244,0.000000,0.139647,0.050351,0.001162,0.141433,0.013816,0.109162,-0.123098
2.492283,3,0.048244,0.000000,0.139647,0.049122,-0.001487,0.141636,0.011480,-0.109487,-0.121669
2.495085,0,0.048263,0.000000,0.139758,0.048993,0.001030,0.140720,0.007916,0.109030,-0.122995
2.495085,1,0.048263,0.000000,0.139758,0.049932,-0.000852,0.140280,0.012608,-0.108852,-0.122806
2.495085,2,0.048263,0.000000,0.139758,0.050374,0.001165,0.141556,0.013838,0.109165,-0.122976
2.495085,3,0.048263,0.000000,0.139758,0.049158,-0.001489,0.141776,0.011516,-0.109489,-0.121529
2.498163,0,0.048284,0.000000,0.139880,0.049024,0.001025,0.140842,0.007947,0.109025,-0.122874
2.498163,1,0.048284,0.000000,0.139880,0.049961,-0.000851,0.140420,0.012636,-0.108851,-0.122666
2.498163,2,0.048284,0.000000,0.139880,0.050408,0.001160,0.141700,0.013872,0.109160,-0.122831
2.498163,3,0.048284,0.000000,0.139880,0.049183,-0.001491,0.141915,0.011540,-0.109491,-0.121390
2.501631,0,0.048307,0.000000,0.140016,0.049047,0.001020,0.140977,0.007970,0.109020,-0.122739
2.501631,1,0.048307,0.000000,0.140016,0.049990,-0.000850,0.140571,0.012665,-0.108850,-0.122516
2.501631,2,0.048307,0.000000,0.140016,0.050441,0.001158,0.141848,0.013906,0.109158,-0.122684
2.501631,3,0.048307,0.000000,0.140016,0.049213,-0.001489,0.142082,0.011571,-0.109489,-0.121223
2.505013,0,0.048330,0.000000,0.140148,0.049085,0.001023,0.141129,0.008008,0.109023,-0.122586
2.505013,1,0.048330,0.000000,0.140148,0.050006,-0.000849,0.140706,0.012681,-0.108849,-0.122380
2.505013,2,0.048330,0.000000,0.140148,0.050479,0.001161,0.142010,0.013944,0.109161,-0.122522
2.505013,3,0.048330,0.000000,0.140148,0.049247,-0.001491,0.142243,0.011605,-0.109491,-0.121062
2.508274,0,0.048352,0.000000,0.140274,0.049121,0.001021,0.141272,0.008044,0.109021,-0.122444
2.508274,1,0.048352,0.000000,0.140274,0.050034,-0.000848,0.140853,0.012709,-0.108848,-0.122234
2.508274,2,0.048352,0.000000,0.140274,0.050503,0.001159,0.142150,0.013967,0.109159,-0.122382
2.508274,3,0.048352,0.000000,0.140274,0.049269,-0.001489,0.142382,0.011627,-0.109489,-0.120923
2.511424,0,0.048373,0.000000,0.140396,0.049152,0.001020,0.141414,0.008075,0.109020,-0.122302
2.511424,1,0.048373,0.000000,0.140396,0.050049,-0.000847,0.140977,0.012724,-0.108847,-0.122109
2.511424,2,0.048373,0.000000,0.140396,0.050529,0.001162,0.142283,0.013993,0.109162,-0.122249
2.511424,3,0.048373,0.000000,0.140396,0.049301,-0.001495,0.142532,0.011659,-0.109495,-0.120773
2.514247,0,0.048391,0.000000,0.140504,0.049188,0.001023,0.141552,0.008111,0.109023,-0.122163
2.514247,1,0.048391,0.000000,0.140504,0.050073,-0.000847,0.141096,0.012748,-0.108847,-0.121990
2.514247,2,0.048391,0.000000,0.140504,0.050551,0.001161,0.142402,0.014016,0.109161,-0.122130
2.514247,3,0.048391,0.000000,0.140504,0.049314,-0.001490,0.142646,0.011672,-0.109490,-0.120659
2.517049,0,0.048410,0.000000,0.140611,0.049215,0.001015,0.141660,0.008138,0.109015,-0.122055
2.517049,1,0.048410,0.000000,0.140611,0.050082,-0.000846,0.141207,0.012757,-0.108846,-0.121879
2.517049,2,0.048410,0.000000,0.140611,0.050573,0.001156,0.142518,0.014038,0.109156,-0.122014
2.517049,3,0.048410,0.000000,0.140611,0.049335,-0.001492,0.142768,0.011693,-0.109492,-0.120537
2.519807,0,0.048428,0.000000,0.140716,0.049239,0.001021,0.141785,0.008162,0.109021,-0.121931
2.519807,1,0.048428,0.000000,0.140716,0.050101,-0.000845,0.141315,0.012776,-0.108845,-0.121771
2.519807,2,0.048428,0.000000,0.140716,0.050603,0.001158,0.142641,0.014067,0.109158,-0.121891
2.519807,3,0.048428,0.000000,0.140716,0.049343,-0.001494,0.142875,0.011701,-0.109494,-0.120431
2.522587,0,0.048446,0.000000,0.140821,0.049264,0.001020,0.141896,0.008187,0.109020,-0.121820
2.522587,1,0.048446,0.000000,0.140821,0.050123,-0.000844,0.141430,0.012798,-0.108844,-0.121656
2.522587,2,0.048446,0.000000,0.140821,0.050625,0.001161,0.142763,0.014090,0.109161,-0.121768
2.522587,3,0.048446,0.000000,0.140821,0.049360,-0.001493,0.142993,0.011718,-0.109493,-0.120313
2.525389,0,0.048464,0.000000,0.140926,0.049288,0.001012,0.142007,0.008211,0.109012,-0.121709
2.525389,1,0.048464,0.000000,0.140926,0.050135,-0.000851,0.141545,0.012810,-0.108851,-0.121542
2.525389,2,0.048464,0.000000,0.140926,0.050656,0.001163,0.142890,0.014121,0.109163,-0.121641
2.525389,3,0.048464,0.000000,0.140926,0.049378,-0.001499,0.143110,0.011736,-0.109499,-0.120195
2.528464,0,0.048484,0.000000,0.141041,0.049321,0.001014,0.142139,0.008244,0.109014,-0.121577
2.528464,1,0.048484,0.000000,0.141041,0.050155,-0.000843,0.141656,0.012830,-0.108843,-0.121430
2.528464,2,0.048484,0.000000,0.141041,0.050678,0.001162,0.143016,0.014142,0.109162,-0.121515
2.528464,3,0.048484,0.000000,0.141041,0.049392,-0.001494,0.143225,0.011749,-0.109494,-0.120080
2.531324,0,0.048502,0.000000,0.141147,0.049341,0.001017,0.142259,0.008264,0.109017,-0.121456
2.531324,1,0.048502,0.000000,0.141147,0.050168,-0.000846,0.141771,0.012843,-0.108846,-0.121315
2.531324,2,0.048502,0.000000,0.141147,0.050703,0.001165,0.143129,0.014167,0.109165,-0.121403
2.531324,3,0.048502,0.000000,0.141147,0.049409,-0.001489,0.143340,0.011767,-0.109489,-0.119966
2.534376,0,0.048521,0.000000,0.141259,0.049372,0.001016,0.142391,0.008295,0.109016,-0.121324
2.534376,1,0.048521,0.000000,0.141259,0.050181,-0.000848,0.141885,0.012856,-0.108848,-0.121201
2.534376,2,0.048521,0.000000,0.141259,0.050733,0.001164,0.143259,0.014197,0.109164,-0.121272
2.534376,3,0.048521,0.000000,0.141259,0.049428,-0.001494,0.143468,0.011785,-0.109494,-0.119837
2.537210,0,0.048539,0.000000,0.141363,0.049398,0.001015,0.142506,0.008321,0.109015,-0.121210
2.537210,1,0.048539,0.000000,0.141363,0.050199,-0.000851,0.141993,0.012874,-0.108851,-0.121093
2.537210,2,0.048539,0.000000,0.141363,0.050753,0.001166,0.143368,0.014217,0.109166,-0.121164
2.537210,3,0.048539,0.000000,0.141363,0.049440,-0.001500,0.143589,0.011797,-0.109500,-0.119717
2.540452,0,0.048560,0.000000,0.141482,0.049426,0.001014,0.142624,0.008349,0.109014,-0.121092
2.540452,1,0.048560,0.000000,0.141482,0.050210,-0.000847,0.142097,0.012886,-0.108847,-0.120989
2.540452,2,0.048560,0.000000,0.141482,0.050775,0.001169,0.143490,0.014240,0.109169,-0.121041
2.540452,3,0.048560,0.000000,0.141482,0.049467,-0.001492,0.143708,0.011825,-0.109492,-0.119597
2.543310,0,0.048577,0.000000,0.141585,0.049450,0.001013,0.142748,0.008372,0.109013,-0.120967
2.543310,1,0.048577,0.000000,0.141585,0.050218,-0.000850,0.142208,0.012894,-0.108850,-0.120878
2.543310,2,0.048577,0.000000,0.141585,0.050805,0.001168,0.143610,0.014269,0.109168,-0.120921
2.543310,3,0.048577,0.000000,0.141585,0.049471,-0.001494,0.143814,0.011829,-0.109494,-0.119491
2.546107,0,0.048595,0.000000,0.141686,0.049480,0.001008,0.142860,0.008402,0.109008,-0.120856
2.546107,1,0.048595,0.000000,0.141686,0.050241,-0.000845,0.142313,0.012916,-0.108845,-0.120773
2.546107,2,0.048595,0.000000,0.141686,0.050828,0.001174,0.143729,0.014292,0.109174,-0.120802
2.546107,3,0.048595,0.000000,0.141686,0.049493,-0.001496,0.143929,0.011851,-0.109496,-0.119376
2.548970,0,0.048612,0.000000,0.141789,0.049501,0.001011,0.142967,0.008424,0.109011,-0.120749
2.548970,1,0.048612,0.000000,0.141789,0.050254,-0.000848,0.142417,0.012929,-0.108848,-0.120669
2.548970,2,0.048612,0.000000,0.141789,0.050848,0.001176,0.143838,0.014312,0.109176,-0.120693
2.548970,3,0.048612,0.000000,0.141789,0.049510,-0.001495,0.144048,0.011868,-0.109495,-0.119258
2.551727,0,0.048629,0.000000,0.141887,0.049520,0.001006,0.143078,0.008443,0.109006,-0.120638
2.551727,1,0.048629,0.000000,0.141887,0.050268,-0.000851,0.142525,0.012943,-0.108851,-0.120562
2.551727,2,0.048629,0.000000,0.141887,0.050876,0.001175,0.143955,0.014340,0.109175,-0.120577
2.551727,3,0.048629,0.000000,0.141887,0.049528,-0.001497,0.144162,0.011886,-0.109497,-0.119143
2.554968,0,0.048649,0.000000,0.142002,0.049543,0.001009,0.143195,0.008465,0.109009,-0.120520
2.554968,1,0.048649,0.000000,0.142002,0.050287,-0.000851,0.142633,0.012962,-0.108851,-0.120453
2.554968,2,0.048649,0.000000,0.142002,0.050903,0.001178,0.144081,0.014367,0.109178,-0.120450
2.554968,3,0.048649,0.000000,0.142002,0.049550,-0.001492,0.144288,0.011908,-0.109492,-0.119017
2.557821,0,0.048666,0.000000,0.142102,0.049570,0.001004,0.143317,0.008493,0.109004,-0.120399
2.557821,1,0.048666,0.000000,0.142102,0.050307,-0.000850,0.142745,0.012983,-0.108850,-0.120341
2.557821,2,0.048666,0.000000,0.142102,0.050918,0.001177,0.144182,0.014382,0.109177,-0.120349
2.557821,3,0.048666,0.000000,0.142102,0.049571,-0.001490,0.144406,0.011929,-0.109490,-0.118899
2.561024,0,0.048685,0.000000,0.142214,0.049597,0.001007,0.143421,0.008520,0.109007,-0.120294
2.561024,1,0.048685,0.000000,0.142214,0.050323,-0.000849,0.142853,0.012998,-0.108849,-0.120233
2.561024,2,0.048685,0.000000,0.142214,0.050942,0.001183,0.144305,0.014406,0.109183,-0.120226
2.561024,3,0.048685,0.000000,0.142214,0.049596,-0.001496,0.144542,0.011954,-0.109496,-0.118763
2.563942,0,0.048702,0.000000,0.142315,0.049610,0.001010,0.143542,0.008533,0.109010,-0.120174
2.563942,1,0.048702,0.000000,0.142315,0.050336,-0.000848,0.142964,0.013011,-0.108848,-0.120122
2.563942,2,0.048702,0.000000,0.142315,0.050963,0.001185,0.144424,0.014427,0.109185,-0.120107
2.563942,3,0.048702,0.000000,0.142315,0.049606,-0.001494,0.144642,0.011964,-0.109494,-0.118663
2.566909,0,0.048720,0.000000,0.142418,0.049630,0.000998,0.143639,0.008553,0.108998,-0.120077
2.566909,1,0.048720,0.000000,0.142418,0.050365,-0.000847,0.143080,0.013040,-0.108847,-0.120006
2.566909,2,0.048720,0.000000,0.142418,0.050979,0.001188,0.144532,0.014443,0.109188,-0.119999
2.566909,3,0.048720,0.000000,0.142418,0.049625,-0.001493,0.144764,0.011983,-0.109493,-0.118541
2.569937,0,0.048738,0.000000,0.142522,0.049652,0.001001,0.143739,0.008575,0.109001,-0.119976
2.569937,1,0.048738,0.000000,0.142522,0.050386,-0.000847,0.143192,0.013061,-0.108847,-0.119894
2.569937,2,0.048738,0.000000,0.142522,0.050994,0.001187,0.144634,0.014458,0.109187,-0.119898
2.569937,3,0.048738,0.000000,0.142522,0.049649,-0.001495,0.144886,0.012007,-0.109495,-0.118419
2.572878,0,0.048755,0.000000,0.142622,0.049671,0.001004,0.143857,0.008594,0.109004,-0.119859
2.572878,1,0.048755,0.000000,0.142622,0.050408,-0.000849,0.143311,0.013083,-0.108849,-0.119775
2.572878,2,0.048755,0.000000,0.142622,0.051017,0.001186,0.144746,0.014481,0.109186,-0.119785
2.572878,3,0.048755,0.000000,0.142622,0.049668,-0.001494,0.145008,0.012026,-0.109494,-0.118297
2.575742,0,0.048771,0.000000,0.142719,0.049675,0.001003,0.143946,0.008598,0.109003,-0.119770
2.575742,1,0.048771,0.000000,0.142719,0.050424,-0.000845,0.143426,0.013099,-0.108845,-0.119660
2.575742,2,0.048771,0.000000,0.142719,0.051030,0.001189,0.144847,0.014495,0.109189,-0.119684
2.575742,3,0.048771,0.000000,0.142719,0.049686,-0.001492,0.145119,0.012044,-0.109492,-0.118186
2.578513,0,0.048787,0.000000,0.142812,0.049700,0.001002,0.144050,0.008623,0.109002,-0.119665
2.578513,1,0.048787,0.000000,0.142812,0.050442,-0.000844,0.143524,0.013117,-0.108844,-0.119562
2.578513,2,0.048787,0.000000,0.142812,0.051049,0.001188,0.144949,0.014513,0.109188,-0.119583
2.578513,3,0.048787,0.000000,0.142812,0.049701,-0.001487,0.145220,0.012059,-0.109487,-0.118085
2.581295,0,0.048803,0.000000,0.142905,0.049715,0.001001,0.144140,0.008638,0.109001,-0.119575
2.581295,1,0.048803,0.000000,0.142905,0.050471,-0.000847,0.143650,0.013146,-0.108847,-0.119436
2.581295,2,0.048803,0.000000,0.142905,0.051066,0.001179,0.145041,0.014530,0.109179,-0.119491
2.581295,3,0.048803,0.000000,0.142905,0.049716,-0.001493,0.145331,0.012074,-0.109493,-0.117974
2.584156,0,0.048819,0.000000,0.143000,0.049724,0.001000,0.144240,0.008647,0.109000,-0.119476
2.584156,1,0.048819,0.000000,0.143000,0.050490,-0.000843,0.143755,0.013165,-0.108843,-0.119331
2.584156,2,0.048819,0.000000,0.143000,0.051081,0.001186,0.145149,0.014545,0.109186,-0.119383
2.584156,3,0.048819,0.000000,0.143000,0.049738,-0.001485,0.145436,0.012095,-0.109485,-0.117869
2.587254,0,0.048837,0.000000,0.143103,0.049742,0.001000,0.144327,0.008665,0.109000,-0.119389
2.587254,1,0.048837,0.000000,0.143103,0.050505,-0.000842,0.143863,0.013180,-0.108842,-0.119223
2.587254,2,0.048837,0.000000,0.143103,0.051096,0.001188,0.145253,0.014560,0.109188,-0.119278
2.587254,3,0.048837,0.000000,0.143103,0.049753,-0.001487,0.145554,0.012111,-0.109487,-0.117751
2.590051,0,0.048853,0.000000,0.143194,0.049751,0.000999,0.144426,0.008674,0.108999,-0.119289
2.590051,1,0.048853,0.000000,0.143194,0.050528,-0.000841,0.143982,0.013204,-0.108841,-0.119104
2.590051,2,0.048853,0.000000,0.143194,0.051115,0.001191,0.145369,0.014579,0.109191,-0.119163
2.590051,3,0.048853,0.000000,0.143194,0.049774,-0.001489,0.145666,0.012131,-0.109489,-0.117639
2.593080,0,0.048869,0.000000,0.143293,0.049764,0.000998,0.144526,0.008686,0.108998,-0.119189
2.593080,1,0.048869,0.000000,0.143293,0.050549,-0.000833,0.144088,0.013224,-0.108833,-0.118999
2.593080,2,0.048869,0.000000,0.143293,0.051127,0.001186,0.145460,0.014592,0.109186,-0.119072
2.593080,3,0.048869,0.000000,0.143293,0.049792,-0.001480,0.145771,0.012149,-0.109480,-0.117534
2.596114,0,0.048886,0.000000,0.143391,0.049781,0.001004,0.144637,0.008704,0.109004,-0.119079
2.596114,1,0.048886,0.000000,0.143391,0.050573,-0.000836,0.144214,0.013249,-0.108836,-0.118873
2.596114,2,0.048886,0.000000,0.143391,0.051140,0.001189,0.145567,0.014604,0.109189,-0.118964
2.596114,3,0.048886,0.000000,0.143391,0.049808,-0.001479,0.145879,0.012166,-0.109479,-0.117427
2.599068,0,0.048902,0.000000,0.143486,0.049787,0.001004,0.144729,0.008710,0.109004,-0.118986
2.599068,1,0.048902,0.000000,0.143486,0.050587,-0.000839,0.144321,0.013263,-0.108839,-0.118765
2.599068,2,0.048902,0.000000,0.143486,0.051154,0.001188,0.145665,0.014618,0.109188,-0.118866
2.599068,3,0.048902,0.000000,0.143486,0.049828,-0.001478,0.145987,0.012186,-0.109478,-0.117318
2.601892,0,0.048918,0.000000,0.143576,0.049806,0.000996,0.144820,0.008729,0.108996,-0.118896
2.601892,1,0.048918,0.000000,0.143576,0.050606,-0.000831,0.144430,0.013281,-0.108831,-0.118656
2.601892,2,0.048918,0.000000,0.143576,0.051163,0.001190,0.145766,0.014628,0.109190,-0.118766
2.601892,3,0.048918,0.000000,0.143576,0.049839,-0.001480,0.146084,0.012197,-0.109480,-0.117221
2.604727,0,0.048933,0.000000,0.143666,0.049824,0.000995,0.144917,0.008747,0.108995,-0.118799
2.604727,1,0.048933,0.000000,0.143666,0.050625,-0.000834,0.144535,0.013301,-0.108834,-0.118551
2.604727,2,0.048933,0.000000,0.143666,0.051174,0.001186,0.145853,0.014639,0.109186,-0.118679
2.604727,3,0.048933,0.000000,0.143666,0.049856,-0.001479,0.146185,0.012214,-0.109479,-0.117120
2.607832,0,0.048950,0.000000,0.143764,0.049827,0.001001,0.145009,0.008750,0.109001,-0.118707
2.607832,1,0.048950,0.000000,0.143764,0.050642,-0.000833,0.144646,0.013317,-0.108833,-0.118440
2.607832,2,0.048950,0.000000,0.143764,0.051188,0.001185,0.145961,0.014653,0.109185,-0.118570
2.607832,3,0.048950,0.000000,0.143764,0.049866,-0.001481,0.146289,0.012224,-0.109481,-0.117017
2.610953,0,0.048966,0.000000,0.143861,0.049841,0.000997,0.145116,0.008764,0.108997,-0.118599
2.610953,1,0.048966,0.000000,0.143861,0.050661,-0.000832,0.144755,0.013336,-0.108832,-0.118331
2.610953,2,0.048966,0.000000,0.143861,0.051206,0.001184,0.146070,0.014670,0.109184,-0.118462
2.610953,3,0.048966,0.000000,0.143861,0.049891,-0.001476,0.146397,0.012249,-0.109476,-0.116908
2.614074,0,0.048983,0.000000,0.143958,0.049852,0.000999,0.145223,0.008775,0.108999,-0.118493
2.614074,1,0.048983,0.000000,0.143958,0.050684,-0.000835,0.144877,0.013360,-0.108835,-0.118209
2.614074,2,0.048983,0.000000,0.143958,0.051214,0.001183,0.146170,0.014678,0.109183,-0.118361
2.614074,3,0.048983,0.000000,0.143958,0.049901,-0.001478,0.146501,0.012259,-0.109478,-0.116804
2.616927,0,0.048998,0.000000,0.144046,0.049852,0.000999,0.145318,0.008775,0.108999,-0.118397
2.616927,1,0.048998,0.000000,0.144046,0.050701,-0.000830,0.144992,0.013376,-0.108830,-0.118094
2.616927,2,0.048998,0.000000,0.144046,0.051222,0.001182,0.146264,0.014687,0.109182,-0.118267
2.616927,3,0.048998,0.000000,0.144046,0.049920,-0.001477,0.146599,0.012278,-0.109477,-0.116706
2.619805,0,0.049013,0.000000,0.144134,0.049874,0.000998,0.145416,0.008797,0.108998,-0.118300
2.619805,1,0.049013,0.000000,0.144134,0.050725,-0.000826,0.145095,0.013401,-0.108826,-0.117991
2.619805,2,0.049013,0.000000,0.144134,0.051220,0.001181,0.146356,0.014684,0.109181,-0.118175
2.619805,3,0.049013,0.000000,0.144134,0.049939,-0.001476,0.146704,0.012297,-0.109476,-0.116601
2.622573,0,0.049027,0.000000,0.144218,0.049879,0.000997,0.145505,0.008801,0.108997,-0.118211
2.622573,1,0.049027,0.000000,0.144218,0.050745,-0.000825,0.145196,0.013420,-0.108825,-0.117890
2.622573,2,0.049027,0.000000,0.144218,0.051234,0.001180,0.146448,0.014699,0.109180,-0.118084
2.622573,3,0.049027,0.000000,0.144218,0.049955,-0.001478,0.146805,0.012313,-0.109478,-0.116500
2.625386,0,0.049041,0.000000,0.144303,0.049880,0.001000,0.145590,0.008803,0.109000,-0.118125
2.625386,1,0.049041,0.000000,0.144303,0.050755,-0.000825,0.145290,0.013430,-0.108825,-0.117796
2.625386,2,0.049041,0.000000,0.144303,0.051233,0.001179,0.146533,0.014697,0.109179,-0.117998
2.625386,3,0.049041,0.000000,0.144303,0.049970,-0.001477,0.146902,0.012328,-0.109477,-0.116403
2.628213,0,0.049056,0.000000,0.144387,0.049891,0.001003,0.145690,0.008814,0.109003,-0.118025
2.628213,1,0.049056,0.000000,0.144387,0.050771,-0.000824,0.145385,0.013447,-0.108824,-0.117701
2.628213,2,0.049056,0.000000,0.144387,0.051235,0.001178,0.146619,0.014699,0.109178,-0.117912
2.628213,3,0.049056,0.000000,0.144387,0.049990,-0.001476,0.147000,0.012348,-0.109476,-0.116305
2.631056,0,0.049070,0.000000,0.144472,0.049893,0.000995,0.145766,0.008816,0.108995,-0.117950
2.631056,1,0.049070,0.000000,0.144472,0.050785,-0.000831,0.145485,0.013460,-0.108831,-0.117601
2.631056,2,0.049070,0.000000,0.144472,0.051243,0.001177,0.146703,0.014707,0.109177,-0.117829
2.631056,3,0.049070,0.000000,0.144472,0.050005,-0.001474,0.147098,0.012363,-0.109474,-0.116207
2.633896,0,0.049084,0.000000,0.144555,0.049901,0.000998,0.145852,0.008824,0.108998,-0.117864
2.633896,1,0.049084,0.000000,0.144555,0.050798,-0.000823,0.145573,0.013473,-0.108823,-0.117513
2.633896,2,0.049084,0.000000,0.144555,0.051249,0.001169,0.146783,0.014713,0.109169,-0.117749
2.633896,3,0.049084,0.000000,0.144555,0.050023,-0.001473,0.147192,0.012381,-0.109473,-0.116113
2.636686,0,0.049098,0.000000,0.144637,0.049910,0.001001,0.145944,0.008832,0.109001,-0.117771
2.636686,1,0.049098,0.000000,0.144637,0.050805,-0.000822,0.145659,0.013480,-0.108822,-0.117427
2.636686,2,0.049098,0.000000,0.144637,0.051255,0.001169,0.146869,0.014719,0.109169,-0.117662
2.636686,3,0.049098,0.000000,0.144637,0.050042,-0.001475,0.147300,0.012400,-0.109475,-0.116005
2.639676,0,0.049113,0.000000,0.144724,0.049915,0.001000,0.146027,0.008837,0.109000,-0.117689
2.639676,1,0.049113,0.000000,0.144724,0.050822,-0.000822,0.145747,0.013498,-0.108822,-0.117339
2.639676,2,0.049113,0.000000,0.144724,0.051259,0.001175,0.146959,0.014724,0.109175,-0.117573
2.639676,3,0.049113,0.000000,0.144724,0.050055,-0.001474,0.147391,0.012412,-0.109474,-0.115914
2.642740,0,0.049128,0.000000,0.144812,0.049923,0.001006,0.146123,0.008846,0.109006,-0.117593
2.642740,1,0.049128,0.000000,0.144812,0.050833,-0.000821,0.145851,0.013508,-0.108821,-0.117235
2.642740,2,0.049128,0.000000,0.144812,0.051261,0.001167,0.147045,0.014725,0.109167,-0.117486
2.642740,3,0.049128,0.000000,0.144812,0.050077,-0.001477,0.147492,0.012435,-0.109477,-0.115813
2.645868,0,0.049143,0.000000,0.144902,0.049925,0.001009,0.146219,0.008848,0.109009,-0.117497
2.645868,1,0.049143,0.000000,0.144902,0.050845,-0.000820,0.145952,0.013521,-0.108820,-0.117134
2.645868,2,0.049143,0.000000,0.144902,0.051278,0.001162,0.147140,0.014742,0.109162,-0.117392
2.645868,3,0.049143,0.000000,0.144902,0.050097,-0.001475,0.147608,0.012455,-0.109475,-0.115698
2.649033,0,0.049158,0.000000,0.144991,0.049929,0.001001,0.146298,0.008851,0.109001,-0.117418
2.649033,1,0.049158,0.000000,0.144991,0.050864,-0.000819,0.146050,0.013539,-0.108819,-0.117036
2.649033,2,0.049158,0.000000,0.144991,0.051274,0.001165,0.147232,0.014739,0.109165,-0.117299
2.649033,3,0.049158,0.000000,0.144991,0.050120,-0.001474,0.147706,0.012477,-0.109474,-0.115599
2.651786,0,0.049171,0.000000,0.145069,0.049928,0.001011,0.146393,0.008851,0.109011,-0.117323
2.651786,1,0.049171,0.000000,0.145069,0.050873,-0.000815,0.146141,0.013549,-0.108815,-0.116945
2.651786,2,0.049171,0.000000,0.145069,0.051280,0.001164,0.147308,0.014744,0.109164,-0.117223
2.651786,3,0.049171,0.000000,0.145069,0.050136,-0.001466,0.147790,0.012494,-0.109466,-0.115515
2.654581,0,0.049184,0.000000,0.145147,0.049934,0.001014,0.146465,0.008857,0.109014,-0.117251
2.654581,1,0.049184,0.000000,0.145147,0.050881,-0.000815,0.146221,0.013556,-0.108815,-0.116866
2.654581,2,0.049184,0.000000,0.145147,0.051290,0.001163,0.147389,0.014754,0.109163,-0.117143
2.654581,3,0.049184,0.000000,0.145147,0.050152,-0.001468,0.147884,0.012510,-0.109468,-0.115421
2.657628,0,0.049199,0.000000,0.145231,0.049934,0.001013,0.146544,0.008857,0.109013,-0.117172
2.657628,1,0.049199,0.000000,0.145231,0.050895,-0.000814,0.146308,0.013570,-0.108814,-0.116778
2.657628,2,0.049199,0.000000,0.145231,0.051292,0.001163,0.147464,0.014756,0.109163,-0.117067
2.657628,3,0.049199,0.000000,0.145231,0.050169,-0.001470,0.147978,0.012526,-0.109470,-0.115327
2.660703,0,0.049213,0.000000,0.145315,0.049938,0.001020,0.146629,0.008861,0.109020,-0.117087
2.660703,1,0.049213,0.000000,0.145315,0.050915,-0.000817,0.146413,0.013590,-0.108817,-0.116673
2.660703,2,0.049213,0.000000,0.145315,0.051295,0.001165,0.147557,0.014760,0.109165,-0.116974
2.660703,3,0.049213,0.000000,0.145315,0.050193,-0.001469,0.148074,0.012551,-0.109469,-0.115232
2.663498,0,0.049226,0.000000,0.145391,0.049936,0.001019,0.146711,0.008859,0.109019,-0.117005
2.663498,1,0.049226,0.000000,0.145391,0.050929,-0.000813,0.146507,0.013605,-0.108813,-0.116579
2.663498,2,0.049226,0.000000,0.145391,0.051299,0.001161,0.147634,0.014763,0.109161,-0.116898
2.663498,3,0.049226,0.000000,0.145391,0.050204,-0.001468,0.148150,0.012562,-0.109468,-0.115155
2.666297,0,0.049239,0.000000,0.145467,0.049945,0.001022,0.146790,0.008868,0.109022,-0.116925
2.666297,1,0.049239,0.000000,0.145467,0.050942,-0.000812,0.146591,0.013617,-0.108812,-0.116495
2.666297,2,0.049239,0.000000,0.145467,0.051303,0.001160,0.147706,0.014767,0.109160,-0.116825
2.666297,3,0.049239,0.000000,0.145467,0.050217,-0.001464,0.148237,0.012575,-0.109464,-0.115068
2.669074,0,0.049251,0.000000,0.145541,0.049947,0.001025,0.146869,0.008870,0.109025,-0.116847
2.669074,1,0.049251,0.000000,0.145541,0.050955,-0.000812,0.146675,0.013630,-0.108812,-0.116411
2.669074,2,0.049251,0.000000,0.145541,0.051310,0.001156,0.147776,0.014774,0.109156,-0.116756
2.669074,3,0.049251,0.000000,0.145541,0.050227,-0.001470,0.148320,0.012585,-0.109470,-0.114985
2.671867,0,0.049264,0.000000,0.145616,0.049951,0.001024,0.146941,0.008874,0.109024,-0.116775
2.671867,1,0.049264,0.000000,0.145616,0.050969,-0.000807,0.146759,0.013644,-0.108807,-0.116327
2.671867,2,0.049264,0.000000,0.145616,0.051317,0.001159,0.147859,0.014781,0.109159,-0.116672
2.671867,3,0.049264,0.000000,0.145616,0.050246,-0.001465,0.148405,0.012604,-0.109465,-0.114900
2.674731,0,0.049277,0.000000,0.145691,0.049959,0.001031,0.147027,0.008882,0.109031,-0.116689
2.674731,1,0.049277,0.000000,0.145691,0.050976,-0.000807,0.146839,0.013651,-0.108807,-0.116247
2.674731,2,0.049277,0.000000,0.145691,0.051322,0.001162,0.147939,0.014787,0.109162,-0.116593
2.674731,3,0.049277,0.000000,0.145691,0.050259,-0.001467,0.148492,0.012617,-0.109467,-0.114813
2.677811,0,0.049290,0.000000,0.145771,0.049963,0.001034,0.147102,0.008886,0.109034,-0.116614
2.677811,1,0.049290,0.000000,0.145771,0.050994,-0.000810,0.146930,0.013669,-0.108810,-0.116156
2.677811,2,0.049290,0.000000,0.145771,0.051334,0.001154,0.148016,0.014798,0.109154,-0.116516
2.677811,3,0.049290,0.000000,0.145771,0.050278,-0.001470,0.148593,0.012636,-0.109470,-0.114712
2.680998,0,0.049304,0.000000,0.145854,0.049974,0.001033,0.147181,0.008897,0.109033,-0.116534
2.680998,1,0.049304,0.000000,0.145854,0.051009,-0.000809,0.147021,0.013684,-0.108809,-0.116065
2.680998,2,0.049304,0.000000,0.145854,0.051344,0.001153,0.148103,0.014808,0.109153,-0.116429
2.680998,3,0.049304,0.000000,0.145854,0.050290,-0.001469,0.148680,0.012648,-0.109469,-0.114625
2.683845,0,0.049316,0.000000,0.145927,0.049983,0.001036,0.147267,0.008905,0.109036,-0.116448
2.683845,1,0.049316,0.000000,0.145927,0.051022,-0.000805,0.147102,0.013697,-0.108805,-0.115985
2.683845,2,0.049316,0.000000,0.145927,0.051348,0.001156,0.148179,0.014812,0.109156,-0.116353
2.683845,3,0.049316,0.000000,0.145927,0.050312,-0.001467,0.148761,0.012670,-0.109467,-0.114544
2.686656,0,0.049329,0.000000,0.145998,0.049992,0.001042,0.147350,0.008915,0.109042,-0.116366
2.686656,1,0.049329,0.000000,0.145998,0.051033,-0.000804,0.147182,0.013708,-0.108804,-0.115904
2.686656,2,0.049329,0.000000,0.145998,0.051357,0.001151,0.148252,0.014821,0.109151,-0.116279
2.686656,3,0.049329,0.000000,0.145998,0.050319,-0.001467,0.148838,0.012677,-0.109467,-0.114468
2.689444,0,0.049340,0.000000,0.146069,0.050000,0.001045,0.147426,0.008923,0.109045,-0.116290
2.689444,1,0.049340,0.000000,0.146069,0.051041,-0.000807,0.147265,0.013716,-0.108807,-0.115821
2.689444,2,0.049340,0.000000,0.146069,0.051365,0.001151,0.148329,0.014830,0.109151,-0.116203
2.689444,3,0.049340,0.000000,0.146069,0.050333,-0.001466,0.148915,0.012691,-0.109466,-0.114391
2.692325,0,0.049353,0.000000,0.146141,0.050000,0.001041,0.147494,0.008923,0.109041,-0.116222
2.692325,1,0.049353,0.000000,0.146141,0.051054,-0.000810,0.147345,0.013729,-0.108810,-0.115741
2.692325,2,0.049353,0.000000,0.146141,0.051374,0.001150,0.148406,0.014839,0.109150,-0.116126
2.692325,3,0.049353,0.000000,0.146141,0.050346,-0.001465,0.148988,0.012704,-0.109465,-0.114317
2.695090,0,0.049364,0.000000,0.146209,0.050014,0.001044,0.147567,0.008937,0.109044,-0.116149
2.695090,1,0.049364,0.000000,0.146209,0.051064,-0.000803,0.147415,0.013739,-0.108803,-0.115671
2.695090,2,0.049364,0.000000,0.146209,0.051390,0.001153,0.148487,0.014855,0.109153,-0.116045
2.695090,3,0.049364,0.000000,0.146209,0.050350,-0.001467,0.149060,0.012708,-0.109467,-0.114245
2.698194,0,0.049377,0.000000,0.146285,0.050021,0.001054,0.147649,0.008944,0.109054,-0.116067
2.698194,1,0.049377,0.000000,0.146285,0.051076,-0.000802,0.147482,0.013751,-0.108802,-0.115604
2.698194,2,0.049377,0.000000,0.146285,0.051401,0.001148,0.148564,0.014865,0.109148,-0.115968
2.698194,3,0.049377,0.000000,0.146285,0.050366,-0.001463,0.149131,0.012724,-0.109463,-0.114174
2.701393,0,0.049390,0.000000,0.146363,0.050032,0.001049,0.147725,0.008955,0.109049,-0.115990
2.701393,1,0.049390,0.000000,0.146363,0.051085,-0.000802,0.147565,0.013760,-0.108802,-0.115521
2.701393,2,0.049390,0.000000,0.146363,0.051415,0.001148,0.148644,0.014879,0.109148,-0.115887
2.701393,3,0.049390,0.000000,0.146363,0.050375,-0.001469,0.149210,0.012733,-0.109469,-0.114095
2.704232,0,0.049402,0.000000,0.146431,0.050043,0.001056,0.147811,0.008966,0.109056,-0.115904
2.704232,1,0.049402,0.000000,0.146431,0.051102,-0.000801,0.147643,0.013777,-0.108801,-0.115443
2.704232,2,0.049402,0.000000,0.146431,0.051422,0.001150,0.148721,0.014887,0.109150,-0.115811
2.704232,3,0.049402,0.000000,0.146431,0.050387,-0.001464,0.149270,0.012745,-0.109464,-0.114035
2.707074,0,0.049413,0.000000,0.146499,0.050048,0.001062,0.147883,0.008971,0.109062,-0.115833
2.707074,1,0.049413,0.000000,0.146499,0.051114,-0.000804,0.147720,0.013789,-0.108804,-0.115367
2.707074,2,0.049413,0.000000,0.146499,0.051436,0.001150,0.148802,0.014900,0.109150,-0.115730
2.707074,3,0.049413,0.000000,0.146499,0.050392,-0.001467,0.149336,0.012750,-0.109467,-0.113970
2.709861,0,0.049424,0.000000,0.146565,0.050060,0.001054,0.147942,0.008983,0.109054,-0.115773
2.709861,1,0.049424,0.000000,0.146565,0.051122,-0.000800,0.147796,0.013797,-0.108800,-0.115290
2.709861,2,0.049424,0.000000,0.146565,0.051449,0.001145,0.148875,0.014913,0.109145,-0.115656
2.709861,3,0.049424,0.000000,0.146565,0.050405,-0.001470,0.149405,0.012763,-0.109470,-0.113900
2.712766,0,0.049436,0.000000,0.146633,0.050066,0.001057,0.148014,0.008989,0.109057,-0.115701
2.712766,1,0.049436,0.000000,0.146633,0.051134,-0.000800,0.147863,0.013809,-0.108800,-0.115223
2.712766,2,0.049436,0.000000,0.146633,0.051466,0.001144,0.148957,0.014930,0.109144,-0.115575
2.712766,3,0.049436,0.000000,0.146633,0.050419,-0.001469,0.149472,0.012776,-0.109469,-0.113833
2.715748,0,0.049447,0.000000,0.146702,0.050081,0.001067,0.148104,0.009003,0.109067,-0.115612
2.715748,1,0.049447,0.000000,0.146702,0.051152,-0.000799,0.147944,0.013828,-0.108799,-0.115142
2.715748,2,0.049447,0.000000,0.146702,0.051483,0.001147,0.149048,0.014947,0.109147,-0.115484
2.715748,3,0.049447,0.000000,0.146702,0.050433,-0.001468,0.149542,0.012791,-0.109468,-0.113763
2.718582,0,0.049458,0.000000,0.146767,0.050082,0.001063,0.148159,0.009005,0.109063,-0.115557
2.718582,1,0.049458,0.000000,0.146767,0.051166,-0.000792,0.148008,0.013842,-0.108792,-0.115078
2.718582,2,0.049458,0.000000,0.146767,0.051496,0.001146,0.149129,0.014961,0.109146,-0.115403
2.718582,3,0.049458,0.000000,0.146767,0.050439,-0.001460,0.149591,0.012797,-0.109460,-0.113714
2.721368,0,0.049469,0.000000,0.146830,0.050094,0.001066,0.148228,0.009017,0.109066,-0.115487
2.721368,1,0.049469,0.000000,0.146830,0.051179,-0.000788,0.148071,0.013854,-0.108788,-0.115015
2.721368,2,0.049469,0.000000,0.146830,0.051508,0.001142,0.149209,0.014972,0.109142,-0.115322
2.721368,3,0.049469,0.000000,0.146830,0.050448,-0.001467,0.149654,0.012805,-0.109467,-0.113652
2.724231,0,0.049480,0.000000,0.146894,0.050106,0.001065,0.148294,0.009029,0.109065,-0.115422
2.724231,1,0.049480,0.000000,0.146894,0.051193,-0.000794,0.148148,0.013868,-0.108794,-0.114938
2.724231,2,0.049480,0.000000,0.146894,0.051524,0.001141,0.149287,0.014988,0.109141,-0.115245
2.724231,3,0.049480,0.000000,0.146894,0.050470,-0.001469,0.149721,0.012828,-0.109469,-0.113584
2.727110,0,0.049490,0.000000,0.146958,0.050119,0.001068,0.148367,0.009042,0.109068,-0.115349
2.727110,1,0.049490,0.000000,0.146958,0.051204,-0.000790,0.148208,0.013879,-0.108790,-0.114878
2.727110,2,0.049490,0.000000,0.146958,0.051539,0.001144,0.149364,0.015003,0.109144,-0.115167
2.727110,3,0.049490,0.000000,0.146958,0.050467,-0.001472,0.149775,0.012825,-0.109472,-0.113530
2.729975,0,0.049501,0.000000,0.147021,0.050129,0.001068,0.148429,0.009052,0.109068,-0.115287
2.729975,1,0.049501,0.000000,0.147021,0.051220,-0.000790,0.148282,0.013895,-0.108790,-0.114804
2.729975,2,0.049501,0.000000,0.147021,0.051550,0.001140,0.149445,0.015015,0.109140,-0.115087
2.729975,3,0.049501,0.000000,0.147021,0.050480,-0.001475,0.149845,0.012838,-0.109475,-0.113460
2.733276,0,0.049513,0.000000,0.147093,0.050136,0.001071,0.148494,0.009059,0.109071,-0.115221
2.733276,1,0.049513,0.000000,0.147093,0.051222,-0.000786,0.148337,0.013898,-0.108786,-0.114749
2.733276,2,0.049513,0.000000,0.147093,0.051568,0.001139,0.149526,0.015032,0.109139,-0.115005
2.733276,3,0.049513,0.000000,0.147093,0.050489,-0.001470,0.149905,0.012846,-0.109470,-0.113400
2.736356,0,0.049524,0.000000,0.147160,0.050146,0.001070,0.148570,0.009068,0.109070,-0.115145
2.736356,1,0.049524,0.000000,0.147160,0.051237,-0.000785,0.148418,0.013912,-0.108785,-0.114668
2.736356,2,0.049524,0.000000,0.147160,0.051579,0.001141,0.149614,0.015044,0.109141,-0.114918
2.736356,3,0.049524,0.000000,0.147160,0.050497,-0.001469,0.149967,0.012855,-0.109469,-0.113338
2.739177,0,0.049534,0.000000,0.147220,0.050157,0.001069,0.148636,0.009080,0.109069,-0.115080
2.739177,1,0.049534,0.000000,0.147220,0.051243,-0.000785,0.148477,0.013918,-0.108785,-0.114609
2.739177,2,0.049534,0.000000,0.147220,0.051588,0.001141,0.149680,0.015052,0.109141,-0.114852
2.739177,3,0.049534,0.000000,0.147220,0.050503,-0.001476,0.150023,0.012861,-0.109476,-0.113283
2.742329,0,0.049546,0.000000,0.147286,0.050173,0.001076,0.148709,0.009096,0.109076,-0.115007
2.742329,1,0.049546,0.000000,0.147286,0.051254,-0.000785,0.148547,0.013929,-0.108785,-0.114539
2.742329,2,0.049546,0.000000,0.147286,0.051603,0.001137,0.149761,0.015067,0.109137,-0.114770
2.742329,3,0.049546,0.000000,0.147286,0.050513,-0.001475,0.150089,0.012871,-0.109475,-0.113216
2.745122,0,0.049555,0.000000,0.147344,0.050181,0.001082,0.148781,0.009104,0.109082,-0.114935
2.745122,1,0.049555,0.000000,0.147344,0.051263,-0.000784,0.148613,0.013938,-0.108784,-0.114473
2.745122,2,0.049555,0.000000,0.147344,0.051615,0.001136,0.149828,0.015079,0.109136,-0.114704
2.745122,3,0.049555,0.000000,0.147344,0.050527,-0.001474,0.150142,0.012885,-0.109474,-0.113163
2.747956,0,0.049565,0.000000,0.147403,0.050192,0.001074,0.148830,0.009115,0.109074,-0.114886
2.747956,1,0.049565,0.000000,0.147403,0.051269,-0.000784,0.148672,0.013944,-0.108784,-0.114414
2.747956,2,0.049565,0.000000,0.147403,0.051629,0.001139,0.149905,0.015094,0.109139,-0.114626
2.747956,3,0.049565,0.000000,0.147403,0.050531,-0.001477,0.150197,0.012889,-0.109477,-0.113108
2.750733,0,0.049575,0.000000,0.147459,0.050205,0.001077,0.148896,0.009128,0.109077,-0.114820
2.750733,1,0.049575,0.000000,0.147459,0.051273,-0.000776,0.148728,0.013949,-0.108776,-0.114358
2.750733,2,0.049575,0.000000,0.147459,0.051641,0.001134,0.149969,0.015106,0.109134,-0.114563
2.750733,3,0.049575,0.000000,0.147459,0.050540,-0.001480,0.150256,0.012898,-0.109480,-0.113049
2.753617,0,0.049585,0.000000,0.147517,0.050209,0.001077,0.148951,0.009132,0.109077,-0.114765
2.753617,1,0.049585,0.000000,0.147517,0.051282,-0.000779,0.148787,0.013957,-0.108779,-0.114299
2.753617,2,0.049585,0.000000,0.147517,0.051652,0.001134,0.150032,0.015116,0.109134,-0.114500
2.753617,3,0.049585,0.000000,0.147517,0.050554,-0.001479,0.150316,0.012912,-0.109479,-0.112989
2.756522,0,0.049594,0.000000,0.147575,0.050226,0.001076,0.149014,0.009149,0.109076,-0.114702
2.756522,1,0.049594,0.000000,0.147575,0.051296,-0.000775,0.148854,0.013971,-0.108775,-0.114232
2.756522,2,0.049594,0.000000,0.147575,0.051659,0.001137,0.150108,0.015124,0.109137,-0.114423
2.756522,3,0.049594,0.000000,0.147575,0.050561,-0.001475,0.150372,0.012919,-0.109475,-0.112933
2.759428,0,0.049604,0.000000,0.147633,0.050230,0.001079,0.149079,0.009153,0.109079,-0.114637
2.759428,1,0.049604,0.000000,0.147633,0.051303,-0.000779,0.148920,0.013979,-0.108779,-0.114166
2.759428,2,0.049604,0.000000,0.147633,0.051671,0.001136,0.150165,0.015135,0.109136,-0.114367
2.759428,3,0.049604,0.000000,0.147633,0.050571,-0.001481,0.150428,0.012928,-0.109481,-0.112878
2.762658,0,0.049614,0.000000,0.147695,0.050244,0.001082,0.149138,0.009167,0.109082,-0.114578
2.762658,1,0.049614,0.000000,0.147695,0.051312,-0.000778,0.148993,0.013987,-0.108778,-0.114093
2.762658,2,0.049614,0.000000,0.147695,0.051685,0.001135,0.150239,0.015149,0.109135,-0.114293
2.762658,3,0.049614,0.000000,0.147695,0.050578,-0.001480,0.150497,0.012936,-0.109480,-0.112808
2.766067,0,0.049625,0.000000,0.147761,0.050252,0.001081,0.149204,0.009175,0.109081,-0.114512
2.766067,1,0.049625,0.000000,0.147761,0.051322,-0.000774,0.149060,0.013997,-0.108774,-0.114026
2.766067,2,0.049625,0.000000,0.147761,0.051697,0.001131,0.150320,0.015161,0.109131,-0.114212
2.766067,3,0.049625,0.000000,0.147761,0.050594,-0.001476,0.150557,0.012951,-0.109476,-0.112748
2.769270,0,0.049636,0.000000,0.147821,0.050260,0.001081,0.149269,0.009183,0.109081,-0.114446
2.769270,1,0.049636,0.000000,0.147821,0.051326,-0.000777,0.149132,0.014001,-0.108777,-0.113954
2.769270,2,0.049636,0.000000,0.147821,0.051709,0.001130,0.150387,0.015173,0.109130,-0.114145
2.769270,3,0.049636,0.000000,0.147821,0.050602,-0.001482,0.150620,0.012960,-0.109482,-0.112686
2.772417,0,0.049645,0.000000,0.147880,0.050272,0.001077,0.149332,0.009195,0.109077,-0.114384
2.772417,1,0.049645,0.000000,0.147880,0.051334,-0.000777,0.149205,0.014009,-0.108777,-0.113881
2.772417,2,0.049645,0.000000,0.147880,0.051721,0.001130,0.150447,0.015186,0.109130,-0.114085
2.772417,3,0.049645,0.000000,0.147880,0.050610,-0.001485,0.150675,0.012968,-0.109485,-0.112630
2.775244,0,0.049654,0.000000,0.147932,0.050287,0.001083,0.149394,0.009209,0.109083,-0.114321
2.775244,1,0.049654,0.000000,0.147932,0.051339,-0.000769,0.149254,0.014014,-0.108769,-0.113832
2.775244,2,0.049654,0.000000,0.147932,0.051730,0.001129,0.150506,0.015195,0.109129,-0.114025
2.775244,3,0.049654,0.000000,0.147932,0.050619,-0.001484,0.150731,0.012977,-0.109484,-0.112574
2.778129,0,0.049663,0.000000,0.147985,0.050290,0.001079,0.149446,0.009213,0.109079,-0.114270
2.778129,1,0.049663,0.000000,0.147985,0.051345,-0.000765,0.149317,0.014020,-0.108765,-0.113769
2.778129,2,0.049663,0.000000,0.147985,0.051745,0.001132,0.150567,0.015209,0.109132,-0.113965
2.778129,3,0.049663,0.000000,0.147985,0.050626,-0.001483,0.150773,0.012983,-0.109483,-0.112532
2.780885,0,0.049671,0.000000,0.148034,0.050296,0.001075,0.149494,0.009219,0.109075,-0.114221
2.780885,1,0.049671,0.000000,0.148034,0.051352,-0.000768,0.149383,0.014028,-0.108768,-0.113703
2.780885,2,0.049671,0.000000,0.148034,0.051756,0.001131,0.150630,0.015220,0.109131,-0.113902
2.780885,3,0.049671,0.000000,0.148034,0.050630,-0.001486,0.150821,0.012988,-0.109486,-0.112484
2.783708,0,0.049680,0.000000,0.148084,0.050312,0.001075,0.149547,0.009235,0.109075,-0.114169
2.783708,1,0.049680,0.000000,0.148084,0.051360,-0.000768,0.149446,0.014035,-0.108768,-0.113640
2.783708,2,0.049680,0.000000,0.148084,0.051762,0.001127,0.150679,0.015226,0.109127,-0.113853
2.783708,3,0.049680,0.000000,0.148084,0.050640,-0.001482,0.150860,0.012998,-0.109482,-0.112445
2.786543,0,0.049688,0.000000,0.148134,0.050324,0.001078,0.149609,0.009247,0.109078,-0.114106
2.786543,1,0.049688,0.000000,0.148134,0.051368,-0.000768,0.149508,0.014043,-0.108768,-0.113578
2.786543,2,0.049688,0.000000,0.148134,0.051775,0.001127,0.150739,0.015239,0.109127,-0.113793
2.786543,3,0.049688,0.000000,0.148134,0.050638,-0.001485,0.150908,0.012996,-0.109485,-0.112397
2.789503,0,0.049697,0.000000,0.148185,0.050333,0.001081,0.149664,0.009256,0.109081,-0.114051
2.789503,1,0.049697,0.000000,0.148185,0.051373,-0.000764,0.149571,0.014049,-0.108764,-0.113515
2.789503,2,0.049697,0.000000,0.148185,0.051778,0.001126,0.150791,0.015242,0.109126,-0.113741
2.789503,3,0.049697,0.000000,0.148185,0.050647,-0.001488,0.150950,0.013005,-0.109488,-0.112355
2.792416,0,0.049705,0.000000,0.148235,0.050341,0.001077,0.149716,0.009263,0.109077,-0.113999
2.792416,1,0.049705,0.000000,0.148235,0.051379,-0.000763,0.149637,0.014054,-0.108763,-0.113449
2.792416,2,0.049705,0.000000,0.148235,0.051791,0.001126,0.150844,0.015255,0.109126,-0.113687
2.792416,3,0.049705,0.000000,0.148235,0.050659,-0.001487,0.150996,0.013016,-0.109487,-0.112309
2.795191,0,0.049713,0.000000,0.148282,0.050346,0.001076,0.149768,0.009269,0.109076,-0.113947
2.795191,1,0.049713,0.000000,0.148282,0.051387,-0.000763,0.149700,0.014062,-0.108763,-0.113386
2.795191,2,0.049713,0.000000,0.148282,0.051801,0.001125,0.150897,0.015265,0.109125,-0.113634
2.795191,3,0.049713,0.000000,0.148282,0.050661,-0.001494,0.151034,0.013019,-0.109494,-0.112271
2.798027,0,0.049721,0.000000,0.148329,0.050355,0.001076,0.149820,0.009278,0.109076,-0.113895
2.798027,1,0.049721,0.000000,0.148329,0.051388,-0.000762,0.149755,0.014063,-0.108762,-0.113331
2.798027,2,0.049721,0.000000,0.148329,0.051804,0.001128,0.150952,0.015268,0.109128,-0.113579
2.798027,3,0.049721,0.000000,0.148329,0.050668,-0.001500,0.151082,0.013026,-0.109500,-0.112223
2.801182,0,0.049729,0.000000,0.148380,0.050362,0.001072,0.149862,0.009284,0.109072,-0.113854
2.801182,1,0.049729,0.000000,0.148380,0.051402,-0.000765,0.149828,0.014077,-0.108765,-0.113258
2.801182,2,0.049729,0.000000,0.148380,0.051821,0.001124,0.151003,0.015285,0.109124,-0.113529
2.801182,3,0.049729,0.000000,0.148380,0.050674,-0.001496,0.151121,0.013032,-0.109496,-0.112184
2.804040,0,0.049737,0.000000,0.148426,0.050374,0.001078,0.149921,0.009297,0.109078,-0.113795
2.804040,1,0.049737,0.000000,0.148426,0.051403,-0.000758,0.149884,0.014078,-0.108758,-0.113202
2.804040,2,0.049737,0.000000,0.148426,0.051823,0.001117,0.151048,0.015288,0.109117,-0.113483
2.804040,3,0.049737,0.000000,0.148426,0.050678,-0.001495,0.151156,0.013036,-0.109495,-0.112150
2.806825,0,0.049744,0.000000,0.148471,0.050381,0.001074,0.149973,0.009304,0.109074,-0.113743
2.806825,1,0.049744,0.000000,0.148471,0.051411,-0.000761,0.149950,0.014086,-0.108761,-0.113136
2.806825,2,0.049744,0.000000,0.148471,0.051835,0.001123,0.151105,0.015300,0.109123,-0.113427
2.806825,3,0.049744,0.000000,0.148471,0.050689,-0.001498,0.151194,0.013047,-0.109498,-0.112111
2.809605,0,0.049752,0.000000,0.148514,0.050392,0.001074,0.150021,0.009315,0.109074,-0.113694
2.809605,1,0.049752,0.000000,0.148514,0.051423,-0.000761,0.150006,0.014098,-0.108761,-0.113080
2.809605,2,0.049752,0.000000,0.148514,0.051837,0.001119,0.151150,0.015301,0.109119,-0.113382
2.809605,3,0.049752,0.000000,0.148514,0.050691,-0.001501,0.151236,0.013049,-0.109501,-0.112069
2.812510,0,0.049759,0.000000,0.148559,0.050400,0.001073,0.150070,0.009323,0.109073,-0.113646
2.812510,1,0.049759,0.000000,0.148559,0.051425,-0.000760,0.150065,0.014101,-0.108760,-0.113021
2.812510,2,0.049759,0.000000,0.148559,0.051842,0.001115,0.151195,0.015306,0.109115,-0.113337
2.812510,3,0.049759,0.000000,0.148559,0.050702,-0.001501,0.151271,0.013059,-0.109501,-0.112034
2.815656,0,0.049767,0.000000,0.148607,0.050414,0.001076,0.150129,0.009337,0.109076,-0.113587
2.815656,1,0.049767,0.000000,0.148607,0.051438,-0.000763,0.150135,0.014113,-0.108763,-0.112951
2.815656,2,0.049767,0.000000,0.148607,0.051858,0.001115,0.151256,0.015322,0.109115,-0.113276
2.815656,3,0.049767,0.000000,0.148607,0.050710,-0.001504,0.151320,0.013068,-0.109504,-0.111985
2.818462,0,0.049774,0.000000,0.148649,0.050423,0.001076,0.150181,0.009346,0.109076,-0.113535
2.818462,1,0.049774,0.000000,0.148649,0.051446,-0.000756,0.150191,0.014121,-0.108756,-0.112895
2.818462,2,0.049774,0.000000,0.148649,0.051862,0.001118,0.151304,0.015326,0.109118,-0.113227
2.818462,3,0.049774,0.000000,0.148649,0.050717,-0.001503,0.151355,0.013075,-0.109503,-0.111950
2.821309,0,0.049781,0.000000,0.148691,0.050424,0.001075,0.150229,0.009347,0.109075,-0.113487
2.821309,1,0.049781,0.000000,0.148691,0.051451,-0.000752,0.150237,0.014127,-0.108752,-0.112850
2.821309,2,0.049781,0.000000,0.148691,0.051870,0.001114,0.151357,0.015334,0.109114,-0.113175
2.821309,3,0.049781,0.000000,0.148691,0.050729,-0.001506,0.151398,0.013087,-0.109506,-0.111908
2.824201,0,0.049788,0.000000,0.148733,0.050439,0.001071,0.150275,0.009362,0.109071,-0.113441
2.824201,1,0.049788,0.000000,0.148733,0.051458,-0.000755,0.150299,0.014133,-0.108755,-0.112787
2.824201,2,0.049788,0.000000,0.148733,0.051879,0.001110,0.151396,0.015343,0.109110,-0.113136
2.824201,3,0.049788,0.000000,0.148733,0.050735,-0.001512,0.151436,0.013093,-0.109512,-0.111869
2.827080,0,0.049795,0.000000,0.148774,0.050449,0.001074,0.150334,0.009372,0.109074,-0.113382
2.827080,1,0.049795,0.000000,0.148774,0.051466,-0.000755,0.150355,0.014141,-0.108755,-0.112731
2.827080,2,0.049795,0.000000,0.148774,0.051887,0.001116,0.151459,0.015351,0.109116,-0.113073
2.827080,3,0.049795,0.000000,0.148774,0.050742,-0.001512,0.151471,0.013100,-0.109512,-0.111834
2.829852,0,0.049802,0.000000,0.148813,0.050459,0.001077,0.150389,0.009381,0.109077,-0.113327
2.829852,1,0.049802,0.000000,0.148813,0.051468,-0.000755,0.150403,0.014144,-0.108755,-0.112683
2.829852,2,0.049802,0.000000,0.148813,0.051897,0.001112,0.151501,0.015362,0.109112,-0.113030
2.829852,3,0.049802,0.000000,0.148813,0.050750,-0.001511,0.151506,0.013108,-0.109511,-0.111799
2.832654,0,0.049808,0.000000,0.148851,0.050468,0.001077,0.150441,0.009391,0.109077,-0.113275
2.832654,1,0.049808,0.000000,0.148851,0.051475,-0.000747,0.150456,0.014150,-0.108747,-0.112630
2.832654,2,0.049808,0.000000,0.148851,0.051899,0.001109,0.151547,0.015363,0.109109,-0.112985
2.832654,3,0.049808,0.000000,0.148851,0.050760,-0.001514,0.151535,0.013117,-0.109514,-0.111771
2.835438,0,0.049815,0.000000,0.148889,0.050474,0.001076,0.150486,0.009397,0.109076,-0.113230
2.835438,1,0.049815,0.000000,0.148889,0.051480,-0.000747,0.150505,0.014156,-0.108747,-0.112581
2.835438,2,0.049815,0.000000,0.148889,0.051918,0.001111,0.151600,0.015382,0.109111,-0.112931
2.835438,3,0.049815,0.000000,0.148889,0.050762,-0.001511,0.151562,0.013120,-0.109511,-0.111743
2.838220,0,0.049821,0.000000,0.148926,0.050488,0.001076,0.150535,0.009411,0.109076,-0.113181
2.838220,1,0.049821,0.000000,0.148926,0.051486,-0.000747,0.150553,0.014161,-0.108747,-0.112533
2.838220,2,0.049821,0.000000,0.148926,0.051919,0.001111,0.151656,0.015383,0.109111,-0.112876
2.838220,3,0.049821,0.000000,0.148926,0.050765,-0.001514,0.151597,0.013122,-0.109514,-0.111708
2.841306,0,0.049827,0.000000,0.148967,0.050494,0.001086,0.150590,0.009417,0.109086,-0.113126
2.841306,1,0.049827,0.000000,0.148967,0.051493,-0.000746,0.150606,0.014168,-0.108746,-0.112480
2.841306,2,0.049827,0.000000,0.148967,0.051929,0.001110,0.151702,0.015393,0.109110,-0.112830
2.841306,3,0.049827,0.000000,0.148967,0.050780,-0.001510,0.151633,0.013138,-0.109510,-0.111672
2.844593,0,0.049835,0.000000,0.149009,0.050504,0.001082,0.150638,0.009427,0.109082,-0.113077
2.844593,1,0.049835,0.000000,0.149009,0.051494,-0.000746,0.150651,0.014169,-0.108746,-0.112436
2.844593,2,0.049835,0.000000,0.149009,0.051939,0.001110,0.151755,0.015403,0.109110,-0.112777
2.844593,3,0.049835,0.000000,0.149009,0.050785,-0.001516,0.151678,0.013143,-0.109516,-0.111627
2.847427,0,0.049841,0.000000,0.149045,0.050509,0.001081,0.150690,0.009432,0.109081,-0.113025
2.847427,1,0.049841,0.000000,0.149045,0.051499,-0.000739,0.150693,0.014175,-0.108739,-0.112393
2.847427,2,0.049841,0.000000,0.149045,0.051947,0.001109,0.151804,0.015412,0.109109,-0.112728
2.847427,3,0.049841,0.000000,0.149045,0.050793,-0.001516,0.151706,0.013151,-0.109516,-0.111599
2.850216,0,0.049846,0.000000,0.149079,0.050519,0.001081,0.150735,0.009442,0.109081,-0.112980
2.850216,1,0.049846,0.000000,0.149079,0.051501,-0.000746,0.150737,0.014176,-0.108746,-0.112349
2.850216,2,0.049846,0.000000,0.149079,0.051953,0.001106,0.151843,0.015418,0.109106,-0.112689
2.850216,3,0.049846,0.000000,0.149079,0.050796,-0.001519,0.151741,0.013154,-0.109519,-0.111564
2.853316,0,0.049853,0.000000,0.149117,0.050525,0.001084,0.150784,0.009448,0.109084,-0.112932
2.853316,1,0.049853,0.000000,0.149117,0.051502,-0.000745,0.150782,0.014177,-0.108745,-0.112304
2.853316,2,0.049853,0.000000,0.149117,0.051956,0.001105,0.151884,0.015420,0.109105,-0.112647
2.853316,3,0.049853,0.000000,0.149117,0.050808,-0.001521,0.151783,0.013166,-0.109521,-0.111522
2.856260,0,0.049858,0.000000,0.149152,0.050533,0.001083,0.150832,0.009456,0.109083,-0.112883
2.856260,1,0.049858,0.000000,0.149152,0.051507,-0.000745,0.150831,0.014183,-0.108745,-0.112255
2.856260,2,0.049858,0.000000,0.149152,0.051968,0.001105,0.151934,0.015432,0.109105,-0.112598
2.856260,3,0.049858,0.000000,0.149152,0.050815,-0.001524,0.151822,0.013173,-0.109524,-0.111483
2.859073,0,0.049864,0.000000,0.149185,0.050539,0.001086,0.150874,0.009462,0.109086,-0.112842
2.859073,1,0.049864,0.000000,0.149185,0.051507,-0.000745,0.150872,0.014182,-0.108745,-0.112214
2.859073,2,0.049864,0.000000,0.149185,0.051971,0.001101,0.151976,0.015436,0.109101,-0.112556
2.859073,3,0.049864,0.000000,0.149185,0.050823,-0.001524,0.151850,0.013181,-0.109524,-0.111455
2.861859,0,0.049869,0.000000,0.149217,0.050547,0.001086,0.150922,0.009470,0.109086,-0.112793
2.861859,1,0.049869,0.000000,0.149217,0.051510,-0.000744,0.150907,0.014186,-0.108744,-0.112179
2.861859,2,0.049869,0.000000,0.149217,0.051981,0.001101,0.152018,0.015445,0.109101,-0.112513
2.861859,3,0.049869,0.000000,0.149217,0.050827,-0.001527,0.151881,0.013185,-0.109527,-0.111424
2.864722,0,0.049875,0.000000,0.149249,0.050558,0.001082,0.150961,0.009481,0.109082,-0.112755
2.864722,1,0.049875,0.000000,0.149249,0.051513,-0.000741,0.150945,0.014189,-0.108741,-0.112141
2.864722,2,0.049875,0.000000,0.149249,0.051990,0.001104,0.152064,0.015454,0.109104,-0.112467
2.864722,3,0.049875,0.000000,0.149249,0.050835,-0.001523,0.151913,0.013193,-0.109523,-0.111392
2.867665,0,0.049880,0.000000,0.149281,0.050563,0.001085,0.151006,0.009486,0.109085,-0.112710
2.867665,1,0.049880,0.000000,0.149281,0.051515,-0.000741,0.150983,0.014190,-0.108741,-0.112103
2.867665,2,0.049880,0.000000,0.149281,0.052002,0.001100,0.152111,0.015466,0.109100,-0.112421
2.867665,3,0.049880,0.000000,0.149281,0.050842,-0.001523,0.151948,0.013200,-0.109523,-0.111357
2.870551,0,0.049885,0.000000,0.149312,0.050569,0.001081,0.151040,0.009492,0.109081,-0.112675
2.870551,1,0.049885,0.000000,0.149312,0.051518,-0.000744,0.151028,0.014193,-0.108744,-0.112058
2.870551,2,0.049885,0.000000,0.149312,0.052008,0.001103,0.152156,0.015472,0.109103,-0.112376
2.870551,3,0.049885,0.000000,0.149312,0.050843,-0.001529,0.151983,0.013201,-0.109529,-0.111323
2.873449,0,0.049890,0.000000,0.149342,0.050572,0.001084,0.151082,0.009495,0.109084,-0.112634
2.873449,1,0.049890,0.000000,0.149342,0.051520,-0.000740,0.151056,0.014195,-0.108740,-0.112030
2.873449,2,0.049890,0.000000,0.149342,0.052017,0.001102,0.152199,0.015481,0.109102,-0.112333
2.873449,3,0.049890,0.000000,0.149342,0.050848,-0.001532,0.152014,0.013205,-0.109532,-0.111291
2.876271,0,0.049895,0.000000,0.149371,0.050580,0.001084,0.151123,0.009503,0.109084,-0.112592
2.876271,1,0.049895,0.000000,0.149371,0.051517,-0.000740,0.151090,0.014192,-0.108740,-0.111997
2.876271,2,0.049895,0.000000,0.149371,0.052021,0.001098,0.152234,0.015485,0.109098,-0.112298
2.876271,3,0.049895,0.000000,0.149371,0.050849,-0.001528,0.152038,0.013206,-0.109528,-0.111267
2.879050,0,0.049900,0.000000,0.149399,0.050585,0.001087,0.151161,0.009508,0.109087,-0.112554
2.879050,1,0.049900,0.000000,0.149399,0.051518,-0.000743,0.151131,0.014193,-0.108743,-0.111955
2.879050,2,0.049900,0.000000,0.149399,0.052030,0.001098,0.152276,0.015495,0.109098,-0.112255
2.879050,3,0.049900,0.000000,0.149399,0.050855,-0.001531,0.152073,0.013212,-0.109531,-0.111232
2.881840,0,0.049904,0.000000,0.149427,0.050587,0.001087,0.151195,0.009510,0.109087,-0.112520
2.881840,1,0.049904,0.000000,0.149427,0.051524,-0.000739,0.151152,0.014200,-0.108739,-0.111934
2.881840,2,0.049904,0.000000,0.149427,0.052040,0.001098,0.152312,0.015505,0.109098,-0.112220
2.881840,3,0.049904,0.000000,0.149427,0.050859,-0.001527,0.152098,0.013217,-0.109527,-0.111208
2.884718,0,0.049909,0.000000,0.149454,0.050592,0.001086,0.151230,0.009515,0.109086,-0.112486
2.884718,1,0.049909,0.000000,0.149454,0.051521,-0.000743,0.151190,0.014196,-0.108743,-0.111897
2.884718,2,0.049909,0.000000,0.149454,0.052046,0.001094,0.152351,0.015511,0.109094,-0.112181
2.884718,3,0.049909,0.000000,0.149454,0.050868,-0.001534,0.152136,0.013226,-0.109534,-0.111169
2.887717,0,0.049914,0.000000,0.149482,0.050599,0.001086,0.151261,0.009522,0.109086,-0.112454
2.887717,1,0.049914,0.000000,0.149482,0.051527,-0.000739,0.151218,0.014202,-0.108739,-0.111868
2.887717,2,0.049914,0.000000,0.149482,0.052052,0.001097,0.152396,0.015516,0.109097,-0.112136
2.887717,3,0.049914,0.000000,0.149482,0.050864,-0.001533,0.152160,0.013222,-0.109533,-0.111145
2.890696,0,0.049918,0.000000,0.149509,0.050609,0.001093,0.151306,0.009532,0.109093,-0.112409
2.890696,1,0.049918,0.000000,0.149509,0.051535,-0.000742,0.151260,0.014210,-0.108742,-0.111826
2.890696,2,0.049918,0.000000,0.149509,0.052061,0.001093,0.152435,0.015526,0.109093,-0.112096
2.890696,3,0.049918,0.000000,0.149509,0.050869,-0.001540,0.152194,0.013227,-0.109540,-0.111111
2.893587,0,0.049922,0.000000,0.149535,0.050610,0.001096,0.151344,0.009533,0.109096,-0.112372
2.893587,1,0.049922,0.000000,0.149535,0.051533,-0.000742,0.151287,0.014208,-0.108742,-0.111799
2.893587,2,0.049922,0.000000,0.149535,0.052072,0.001096,0.152485,0.015536,0.109096,-0.112047
2.893587,3,0.049922,0.000000,0.149535,0.050871,-0.001536,0.152222,0.013229,-0.109536,-0.111083
2.896548,0,0.049927,0.000000,0.149560,0.050619,0.001092,0.151376,0.009542,0.109092,-0.112340
2.896548,1,0.049927,0.000000,0.149560,0.051535,-0.000738,0.151315,0.014210,-0.108738,-0.111771
2.896548,2,0.049927,0.000000,0.149560,0.052077,0.001096,0.152516,0.015541,0.109096,-0.112015
2.896548,3,0.049927,0.000000,0.149560,0.050874,-0.001536,0.152247,0.013232,-0.109536,-0.111059
2.899721,0,0.049931,0.000000,0.149587,0.050629,0.001092,0.151414,0.009551,0.109092,-0.112302
2.899721,1,0.049931,0.000000,0.149587,0.051538,-0.000742,0.151353,0.014214,-0.108742,-0.111733
2.899721,2,0.049931,0.000000,0.149587,0.052088,0.001099,0.152559,0.015553,0.109099,-0.111972
2.899721,3,0.049931,0.000000,0.149587,0.050876,-0.001535,0.152274,0.013233,-0.109535,-0.111031
2.902738,0,0.049935,0.000000,0.149611,0.050630,0.001098,0.151455,0.009553,0.109098,-0.112261
2.902738,1,0.049935,0.000000,0.149611,0.051541,-0.000741,0.151384,0.014216,-0.108741,-0.111702
2.902738,2,0.049935,0.000000,0.149611,0.052096,0.001095,0.152595,0.015560,0.109095,-0.111937
2.902738,3,0.049935,0.000000,0.149611,0.050873,-0.001538,0.152305,0.013231,-0.109538,-0.111001
2.905936,0,0.049939,0.000000,0.149636,0.050636,0.001094,0.151479,0.009558,0.109094,-0.112236
2.905936,1,0.049939,0.000000,0.149636,0.051537,-0.000738,0.151405,0.014212,-0.108738,-0.111682
2.905936,2,0.049939,0.000000,0.149636,0.052103,0.001095,0.152630,0.015567,0.109095,-0.111902
2.905936,3,0.049939,0.000000,0.149636,0.050874,-0.001538,0.152332,0.013232,-0.109538,-0.110973
2.909077,0,0.049943,0.000000,0.149660,0.050636,0.001097,0.151514,0.009558,0.109097,-0.112202
2.909077,1,0.049943,0.000000,0.149660,0.051541,-0.000738,0.151432,0.014216,-0.108738,-0.111654
2.909077,2,0.049943,0.000000,0.149660,0.052107,0.001094,0.152658,0.015571,0.109094,-0.111874
2.909077,3,0.049943,0.000000,0.149660,0.050874,-0.001534,0.152353,0.013232,-0.109534,-0.110952
2.911872,0,0.049947,0.000000,0.149681,0.050644,0.001101,0.151545,0.009567,0.109101,-0.112171
2.911872,1,0.049947,0.000000,0.149681,0.051547,-0.000734,0.151454,0.014222,-0.108734,-0.111632
2.911872,2,0.049947,0.000000,0.149681,0.052107,0.001091,0.152682,0.015571,0.109091,-0.111849
2.911872,3,0.049947,0.000000,0.149681,0.050873,-0.001537,0.152370,0.013230,-0.109537,-0.110936
2.914704,0,0.049950,0.000000,0.149701,0.050653,0.001097,0.151570,0.009576,0.109097,-0.112146
2.914704,1,0.049950,0.000000,0.149701,0.051545,-0.000734,0.151474,0.014220,-0.108734,-0.111612
2.914704,2,0.049950,0.000000,0.149701,0.052112,0.001090,0.152704,0.015576,0.109090,-0.111828
2.914704,3,0.049950,0.000000,0.149701,0.050874,-0.001537,0.152397,0.013232,-0.109537,-0.110908
2.917660,0,0.049954,0.000000,0.149721,0.050655,0.001103,0.151604,0.009578,0.109103,-0.112112
2.917660,1,0.049954,0.000000,0.149721,0.051545,-0.000737,0.151502,0.014220,-0.108737,-0.111584
2.917660,2,0.049954,0.000000,0.149721,0.052120,0.001094,0.152739,0.015585,0.109094,-0.111793
2.917660,3,0.049954,0.000000,0.149721,0.050874,-0.001537,0.152414,0.013232,-0.109537,-0.110891
2.920463,0,0.049957,0.000000,0.149740,0.050661,0.001100,0.151622,0.009584,0.109100,-0.112094
2.920463,1,0.049957,0.000000,0.149740,0.051553,-0.000734,0.151520,0.014228,-0.108734,-0.111566
2.920463,2,0.049957,0.000000,0.149740,0.052126,0.001090,0.152761,0.015590,0.109090,-0.111771
2.920463,3,0.049957,0.000000,0.149740,0.050867,-0.001540,0.152434,0.013225,-0.109540,-0.110871
2.923319,0,0.049960,0.000000,0.149758,0.050661,0.001100,0.151645,0.009584,0.109100,-0.112070
2.923319,1,0.049960,0.000000,0.149758,0.051546,-0.000737,0.151540,0.014221,-0.108737,-0.111547
2.923319,2,0.049960,0.000000,0.149758,0.052131,0.001093,0.152785,0.015595,0.109093,-0.111746
2.923319,3,0.049960,0.000000,0.149758,0.050868,-0.001536,0.152448,0.013225,-0.109536,-0.110857
2.927069,0,0.049964,0.000000,0.149781,0.050672,0.001106,0.151677,0.009595,0.109106,-0.112039
2.927069,1,0.049964,0.000000,0.149781,0.051546,-0.000733,0.151553,0.014221,-0.108733,-0.111533
2.927069,2,0.049964,0.000000,0.149781,0.052134,0.001096,0.152806,0.015598,0.109096,-0.111725
2.927069,3,0.049964,0.000000,0.149781,0.050871,-0.001539,0.152476,0.013229,-0.109539,-0.110830
2.930144,0,0.049967,0.000000,0.149799,0.050674,0.001106,0.151704,0.009597,0.109106,-0.112011
2.930144,1,0.049967,0.000000,0.149799,0.051555,-0.000733,0.151586,0.014230,-0.108733,-0.111501
2.930144,2,0.049967,0.000000,0.149799,0.052141,0.001093,0.152838,0.015605,0.109093,-0.111693
2.930144,3,0.049967,0.000000,0.149799,0.050871,-0.001539,0.152493,0.013229,-0.109539,-0.110812
2.933077,0,0.049969,0.000000,0.149816,0.050678,0.001106,0.151729,0.009600,0.109106,-0.111987
2.933077,1,0.049969,0.000000,0.149816,0.051544,-0.000733,0.151598,0.014219,-0.108733,-0.111488
2.933077,2,0.049969,0.000000,0.149816,0.052145,0.001092,0.152859,0.015609,0.109092,-0.111672
2.933077,3,0.049969,0.000000,0.149816,0.050862,-0.001539,0.152502,0.013219,-0.109539,-0.110803
2.935888,0,0.049972,0.000000,0.149831,0.050681,0.001105,0.151753,0.009604,0.109105,-0.111963
2.935888,1,0.049972,0.000000,0.149831,0.051557,-0.000740,0.151630,0.014232,-0.108740,-0.111456
2.935888,2,0.049972,0.000000,0.149831,0.052145,0.001089,0.152873,0.015609,0.109089,-0.111658
2.935888,3,0.049972,0.000000,0.149831,0.050863,-0.001535,0.152519,0.013221,-0.109535,-0.110786
2.938643,0,0.049974,0.000000,0.149845,0.050689,0.001102,0.151767,0.009612,0.109102,-0.111948
2.938643,1,0.049974,0.000000,0.149845,0.051555,-0.000733,0.151637,0.014231,-0.108733,-0.111449
2.938643,2,0.049974,0.000000,0.149845,0.052154,0.001092,0.152902,0.015619,0.109092,-0.111630
2.938643,3,0.049974,0.000000,0.149845,0.050862,-0.001538,0.152536,0.013220,-0.109538,-0.110769
2.941441,0,0.049976,0.000000,0.149859,0.050690,0.001105,0.151788,0.009613,0.109105,-0.111928
2.941441,1,0.049976,0.000000,0.149859,0.051549,-0.000733,0.151647,0.014225,-0.108733,-0.111440
2.941441,2,0.049976,0.000000,0.149859,0.052153,0.001092,0.152915,0.015617,0.109092,-0.111616
2.941441,3,0.049976,0.000000,0.149859,0.050861,-0.001538,0.152550,0.013219,-0.109538,-0.110755
2.944917,0,0.049979,0.000000,0.149875,0.050697,0.001105,0.151806,0.009620,0.109105,-0.111910
2.944917,1,0.049979,0.000000,0.149875,0.051556,-0.000733,0.151671,0.014231,-0.108733,-0.111415
2.944917,2,0.049979,0.000000,0.149875,0.052157,0.001088,0.152933,0.015622,0.109088,-0.111598
2.944917,3,0.049979,0.000000,0.149875,0.050858,-0.001538,0.152567,0.013216,-0.109538,-0.110738
2.948280,0,0.049982,0.000000,0.149890,0.050696,0.001105,0.151826,0.009619,0.109105,-0.111890
2.948280,1,0.049982,0.000000,0.149890,0.051561,-0.000732,0.151693,0.014236,-0.108732,-0.111393
2.948280,2,0.049982,0.000000,0.149890,0.052159,0.001088,0.152954,0.015623,0.109088,-0.111577
2.948280,3,0.049982,0.000000,0.149890,0.050858,-0.001538,0.152584,0.013216,-0.109538,-0.110721
2.951087,0,0.049984,0.000000,0.149902,0.050699,0.001105,0.151847,0.009622,0.109105,-0.111869
2.951087,1,0.049984,0.000000,0.149902,0.051561,-0.000732,0.151710,0.014236,-0.108732,-0.111376
2.951087,2,0.049984,0.000000,0.149902,0.052165,0.001088,0.152972,0.015630,0.109088,-0.111559
2.951087,3,0.049984,0.000000,0.149902,0.050857,-0.001538,0.152591,0.013215,-0.109538,-0.110714
2.953885,0,0.049985,0.000000,0.149913,0.050705,0.001111,0.151868,0.009628,0.109111,-0.111848
2.953885,1,0.049985,0.000000,0.149913,0.051561,-0.000732,0.151727,0.014236,-0.108732,-0.111359
2.953885,2,0.049985,0.000000,0.149913,0.052167,0.001091,0.152990,0.015632,0.109091,-0.111542
2.953885,3,0.049985,0.000000,0.149913,0.050856,-0.001534,0.152601,0.013214,-0.109534,-0.110704
2.956676,0,0.049987,0.000000,0.149923,0.050701,0.001104,0.151874,0.009623,0.109104,-0.111841
2.956676,1,0.049987,0.000000,0.149923,0.051563,-0.000729,0.151738,0.014238,-0.108729,-0.111348
2.956676,2,0.049987,0.000000,0.149923,0.052164,0.001091,0.153000,0.015629,0.109091,-0.111532
2.956676,3,0.049987,0.000000,0.149923,0.050858,-0.001537,0.152625,0.013216,-0.109537,-0.110680
2.959466,0,0.049989,0.000000,0.149932,0.050703,0.001111,0.151895,0.009626,0.109111,-0.111821
2.959466,1,0.049989,0.000000,0.149932,0.051566,-0.000729,0.151755,0.014242,-0.108729,-0.111331
2.959466,2,0.049989,0.000000,0.149932,0.052171,0.001087,0.153014,0.015635,0.109087,-0.111517
2.959466,3,0.049989,0.000000,0.149932,0.050857,-0.001534,0.152628,0.013215,-0.109534,-0.110677
2.962313,0,0.049990,0.000000,0.149942,0.050713,0.001111,0.151909,0.009636,0.109111,-0.111806
2.962313,1,0.049990,0.000000,0.149942,0.051566,-0.000729,0.151762,0.014241,-0.108729,-0.111324
2.962313,2,0.049990,0.000000,0.149942,0.052168,0.001087,0.153024,0.015633,0.109087,-0.111507
2.962313,3,0.049990,0.000000,0.149942,0.050860,-0.001537,0.152646,0.013217,-0.109537,-0.110659
2.965091,0,0.049992,0.000000,0.149950,0.050719,0.001114,0.151927,0.009642,0.109114,-0.111789
2.965091,1,0.049992,0.000000,0.149950,0.051566,-0.000725,0.151776,0.014241,-0.108725,-0.111310
2.965091,2,0.049992,0.000000,0.149950,0.052170,0.001091,0.153042,0.015635,0.109091,-0.111490
2.965091,3,0.049992,0.000000,0.149950,0.050862,-0.001540,0.152663,0.013220,-0.109540,-0.110642
2.968164,0,0.049993,0.000000,0.149958,0.050717,0.001110,0.151933,0.009639,0.109110,-0.111782
2.968164,1,0.049993,0.000000,0.149958,0.051568,-0.000725,0.151790,0.014243,-0.108725,-0.111296
2.968164,2,0.049993,0.000000,0.149958,0.052176,0.001087,0.153053,0.015640,0.109087,-0.111479
2.968164,3,0.049993,0.000000,0.149958,0.050856,-0.001533,0.152666,0.013214,-0.109533,-0.110639
2.971321,0,0.049994,0.000000,0.149966,0.050721,0.001110,0.151944,0.009644,0.109110,-0.111771
2.971321,1,0.049994,0.000000,0.149966,0.051570,-0.000725,0.151804,0.014245,-0.108725,-0.111282
2.971321,2,0.049994,0.000000,0.149966,0.052176,0.001087,0.153063,0.015640,0.109087,-0.111468
2.971321,3,0.049994,0.000000,0.149966,0.050859,-0.001533,0.152673,0.013217,-0.109533,-0.110632
2.974508,0,0.049996,0.000000,0.149973,0.050720,0.001110,0.151958,0.009643,0.109110,-0.111758
2.974508,1,0.049996,0.000000,0.149973,0.051572,-0.000725,0.151818,0.014247,-0.108725,-0.111268
2.974508,2,0.049996,0.000000,0.149973,0.052173,0.001090,0.153076,0.015638,0.109090,-0.111455
2.974508,3,0.049996,0.000000,0.149973,0.050854,-0.001536,0.152690,0.013212,-0.109536,-0.110615
2.977366,0,0.049996,0.000000,0.149979,0.050722,0.001114,0.151971,0.009644,0.109114,-0.111744
2.977366,1,0.049996,0.000000,0.149979,0.051571,-0.000725,0.151825,0.014247,-0.108725,-0.111261
2.977366,2,0.049996,0.000000,0.149979,0.052177,0.001087,0.153084,0.015642,0.109087,-0.111448
2.977366,3,0.049996,0.000000,0.149979,0.050854,-0.001536,0.152697,0.013211,-0.109536,-0.110609
2.980585,0,0.049997,0.000000,0.149984,0.050726,0.001113,0.151982,0.009649,0.109113,-0.111734
2.980585,1,0.049997,0.000000,0.149984,0.051575,-0.000721,0.151839,0.014250,-0.108721,-0.111247
2.980585,2,0.049997,0.000000,0.149984,0.052175,0.001083,0.153091,0.015639,0.109083,-0.111441
2.980585,3,0.049997,0.000000,0.149984,0.050858,-0.001536,0.152707,0.013216,-0.109536,-0.110598
2.983699,0,0.049998,0.000000,0.149989,0.050724,0.001110,0.151989,0.009647,0.109110,-0.111727
2.983699,1,0.049998,0.000000,0.149989,0.051576,-0.000725,0.151853,0.014251,-0.108725,-0.111233
2.983699,2,0.049998,0.000000,0.149989,0.052172,0.001087,0.153097,0.015637,0.109087,-0.111434
2.983699,3,0.049998,0.000000,0.149989,0.050859,-0.001536,0.152718,0.013216,-0.109536,-0.110587
2.986914,0,0.049999,0.000000,0.149993,0.050722,0.001110,0.151992,0.009645,0.109110,-0.111724
2.986914,1,0.049999,0.000000,0.149993,0.051574,-0.000718,0.151849,0.014249,-0.108718,-0.111237
2.986914,2,0.049999,0.000000,0.149993,0.052183,0.001090,0.153119,0.015647,0.109090,-0.111413
2.986914,3,0.049999,0.000000,0.149993,0.050858,-0.001539,0.152728,0.013216,-0.109539,-0.110577
2.989771,0,0.049999,0.000000,0.149996,0.050732,0.001113,0.152010,0.009654,0.109113,-0.111706
2.989771,1,0.049999,0.000000,0.149996,0.051573,-0.000718,0.151856,0.014248,-0.108718,-0.111230
2.989771,2,0.049999,0.000000,0.149996,0.052175,0.001086,0.153121,0.015639,0.109086,-0.111410
2.989771,3,0.049999,0.000000,0.149996,0.050859,-0.001536,0.152735,0.013217,-0.109536,-0.110570
2.992570,0,0.050000,0.000000,0.149998,0.050728,0.001117,0.152013,0.009651,0.109117,-0.111703
2.992570,1,0.050000,0.000000,0.149998,0.051577,-0.000718,0.151867,0.014252,-0.108718,-0.111219
2.992570,2,0.050000,0.000000,0.149998,0.052173,0.001086,0.153125,0.015637,0.109086,-0.111407
2.992570,3,0.050000,0.000000,0.149998,0.050858,-0.001536,0.152742,0.013216,-0.109536,-0.110564
2.995368,0,0.050000,0.000000,0.149999,0.050724,0.001120,0.152023,0.009647,0.109120,-0.111693
2.995368,1,0.050000,0.000000,0.149999,0.051577,-0.000718,0.151874,0.014252,-0.108718,-0.111212
2.995368,2,0.050000,0.000000,0.149999,0.052176,0.001086,0.153132,0.015640,0.109086,-0.111400
2.995368,3,0.050000,0.000000,0.149999,0.050861,-0.001535,0.152749,0.013219,-0.109535,-0.110556
2.998221,0,0.050000,0.000000,0.150000,0.050727,0.001113,0.152023,0.009650,0.109113,-0.111692
2.998221,1,0.050000,0.000000,0.150000,0.051579,-0.000718,0.151881,0.014255,-0.108718,-0.111205
2.998221,2,0.050000,0.000000,0.150000,0.052173,0.001083,0.153132,0.015638,0.109083,-0.111400
2.998221,3,0.050000,0.000000,0.150000,0.050859,-0.001535,0.152752,0.013217,-0.109535,-0.110553
3.001367,0,-0.000459,0.000000,0.149269,0.050725,0.001116,0.152037,0.009648,0.109116,-0.111679
3.001367,1,-0.000459,0.000000,0.149269,0.051577,-0.000718,0.151884,0.014252,-0.108718,-0.111202
3.001367,2,-0.000459,0.000000,0.149269,0.052171,0.001086,0.153138,0.015636,0.109086,-0.111393
3.001367,3,-0.000459,0.000000,0.149269,0.050862,-0.001535,0.152759,0.013220,-0.109535,-0.110546
3.004203,0,-0.001979,0.000000,0.147185,0.050725,0.001120,0.152047,0.009648,0.109120,-0.111669
3.004203,1,-0.001979,0.000000,0.147185,0.051578,-0.000718,0.151895,0.014253,-0.108718,-0.111192
3.004203,2,-0.001979,0.000000,0.147185,0.052171,0.001090,0.153148,0.015635,0.109090,-0.111383
3.004203,3,-0.001979,0.000000,0.147185,0.050860,-0.001535,0.152762,0.013218,-0.109535,-0.110543
3.007012,0,-0.003849,0.000000,0.144798,0.050264,0.001111,0.151930,0.009186,0.109111,-0.111786
3.007012,1,-0.003849,0.000000,0.144798,0.051143,-0.000729,0.151781,0.013819,-0.108729,-0.111305
3.007012,2,-0.003849,0.000000,0.144798,0.051748,0.001108,0.153045,0.015212,0.109108,-0.111487
3.007012,3,-0.003849,0.000000,0.144798,0.050425,-0.001517,0.152634,0.012783,-0.109517,-0.110671
3.009776,0,-0.005929,0.000000,0.142249,0.049725,0.001055,0.151708,0.008648,0.109055,-0.112007
3.009776,1,-0.005929,0.000000,0.142249,0.050477,-0.000689,0.151576,0.013152,-0.108689,-0.111510
3.009776,2,-0.005929,0.000000,0.142249,0.051143,0.001123,0.152872,0.014607,0.109123,-0.111660
3.009776,3,-0.005929,0.000000,0.142249,0.049772,-0.001512,0.152466,0.012130,-0.109512,-0.110840
3.012641,0,-0.008282,0.000000,0.139449,0.048821,0.000935,0.151278,0.007743,0.108935,-0.112438
3.012641,1,-0.008282,0.000000,0.139449,0.049489,-0.000640,0.151216,0.012164,-0.108640,-0.111870
3.012641,2,-0.008282,0.000000,0.139449,0.050151,0.001085,0.152505,0.013616,0.109085,-0.112026
3.012641,3,-0.008282,0.000000,0.139449,0.048647,-0.001496,0.152152,0.011005,-0.109496,-0.111153
3.015722,0,-0.010996,0.000000,0.136293,0.047224,0.000959,0.150828,0.006147,0.108959,-0.112887
3.015722,1,-0.010996,0.000000,0.136293,0.048013,-0.000660,0.150717,0.010689,-0.108660,-0.112369
3.015722,2,-0.010996,0.000000,0.136293,0.048674,0.001104,0.152001,0.012138,0.109104,-0.112530
3.015722,3,-0.010996,0.000000,0.136293,0.047139,-0.001475,0.151684,0.009497,-0.109475,-0.111621
3.018484,0,-0.013571,0.000000,0.133354,0.045414,0.000982,0.150154,0.004337,0.108982,-0.113561
3.018484,1,-0.013571,0.000000,0.133354,0.046427,-0.000605,0.150095,0.009102,-0.108605,-0.112991
3.018484,2,-0.013571,0.000000,0.133354,0.047064,0.001096,0.151383,0.010529,0.109096,-0.113149
3.018484,3,-0.013571,0.000000,0.133354,0.045554,-0.001478,0.151183,0.007912,-0.109478,-0.112122
3.021246,0,-0.016265,0.000000,0.130326,0.043826,0.000652,0.149077,0.002749,0.108652,-0.114639
3.021246,1,-0.016265,0.000000,0.130326,0.044507,-0.000503,0.149210,0.007183,-0.108503,-0.113876
3.021246,2,-0.016265,0.000000,0.130326,0.045151,0.001038,0.150514,0.008615,0.109038,-0.114018
3.021246,3,-0.016265,0.000000,0.130326,0.043654,-0.001498,0.150449,0.006011,-0.109498,-0.112856
3.024138,0,-0.019200,0.000000,0.127070,0.041223,0.000739,0.148050,0.000146,0.108739,-0.115666
3.024138,1,-0.019200,0.000000,0.127070,0.042153,-0.000434,0.148029,0.004828,-0.108434,-0.115057
3.024138,2,-0.019200,0.000000,0.127070,0.042751,0.001112,0.149412,0.006215,0.109112,-0.115119
3.024138,3,-0.019200,0.000000,0.127070,0.041226,-0.001491,0.149393,0.003584,-0.109491,-0.113912
3.027089,0,-0.022306,0.000000,0.123666,0.038500,0.000883,0.146738,-0.002577,0.108883,-0.116977
3.027089,1,-0.022306,0.000000,0.123666,0.039554,-0.000319,0.146553,0.002229,-0.108319,-0.116533
3.027089,2,-0.022306,0.000000,0.123666,0.040184,0.001089,0.148063,0.003648,0.109089,-0.116468
3.027089,3,-0.022306,0.000000,0.123666,0.038784,-0.001545,0.148181,0.001142,-0.109545,-0.115125
3.030153,0,-0.025640,0.000000,0.120053,0.035596,0.000392,0.144354,-0.005481,0.108392,-0.119362
3.030153,1,-0.025640,0.000000,0.120053,0.036280,-0.000285,0.144640,-0.001044,-0.108285,-0.118446
3.030153,2,-0.025640,0.000000,0.120053,0.036985,0.001156,0.146316,0.000449,0.109156,-0.118215
3.030153,3,-0.025640,0.000000,0.120053,0.035540,-0.001615,0.146445,-0.002102,-0.109615,-0.116861
3.033136,0,-0.028985,0.000000,0.116463,0.031981,0.000547,0.142170,-0.009096,0.108547,-0.121546
3.033136,1,-0.028985,0.000000,0.116463,0.032652,-0.000210,0.142292,-0.004672,-0.108210,-0.120795
3.033136,2,-0.028985,0.000000,0.116463,0.033433,0.001215,0.144091,-0.003102,0.109215,-0.120440
3.033136,3,-0.028985,0.000000,0.116463,0.032068,-0.001612,0.144300,-0.005574,-0.109612,-0.119005
3.035985,0,-0.032265,0.000000,0.112974,0.028500,0.000840,0.140490,-0.012577,0.108840,-0.123226
3.035985,1,-0.032265,0.000000,0.112974,0.029311,-0.000210,0.140158,-0.008013,-0.108210,-0.122928
3.035985,2,-0.032265,0.000000,0.112974,0.030252,0.001365,0.142157,-0.006284,0.109365,-0.122375
3.035985,3,-0.032265,0.000000,0.112974,0.029106,-0.001667,0.142655,-0.008536,-0.109667,-0.120650
3.038826,0,-0.035615,0.000000,0.109439,0.025423,0.000664,0.138245,-0.015654,0.108664,-0.125471
3.038826,1,-0.035615,0.000000,0.109439,0.025841,-0.000509,0.138236,-0.011483,-0.108509,-0.124850
3.038826,2,-0.035615,0.000000,0.109439,0.027262,0.001632,0.140613,-0.009274,0.109632,-0.123918
3.038826,3,-0.035615,0.000000,0.109439,0.026546,-0.001851,0.141550,-0.011096,-0.109851,-0.121755
3.041596,0,-0.038954,0.000000,0.105942,0.022401,0.000857,0.136309,-0.018676,0.108857,-0.127406
3.041596,1,-0.038954,0.000000,0.105942,0.022635,-0.000522,0.136106,-0.014689,-0.108522,-0.126980
3.041596,2,-0.038954,0.000000,0.105942,0.024594,0.001788,0.139306,-0.011941,0.109788,-0.125225
3.041596,3,-0.038954,0.000000,0.105942,0.024342,-0.002071,0.140879,-0.013300,-0.110071,-0.122427
3.044524,0,-0.042556,0.000000,0.102194,0.019173,0.001212,0.134888,-0.021904,0.109212,-0.128827
3.044524,1,-0.042556,0.000000,0.102194,0.019141,-0.000945,0.134190,-0.018184,-0.108945,-0.128896
3.044524,2,-0.042556,0.000000,0.102194,0.022164,0.002118,0.138382,-0.014372,0.110118,-0.126149
3.044524,3,-0.042556,0.000000,0.102194,0.023135,-0.002265,0.141612,-0.014507,-0.110265,-0.121693
3.047612,0,-0.046432,0.000000,0.098189,0.016295,0.001372,0.133129,-0.024782,0.109372,-0.130586
3.047612,1,-0.046432,0.000000,0.098189,0.015968,-0.001124,0.132113,-0.021357,-0.109124,-0.130973
3.047612,2,-0.046432,0.000000,0.098189,0.019928,0.002344,0.137488,-0.016608,0.110344,-0.127044
3.047612,3,-0.046432,0.000000,0.098189,0.023849,-0.002398,0.144735,-0.013794,-0.110398,-0.118570
3.050764,0,-0.050467,0.000000,0.094046,0.013776,0.001580,0.131451,-0.027301,0.109580,-0.132265
3.050764,1,-0.050467,0.000000,0.094046,0.012640,-0.001409,0.130170,-0.024684,-0.109409,-0.132916
3.050764,2,-0.050467,0.000000,0.094046,0.017919,0.002612,0.137034,-0.018617,0.110612,-0.127498
3.050764,3,-0.050467,0.000000,0.094046,0.025401,-0.002391,0.148954,-0.012241,-0.110391,-0.114351
3.053896,0,-0.054552,0.000000,0.089878,0.011047,0.001900,0.130027,-0.030031,0.109900,-0.133689
3.053896,1,-0.054552,0.000000,0.089878,0.009336,-0.001787,0.128309,-0.027989,-0.109787,-0.134777
3.053896,2,-0.054552,0.000000,0.089878,0.016501,0.002691,0.136813,-0.020034,0.110691,-0.127719
3.053896,3,-0.054552,0.000000,0.089878,0.027063,-0.002255,0.153041,-0.010579,-0.110255,-0.110264
3.057101,0,-0.058806,0.000000,0.085563,0.008380,0.001953,0.128326,-0.032697,0.109953,-0.135390
3.057101,1,-0.058806,0.000000,0.085563,0.006428,-0.001864,0.126267,-0.030897,-0.109864,-0.136819
3.057101,2,-0.058806,0.000000,0.085563,0.015361,0.002842,0.136935,-0.021175,0.110842,-0.127597
3.057101,3,-0.058806,0.000000,0.085563,0.028196,-0.002122,0.156150,-0.009446,-0.110122,-0.107155
3.060100,0,-0.062852,0.000000,0.081481,0.006070,0.002000,0.126750,-0.035007,0.110000,-0.136965
3.060100,1,-0.062852,0.000000,0.081481,0.003497,-0.002116,0.124286,-0.033827,-0.110116,-0.138800
3.060100,2,-0.062852,0.000000,0.081481,0.014641,0.002991,0.137316,-0.021894,0.110991,-0.127215
3.060100,3,-0.062852,0.000000,0.081481,0.028769,-0.002013,0.158084,-0.008873,-0.110013,-0.105221
3.063071,0,-0.066920,0.000000,0.077397,0.004182,0.001725,0.124567,-0.036895,0.109725,-0.139149
3.063071,1,-0.066920,0.000000,0.077397,0.000908,-0.002275,0.122337,-0.036417,-0.110275,-0.140749
3.063071,2,-0.066920,0.000000,0.077397,0.014155,0.003010,0.137495,-0.022380,0.111010,-0.127036
3.063071,3,-0.066920,0.000000,0.077397,0.028942,-0.001916,0.159147,-0.008700,-0.109916,-0.104158
3.065916,0,-0.070871,0.000000,0.073449,0.002450,0.001801,0.122660,-0.038627,0.109801,-0.141056
3.065916,1,-0.070871,0.000000,0.073449,-0.001223,-0.002532,0.120765,-0.038548,-0.110532,-0.142321
3.065916,2,-0.070871,0.000000,0.073449,0.013599,0.003025,0.137533,-0.022937,0.111025,-0.126998
3.065916,3,-0.070871,0.000000,0.073449,0.028958,-0.001847,0.159761,-0.008684,-0.109847,-0.103544
3.068682,0,-0.074762,0.000000,0.069578,0.000095,0.001857,0.120987,-0.040982,0.109857,-0.142729
3.068682,1,-0.074762,0.000000,0.069578,-0.002903,-0.002498,0.119229,-0.040227,-0.110498,-0.143857
3.068682,2,-0.074762,0.000000,0.069578,0.013117,0.003080,0.137521,-0.023418,0.111080,-0.127010
3.068682,3,-0.074762,0.000000,0.069578,0.028992,-0.001788,0.160189,-0.008650,-0.109788,-0.103116
3.071441,0,-0.078689,0.000000,0.065686,-0.001895,0.001875,0.118877,-0.042973,0.109875,-0.144838
3.071441,1,-0.078689,0.000000,0.065686,-0.004651,-0.002746,0.117739,-0.041976,-0.110746,-0.145347
3.071441,2,-0.078689,0.000000,0.065686,0.012710,0.003072,0.137378,-0.023826,0.111072,-0.127153
3.071441,3,-0.078689,0.000000,0.065686,0.029084,-0.001760,0.160574,-0.008558,-0.109760,-0.102731
3.074207,0,-0.082673,0.000000,0.061753,-0.003466,0.001718,0.116392,-0.044543,0.109718,-0.147323
3.074207,1,-0.082673,0.000000,0.061753,-0.006422,-0.002823,0.116053,-0.043747,-0.110823,-0.147033
3.074207,2,-0.082673,0.000000,0.061753,0.012264,0.003106,0.137128,-0.024271,0.111106,-0.127404
3.074207,3,-0.082673,0.000000,0.061753,0.029233,-0.001732,0.160924,-0.008409,-0.109732,-0.102381
3.077065,0,-0.086835,0.000000,0.057660,-0.006258,0.001955,0.114128,-0.047335,0.109955,-0.149587
3.077065,1,-0.086835,0.000000,0.057660,-0.008195,-0.002930,0.114298,-0.045520,-0.110930,-0.148788
3.077065,2,-0.086835,0.000000,0.057660,0.011726,0.003157,0.136646,-0.024810,0.111157,-0.127885
3.077065,3,-0.086835,0.000000,0.057660,0.029432,-0.001744,0.161297,-0.008210,-0.109744,-0.102009
3.079866,0,-0.090961,0.000000,0.053617,-0.008836,0.001951,0.111564,-0.049913,0.109951,-0.152151
3.079866,1,-0.090961,0.000000,0.053617,-0.010048,-0.003047,0.112323,-0.047373,-0.111047,-0.150764
3.079866,2,-0.090961,0.000000,0.053617,0.011077,0.003175,0.135898,-0.025459,0.111175,-0.128633
3.079866,3,-0.090961,0.000000,0.053617,0.029659,-0.001745,0.161630,-0.007983,-0.109745,-0.101676
3.082656,0,-0.095113,0.000000,0.049563,-0.010932,0.001887,0.108435,-0.052009,0.109887,-0.155281
3.082656,1,-0.095113,0.000000,0.049563,-0.012021,-0.003166,0.110172,-0.049346,-0.111166,-0.152914
3.082656,2,-0.095113,0.000000,0.049563,0.010273,0.003244,0.134894,-0.026263,0.111244,-0.129638
3.082656,3,-0.095113,0.000000,0.049563,0.029937,-0.001752,0.161942,-0.007705,-0.109752,-0.101363
3.085397,0,-0.099233,0.000000,0.045554,-0.013850,0.002049,0.105746,-0.054927,0.110049,-0.157970
3.085397,1,-0.099233,0.000000,0.045554,-0.014093,-0.003410,0.108008,-0.051418,-0.111410,-0.155078
3.085397,2,-0.099233,0.000000,0.045554,0.009379,0.003232,0.133580,-0.027157,0.111232,-0.130951
3.085397,3,-0.099233,0.000000,0.045554,0.030218,-0.001735,0.162194,-0.007424,-0.109735,-0.101111
3.088281,0,-0.103613,0.000000,0.041306,-0.016785,0.002107,0.102847,-0.057862,0.110107,-0.160869
3.088281,1,-0.103613,0.000000,0.041306,-0.016035,-0.003416,0.105544,-0.053359,-0.111416,-0.157542
3.088281,2,-0.103613,0.000000,0.041306,0.008480,0.003279,0.132294,-0.028056,0.111279,-0.132238
3.088281,3,-0.103613,0.000000,0.041306,0.030575,-0.001697,0.162422,-0.007067,-0.109697,-0.100883
3.091122,0,-0.107967,0.000000,0.037096,-0.019222,0.002080,0.099469,-0.060299,0.110080,-0.164247
3.091122,1,-0.107967,0.000000,0.037096,-0.018439,-0.003730,0.103045,-0.055764,-0.111730,-0.160041
3.091122,2,-0.107967,0.000000,0.037096,0.007573,0.003307,0.130822,-0.028963,0.111307,-0.133710
3.091122,3,-0.107967,0.000000,0.037096,0.030956,-0.001671,0.162669,-0.006686,-0.109671,-0.100636
3.094369,0,-0.112995,0.000000,0.032251,-0.022023,0.002053,0.096395,-0.063101,0.110053,-0.167320
3.094369,1,-0.112995,0.000000,0.032251,-0.020523,-0.003794,0.100288,-0.057848,-0.111794,-0.162798
3.094369,2,-0.112995,0.000000,0.032251,0.006651,0.003353,0.129127,-0.029885,0.111353,-0.135404
3.094369,3,-0.112995,0.000000,0.032251,0.031472,-0.001670,0.162926,-0.006170,-0.109670,-0.100379
3.097249,0,-0.117499,0.000000,0.027925,-0.025322,0.002200,0.092894,-0.066399,0.110200,-0.170822
3.097249,1,-0.117499,0.000000,0.027925,-0.022844,-0.004039,0.097403,-0.060169,-0.112039,-0.165683
3.097249,2,-0.117499,0.000000,0.027925,0.005893,0.003482,0.127641,-0.030643,0.111482,-0.136891
3.097249,3,-0.117499,0.000000,0.027925,0.032079,-0.001652,0.163092,-0.005564,-0.109652,-0.100213
3.100043,0,-0.121906,0.000000,0.023705,-0.027905,0.002242,0.089643,-0.068982,0.110242,-0.174073
3.100043,1,-0.121906,0.000000,0.023705,-0.025006,-0.004344,0.094894,-0.062331,-0.112344,-0.168193
3.100043,2,-0.121906,0.000000,0.023705,0.005196,0.003493,0.126024,-0.031339,0.111493,-0.138507
3.100043,3,-0.121906,0.000000,0.023705,0.032705,-0.001610,0.163183,-0.004937,-0.109610,-0.100122
3.102882,0,-0.126422,0.000000,0.019392,-0.030600,0.002070,0.086138,-0.071677,0.110070,-0.177577
3.102882,1,-0.126422,0.000000,0.019392,-0.026646,-0.004370,0.092204,-0.063971,-0.112370,-0.170882
3.102882,2,-0.126422,0.000000,0.019392,0.004323,0.003553,0.124320,-0.032213,0.111553,-0.140212
3.102882,3,-0.126422,0.000000,0.019392,0.033383,-0.001539,0.163212,-0.004259,-0.109539,-0.100093
3.105761,0,-0.131040,0.000000,0.014994,-0.033936,0.002145,0.082515,-0.075013,0.110145,-0.181201
3.105761,1,-0.131040,0.000000,0.014994,-0.028810,-0.004580,0.089430,-0.066135,-0.112580,-0.173656
3.105761,2,-0.131040,0.000000,0.014994,0.003650,0.003630,0.122652,-0.032886,0.111630,-0.141879
3.105761,3,-0.131040,0.000000,0.014994,0.034180,-0.001453,0.163204,-0.003462,-0.109453,-0.100101
3.108534,0,-0.135524,0.000000,0.010736,-0.036851,0.001953,0.078715,-0.077928,0.109953,-0.185000
3.108534,1,-0.135524,0.000000,0.010736,-0.030663,-0.004688,0.086537,-0.067988,-0.112688,-0.176549
3.108534,2,-0.135524,0.000000,0.010736,0.002979,0.003674,0.120921,-0.033557,0.111674,-0.143610
3.108534,3,-0.135524,0.000000,0.010736,0.034928,-0.001367,0.163174,-0.002714,-0.109367,-0.100131
3.111290,0,-0.140016,0.000000,0.006480,-0.039384,0.001873,0.074850,-0.080461,0.109873,-0.188866
3.111290,1,-0.140016,0.000000,0.006480,-0.032526,-0.004813,0.083677,-0.069851,-0.112813,-0.179409
3.111290,2,-0.140016,0.000000,0.006480,0.002223,0.003759,0.118975,-0.034313,0.111759,-0.145556
3.111290,3,-0.140016,0.000000,0.006480,0.035809,-0.001282,0.163123,-0.001834,-0.109282,-0.100183
3.114153,0,-0.144715,0.000000,0.002040,-0.042690,0.001971,0.071375,-0.083767,0.109971,-0.192340
3.114153,1,-0.144715,0.000000,0.002040,-0.034557,-0.005046,0.080628,-0.071881,-0.113046,-0.182458
3.114153,2,-0.144715,0.000000,0.002040,0.001668,0.003896,0.117029,-0.034868,0.111896,-0.147502
3.114153,3,-0.144715,0.000000,0.002040,0.036733,-0.001181,0.163048,-0.000909,-0.109181,-0.100257
3.117134,0,-0.149647,0.000000,-0.002609,-0.045754,0.001738,0.067321,-0.086831,0.109738,-0.196394
3.117134,1,-0.149647,0.000000,-0.002609,-0.036715,-0.005170,0.077354,-0.074039,-0.113170,-0.185733
3.117134,2,-0.149647,0.000000,-0.002609,0.000762,0.003946,0.114740,-0.035773,0.111946,-0.149792
3.117134,3,-0.149647,0.000000,-0.002609,0.037726,-0.001068,0.162966,0.000084,-0.109068,-0.100339
3.119988,0,-0.154406,0.000000,-0.007083,-0.048737,0.001741,0.062829,-0.089815,0.109741,-0.200887
3.119988,1,-0.154406,0.000000,-0.007083,-0.038712,-0.005297,0.073807,-0.076037,-0.113297,-0.189279
3.119988,2,-0.154406,0.000000,-0.007083,-0.000012,0.004057,0.112111,-0.036548,0.112057,-0.152420
3.119988,3,-0.154406,0.000000,-0.007083,0.038741,-0.000961,0.162887,0.001099,-0.108961,-0.100418
3.122887,0,-0.159272,0.000000,-0.011647,-0.052063,0.001612,0.059031,-0.093140,0.109612,-0.204684
3.122887,1,-0.159272,0.000000,-0.011647,-0.040866,-0.005549,0.070522,-0.078190,-0.113549,-0.192564
3.122887,2,-0.159272,0.000000,-0.011647,-0.001082,0.004189,0.109277,-0.037618,0.112189,-0.155254
3.122887,3,-0.159272,0.000000,-0.011647,0.039836,-0.000866,0.162833,0.002194,-0.108866,-0.100472
3.125767,0,-0.164141,0.000000,-0.016204,-0.055204,0.001590,0.054560,-0.096282,0.109590,-0.209155
3.125767,1,-0.164141,0.000000,-0.016204,-0.043224,-0.005793,0.066837,-0.080549,-0.113793,-0.196249
3.125767,2,-0.164141,0.000000,-0.016204,-0.002305,0.004291,0.106015,-0.038841,0.112291,-0.158517
3.125767,3,-0.164141,0.000000,-0.016204,0.040976,-0.000760,0.162769,0.003334,-0.108760,-0.100536
3.128646,0,-0.169043,0.000000,-0.020780,-0.057903,0.001397,0.049956,-0.098980,0.109397,-0.213760
3.128646,1,-0.169043,0.000000,-0.020780,-0.045404,-0.006017,0.063191,-0.082728,-0.114017,-0.199895
3.128646,2,-0.169043,0.000000,-0.020780,-0.003217,0.004440,0.102702,-0.039753,0.112440,-0.161829
3.128646,3,-0.169043,0.000000,-0.020780,0.042135,-0.000668,0.162742,0.004493,-0.108668,-0.100563
3.131521,0,-0.173971,0.000000,-0.025370,-0.061843,0.001286,0.045581,-0.102920,0.109286,-0.218135
3.131521,1,-0.173971,0.000000,-0.025370,-0.047525,-0.006296,0.059504,-0.084850,-0.114296,-0.203582
3.131521,2,-0.173971,0.000000,-0.025370,-0.004086,0.004519,0.099415,-0.040621,0.112519,-0.165116
3.131521,3,-0.173971,0.000000,-0.025370,0.043362,-0.000560,0.162709,0.005720,-0.108560,-0.100596
3.134711,0,-0.179475,0.000000,-0.030486,-0.065449,0.001124,0.041055,-0.106526,0.109124,-0.222661
3.134711,1,-0.179475,0.000000,-0.030486,-0.049611,-0.006599,0.055683,-0.086935,-0.114599,-0.207403
3.134711,2,-0.179475,0.000000,-0.030486,-0.005572,0.004738,0.095591,-0.042108,0.112738,-0.168940
3.134711,3,-0.179475,0.000000,-0.030486,0.044783,-0.000420,0.162672,0.007141,-0.108420,-0.100633
3.137628,0,-0.184545,0.000000,-0.035187,-0.068988,0.001041,0.035473,-0.110066,0.109041,-0.228243
3.137628,1,-0.184545,0.000000,-0.035187,-0.051519,-0.007012,0.051653,-0.088844,-0.115012,-0.211433
3.137628,2,-0.184545,0.000000,-0.035187,-0.006305,0.004817,0.091975,-0.042840,0.112817,-0.172556
3.137628,3,-0.184545,0.000000,-0.035187,0.046142,-0.000294,0.162670,0.008500,-0.108294,-0.100635
3.140870,0,-0.190216,0.000000,-0.040434,-0.072286,0.000815,0.030734,-0.113364,0.108815,-0.232982
3.140870,1,-0.190216,0.000000,-0.040434,-0.053458,-0.007302,0.047887,-0.090783,-0.115302,-0.215199
3.140870,2,-0.190216,0.000000,-0.040434,-0.007318,0.005018,0.088248,-0.043853,0.113018,-0.176284
3.140870,3,-0.190216,0.000000,-0.040434,0.047650,-0.000172,0.162701,0.010008,-0.108172,-0.100604
3.144247,0,-0.196165,0.000000,-0.045925,-0.076730,0.000588,0.025472,-0.117807,0.108588,-0.238243
3.144247,1,-0.196165,0.000000,-0.045925,-0.055797,-0.007739,0.043350,-0.093122,-0.115739,-0.219736
3.144247,2,-0.196165,0.000000,-0.045925,-0.008098,0.005145,0.084143,-0.044634,0.113145,-0.180388
3.144247,3,-0.196165,0.000000,-0.045925,0.049283,-0.000019,0.162730,0.011641,-0.108019,-0.100575
3.147062,0,-0.201155,0.000000,-0.050522,-0.080796,0.000291,0.019879,-0.121873,0.108291,-0.243836
3.147062,1,-0.201155,0.000000,-0.050522,-0.057797,-0.008217,0.038979,-0.095122,-0.116217,-0.224107
3.147062,2,-0.201155,0.000000,-0.050522,-0.008780,0.005400,0.080532,-0.045316,0.113400,-0.184000
3.147062,3,-0.201155,0.000000,-0.050522,0.050741,0.000114,0.162779,0.013099,-0.107886,-0.100526
3.150109,0,-0.206590,0.000000,-0.055518,-0.083645,0.000267,0.014953,-0.124722,0.108267,-0.248763
3.150109,1,-0.206590,0.000000,-0.055518,-0.059704,-0.008614,0.035217,-0.097029,-0.116614,-0.227869
3.150109,2,-0.206590,0.000000,-0.055518,-0.009242,0.005420,0.076884,-0.045777,0.113420,-0.187647
3.150109,3,-0.206590,0.000000,-0.055518,0.052233,0.000199,0.162870,0.014590,-0.107801,-0.100435
3.153345,0,-0.212399,0.000000,-0.060846,-0.087583,0.000072,0.009475,-0.128660,0.108072,-0.254241
3.153345,1,-0.212399,0.000000,-0.060846,-0.061682,-0.009141,0.030910,-0.099007,-0.117141,-0.232176
3.153345,2,-0.212399,0.000000,-0.060846,-0.009904,0.005493,0.072445,-0.046439,0.113493,-0.192086
3.153345,3,-0.212399,0.000000,-0.060846,0.053892,0.000324,0.162847,0.016250,-0.107676,-0.100458
3.156271,0,-0.217683,0.000000,-0.065683,-0.092442,-0.000233,0.004051,-0.133520,0.107767,-0.259665
3.156271,1,-0.217683,0.000000,-0.065683,-0.063536,-0.009667,0.026613,-0.100861,-0.117667,-0.236473
3.156271,2,-0.217683,0.000000,-0.065683,-0.010855,0.005584,0.067747,-0.047391,0.113584,-0.196784
3.156271,3,-0.217683,0.000000,-0.065683,0.055408,0.000445,0.162775,0.017766,-0.107555,-0.100530
3.159311,0,-0.223204,0.000000,-0.070728,-0.096167,-0.000334,-0.001201,-0.137244,0.107666,-0.264917
3.159311,1,-0.223204,0.000000,-0.070728,-0.065386,-0.010165,0.022565,-0.102710,-0.118165,-0.240521
3.159311,2,-0.223204,0.000000,-0.070728,-0.011747,0.005740,0.063116,-0.048283,0.113740,-0.201415
3.159311,3,-0.223204,0.000000,-0.070728,0.056929,0.000543,0.162652,0.019287,-0.107457,-0.100653
3.162122,0,-0.228337,0.000000,-0.075409,-0.099666,-0.000382,-0.006584,-0.140743,0.107618,-0.270300
3.162122,1,-0.228337,0.000000,-0.075409,-0.066669,-0.010707,0.018819,-0.103994,-0.118707,-0.244267
3.162122,2,-0.228337,0.000000,-0.075409,-0.012472,0.005926,0.058758,-0.049008,0.113926,-0.205774
3.162122,3,-0.228337,0.000000,-0.075409,0.058341,0.000638,0.162497,0.020698,-0.107362,-0.100808
3.164904,0,-0.233444,0.000000,-0.080059,-0.104644,-0.000729,-0.011129,-0.145721,0.107271,-0.274845
3.164904,1,-0.233444,0.000000,-0.080059,-0.067991,-0.011151,0.015298,-0.105316,-0.119151,-0.247788
3.164904,2,-0.233444,0.000000,-0.080059,-0.013219,0.006034,0.054310,-0.049755,0.114034,-0.210222
3.164904,3,-0.233444,0.000000,-0.080059,0.059750,0.000727,0.162333,0.022108,-0.107273,-0.100973
3.167778,0,-0.238747,0.000000,-0.084879,-0.108096,-0.000726,-0.016269,-0.149173,0.107274,-0.279984
3.167778,1,-0.238747,0.000000,-0.084879,-0.069177,-0.011674,0.011434,-0.106502,-0.119674,-0.251652
3.167778,2,-0.238747,0.000000,-0.084879,-0.013606,0.006334,0.049817,-0.050141,0.114334,-0.214715
3.167778,3,-0.238747,0.000000,-0.084879,0.061238,0.000807,0.162253,0.023596,-0.107193,-0.101052
3.170629,0,-0.244035,0.000000,-0.089677,-0.111599,-0.000696,-0.021376,-0.152676,0.107304,-0.285092
3.170629,1,-0.244035,0.000000,-0.089677,-0.070351,-0.012155,0.007499,-0.107676,-0.120155,-0.255587
3.170629,2,-0.244035,0.000000,-0.089677,-0.013655,0.006422,0.045863,-0.050191,0.114422,-0.218669
3.170629,3,-0.244035,0.000000,-0.089677,0.062783,0.000861,0.162284,0.025141,-0.107139,-0.101021
3.173500,0,-0.249386,0.000000,-0.094524,-0.117042,-0.001127,-0.025801,-0.158119,0.106873,-0.289517
3.173500,1,-0.249386,0.000000,-0.094524,-0.072103,-0.012517,0.003397,-0.109428,-0.120517,-0.259689
3.173500,2,-0.249386,0.000000,-0.094524,-0.013465,0.006614,0.041657,-0.050001,0.114614,-0.222874
3.173500,3,-0.249386,0.000000,-0.094524,0.064408,0.000890,0.162473,0.026766,-0.107110,-0.100832
3.176280,0,-0.254593,0.000000,-0.099233,-0.120829,-0.000791,-0.030966,-0.161906,0.107209,-0.294681
3.176280,1,-0.254593,0.000000,-0.099233,-0.073044,-0.013121,-0.000704,-0.110368,-0.121121,-0.263790
3.176280,2,-0.254593,0.000000,-0.099233,-0.012977,0.006716,0.037950,-0.049513,0.114716,-0.226581
3.176280,3,-0.254593,0.000000,-0.099233,0.066080,0.000902,0.162789,0.028438,-0.107098,-0.100516
3.179082,0,-0.259867,0.000000,-0.103995,-0.124809,-0.000804,-0.035779,-0.165887,0.107196,-0.299495
3.179082,1,-0.259867,0.000000,-0.103995,-0.074696,-0.013543,-0.004710,-0.112021,-0.121543,-0.267796
3.179082,2,-0.259867,0.000000,-0.103995,-0.012704,0.006891,0.033912,-0.049240,0.114891,-0.230620
3.179082,3,-0.259867,0.000000,-0.103995,0.067710,0.000922,0.163173,0.030068,-0.107078,-0.100133
3.181891,0,-0.265177,0.000000,-0.108782,-0.130857,-0.001118,-0.040060,-0.171934,0.106882,-0.303775
3.181891,1,-0.265177,0.000000,-0.108782,-0.075791,-0.014115,-0.008896,-0.113116,-0.122115,-0.271983
3.181891,2,-0.265177,0.000000,-0.108782,-0.012756,0.007118,0.029431,-0.049291,0.115118,-0.235101
3.181891,3,-0.265177,0.000000,-0.108782,0.069442,0.000951,0.163640,0.031800,-0.107049,-0.099666
3.184816,0,-0.270734,0.000000,-0.113784,-0.134432,-0.000745,-0.045182,-0.175509,0.107255,-0.308897
3.184816,1,-0.270734,0.000000,-0.113784,-0.076933,-0.014684,-0.012993,-0.114258,-0.122684,-0.276079
3.184816,2,-0.270734,0.000000,-0.113784,-0.013004,0.007230,0.024744,-0.049540,0.115230,-0.239787
3.184816,3,-0.270734,0.000000,-0.113784,0.071232,0.000981,0.164178,0.033590,-0.107019,-0.099127
3.188178,0,-0.277154,0.000000,-0.119553,-0.138744,-0.000624,-0.050587,-0.179821,0.107376,-0.314303
3.188178,1,-0.277154,0.000000,-0.119553,-0.077928,-0.015276,-0.017790,-0.115253,-0.123276,-0.280876
3.188178,2,-0.277154,0.000000,-0.119553,-0.012716,0.007304,0.018995,-0.049252,0.115304,-0.245537
3.188178,3,-0.277154,0.000000,-0.119553,0.073361,0.001019,0.164856,0.035719,-0.106981,-0.098450
3.191499,0,-0.283530,0.000000,-0.125272,-0.143975,-0.001012,-0.055891,-0.185052,0.106988,-0.319606
3.191499,1,-0.283530,0.000000,-0.125272,-0.079814,-0.015627,-0.022819,-0.117139,-0.123627,-0.285905
3.191499,2,-0.283530,0.000000,-0.125272,-0.012704,0.007554,0.012894,-0.049240,0.115554,-0.251638
3.191499,3,-0.283530,0.000000,-0.125272,0.075349,0.001038,0.165546,0.037706,-0.106962,-0.097759
3.194509,0,-0.289337,0.000000,-0.130472,-0.146333,-0.001002,-0.061879,-0.187410,0.106998,-0.325595
3.194509,1,-0.289337,0.000000,-0.130472,-0.081368,-0.015980,-0.027840,-0.118693,-0.123980,-0.290926
3.194509,2,-0.289337,0.000000,-0.130472,-0.012160,0.007632,0.007361,-0.048696,0.115632,-0.257170
3.194509,3,-0.289337,0.000000,-0.130472,0.077172,0.001045,0.166217,0.039530,-0.106955,-0.097088
3.197919,0,-0.295949,0.000000,-0.136383,-0.147633,-0.000407,-0.067271,-0.188710,0.107593,-0.330987
3.197919,1,-0.295949,0.000000,-0.136383,-0.083673,-0.016522,-0.032763,-0.120998,-0.124522,-0.295849
3.197919,2,-0.295949,0.000000,-0.136383,-0.011450,0.007845,0.001227,-0.047985,0.115845,-0.263305
3.197919,3,-0.295949,0.000000,-0.136383,0.079277,0.001048,0.167032,0.041635,-0.106952,-0.096273
3.201422,0,0.000569,0.000000,0.140000,-0.147991,-0.000516,-0.073234,-0.189068,0.107484,-0.336950
3.201422,1,0.000569,0.000000,0.140000,-0.086014,-0.017014,-0.038609,-0.123339,-0.125014,-0.301695
3.201422,2,0.000569,0.000000,0.140000,-0.009598,0.008192,-0.005437,-0.046134,0.116192,-0.269969
3.201422,3,0.000569,0.000000,0.140000,0.081392,0.001045,0.167875,0.043750,-0.106955,-0.095430
3.204319,0,0.001728,0.000000,0.140000,-0.147712,-0.001094,-0.078492,-0.188789,0.106906,-0.342208
3.204319,1,0.001728,0.000000,0.140000,-0.087959,-0.017581,-0.043659,-0.125284,-0.125581,-0.306745
3.204319,2,0.001728,0.000000,0.140000,-0.008400,0.008541,-0.011136,-0.044936,0.116541,-0.275668
3.204319,3,0.001728,0.000000,0.140000,0.083048,0.001054,0.168548,0.045406,-0.106946,-0.094757
3.207509,0,0.003004,0.000000,0.140000,-0.147222,-0.000174,-0.081219,-0.188299,0.107826,-0.344935
3.207509,1,0.003004,0.000000,0.140000,-0.091551,-0.018331,-0.046066,-0.128875,-0.126331,-0.309152
3.207509,2,0.003004,0.000000,0.140000,-0.007835,0.008853,-0.015398,-0.044371,0.116853,-0.279929
3.207509,3,0.003004,0.000000,0.140000,0.084050,0.001119,0.168849,0.046408,-0.106881,-0.094456
3.210701,0,0.004280,0.000000,0.140000,-0.146099,-0.000101,-0.081940,-0.187176,0.107899,-0.345655
3.210701,1,0.004280,0.000000,0.140000,-0.094969,-0.019300,-0.048258,-0.132294,-0.127300,-0.311344
3.210701,2,0.004280,0.000000,0.140000,-0.010516,0.009907,-0.019019,-0.047052,0.117907,-0.283551
3.210701,3,0.004280,0.000000,0.140000,0.084810,0.001179,0.169019,0.047168,-0.106821,-0.094286
3.213501,0,0.005400,0.000000,0.140000,-0.145873,-0.001066,-0.082737,-0.186951,0.106934,-0.346452
3.213501,1,0.005400,0.000000,0.140000,-0.099475,-0.019250,-0.050288,-0.136799,-0.127250,-0.313374
3.213501,2,0.005400,0.000000,0.140000,-0.013435,0.009733,-0.022391,-0.049971,0.117733,-0.286922
3.213501,3,0.005400,0.000000,0.140000,0.085173,0.001218,0.169021,0.047530,-0.106782,-0.094284
3.216301,0,0.006520,0.000000,0.140000,-0.145468,-0.001078,-0.083359,-0.186545,0.106922,-0.347075
3.216301,1,0.006520,0.000000,0.140000,-0.102385,-0.019812,-0.051968,-0.139710,-0.127812,-0.315054
3.216301,2,0.006520,0.000000,0.140000,-0.014325,0.010245,-0.025432,-0.050860,0.118245,-0.289964
3.216301,3,0.006520,0.000000,0.140000,0.085741,0.001307,0.169112,0.048099,-0.106693,-0.094194
3.219069,0,0.007628,0.000000,0.140000,-0.143444,-0.000439,-0.084336,-0.184522,0.107561,-0.348052
3.219069,1,0.007628,0.000000,0.140000,-0.104763,-0.020139,-0.053595,-0.142088,-0.128139,-0.316681
3.219069,2,0.007628,0.000000,0.140000,-0.016746,0.010418,-0.028046,-0.053282,0.118418,-0.292577
3.219069,3,0.007628,0.000000,0.140000,0.086097,0.001339,0.169201,0.048454,-0.106661,-0.094105
3.221841,0,0.008736,0.000000,0.140000,-0.143516,-0.000882,-0.084542,-0.184593,0.107118,-0.348258
3.221841,1,0.008736,0.000000,0.140000,-0.107921,-0.020035,-0.054929,-0.145245,-0.128035,-0.318015
3.221841,2,0.008736,0.000000,0.140000,-0.018423,0.010427,-0.030616,-0.054959,0.118427,-0.295148
3.221841,3,0.008736,0.000000,0.140000,0.086231,0.001347,0.169234,0.048589,-0.106653,-0.094071
3.224599,0,0.009839,0.000000,0.140000,-0.142506,-0.001263,-0.085111,-0.183583,0.106737,-0.348827
3.224599,1,0.009839,0.000000,0.140000,-0.109839,-0.019743,-0.056446,-0.147164,-0.127743,-0.319532
3.224599,2,0.009839,0.000000,0.140000,-0.019811,0.010516,-0.032872,-0.056347,0.118516,-0.297403
3.224599,3,0.009839,0.000000,0.140000,0.086435,0.001343,0.169349,0.048793,-0.106657,-0.093956
3.227405,0,0.010962,0.000000,0.140000,-0.140113,-0.000769,-0.086053,-0.181190,0.107231,-0.349768
3.227405,1,0.010962,0.000000,0.140000,-0.112278,-0.019360,-0.057665,-0.149603,-0.127360,-0.320751
3.227405,2,0.010962,0.000000,0.140000,-0.021989,0.010503,-0.034874,-0.058525,0.118503,-0.299405
3.227405,3,0.010962,0.000000,0.140000,0.086531,0.001302,0.169460,0.048889,-0.106698,-0.093845
3.230550,0,0.012220,0.000000,0.140000,-0.139559,-0.001225,-0.086168,-0.180636,0.106775,-0.349884
3.230550,1,0.012220,0.000000,0.140000,-0.114601,-0.019838,-0.058478,-0.151926,-0.127838,-0.321564
3.230550,2,0.012220,0.000000,0.140000,-0.023544,0.010619,-0.036859,-0.060080,0.118619,-0.301390
3.230550,3,0.012220,0.000000,0.140000,0.086517,0.001282,0.169495,0.048875,-0.106718,-0.093810
3.233416,0,0.013366,0.000000,0.140000,-0.138960,-0.002358,-0.086387,-0.180037,0.105642,-0.350102
3.233416,1,0.013366,0.000000,0.140000,-0.116566,-0.019619,-0.059493,-0.153891,-0.127619,-0.322579
3.233416,2,0.013366,0.000000,0.140000,-0.024685,0.010369,-0.038763,-0.061221,0.118369,-0.303294
3.233416,3,0.013366,0.000000,0.140000,0.086553,0.001253,0.169562,0.048911,-0.106747,-0.093743
3.236301,0,0.014521,0.000000,0.140000,-0.135505,-0.002484,-0.087660,-0.176582,0.105516,-0.351376
3.236301,1,0.014521,0.000000,0.140000,-0.118291,-0.018255,-0.060652,-0.155616,-0.126255,-0.323738
3.236301,2,0.014521,0.000000,0.140000,-0.026340,0.010224,-0.040290,-0.062876,0.118224,-0.304822
3.236301,3,0.014521,0.000000,0.140000,0.086551,0.001221,0.169607,0.048908,-0.106779,-0.093698
3.239488,0,0.015795,0.000000,0.140000,-0.133328,-0.002625,-0.088081,-0.174405,0.105375,-0.351796
3.239488,1,0.015795,0.000000,0.140000,-0.120202,-0.017948,-0.061447,-0.157527,-0.125948,-0.324534
3.239488,2,0.015795,0.000000,0.140000,-0.028280,0.010354,-0.041632,-0.064816,0.118354,-0.306164
3.239488,3,0.015795,0.000000,0.140000,0.086442,0.001194,0.169598,0.048800,-0.106806,-0.093708
3.242592,0,0.017037,0.000000,0.140000,-0.132522,-0.003250,-0.087840,-0.173600,0.104750,-0.351556
3.242592,1,0.017037,0.000000,0.140000,-0.121851,-0.018002,-0.061891,-0.159176,-0.126002,-0.324978
3.242592,2,0.017037,0.000000,0.140000,-0.029744,0.010457,-0.042740,-0.066279,0.118457,-0.307272
3.242592,3,0.017037,0.000000,0.140000,0.086330,0.001171,0.169603,0.048688,-0.106829,-0.093702
3.245360,0,0.018144,0.000000,0.140000,-0.130062,-0.003157,-0.088146,-0.171139,0.104843,-0.351862
3.245360,1,0.018144,0.000000,0.140000,-0.123065,-0.017195,-0.062402,-0.160390,-0.125195,-0.325488
3.245360,2,0.018144,0.000000,0.140000,-0.030109,0.010015,-0.043932,-0.066645,0.118015,-0.308464
3.245360,3,0.018144,0.000000,0.140000,0.086213,0.001152,0.169602,0.048571,-0.106848,-0.093703
3.248154,0,0.019262,0.000000,0.140000,-0.127330,-0.003587,-0.088559,-0.168407,0.104413,-0.352274
3.248154,1,0.019262,0.000000,0.140000,-0.124199,-0.016179,-0.062995,-0.161523,-0.124179,-0.326081
3.248154,2,0.019262,0.000000,0.140000,-0.031308,0.009646,-0.044845,-0.067844,0.117646,-0.309377
3.248154,3,0.019262,0.000000,0.140000,0.086032,0.001113,0.169595,0.048389,-0.106887,-0.093710
3.250935,0,0.020374,0.000000,0.140000,-0.126849,-0.003643,-0.087819,-0.167926,0.104357,-0.351535
3.250935,1,0.020374,0.000000,0.140000,-0.125455,-0.016064,-0.063108,-0.162780,-0.124064,-0.326194
3.250935,2,0.020374,0.000000,0.140000,-0.033479,0.009922,-0.044893,-0.070014,0.117922,-0.309424
3.250935,3,0.020374,0.000000,0.140000,0.085842,0.001074,0.169575,0.048200,-0.106926,-0.093730
3.253768,0,0.021507,0.000000,0.140000,-0.124466,-0.003345,-0.087734,-0.165543,0.104655,-0.351449
3.253768,1,0.021507,0.000000,0.140000,-0.126262,-0.015532,-0.063137,-0.163587,-0.123532,-0.326223
3.253768,2,0.021507,0.000000,0.140000,-0.034190,0.009869,-0.045290,-0.070726,0.117869,-0.309821
3.253768,3,0.021507,0.000000,0.140000,0.085635,0.001046,0.169535,0.047993,-0.106954,-0.093770
3.256794,0,0.022718,0.000000,0.140000,-0.121815,-0.003716,-0.087706,-0.162892,0.104284,-0.351422
3.256794,1,0.022718,0.000000,0.140000,-0.126898,-0.014564,-0.063302,-0.164223,-0.122564,-0.326388
3.256794,2,0.022718,0.000000,0.140000,-0.034770,0.008928,-0.045923,-0.071306,0.116928,-0.310454
3.256794,3,0.022718,0.000000,0.140000,0.085400,0.001021,0.169465,0.047757,-0.106979,-0.093840
3.260378,0,0.024151,0.000000,0.140000,-0.120600,-0.003790,-0.086744,-0.161677,0.104210,-0.350460
3.260378,1,0.024151,0.000000,0.140000,-0.127682,-0.014136,-0.063165,-0.165006,-0.122136,-0.326251
3.260378,2,0.024151,0.000000,0.140000,-0.036286,0.008914,-0.045757,-0.072822,0.116914,-0.310288
3.260378,3,0.024151,0.000000,0.140000,0.085111,0.000977,0.169388,0.047468,-0.107023,-0.093917
3.263283,0,0.025313,0.000000,0.140000,-0.119018,-0.003905,-0.085608,-0.160096,0.104095,-0.349324
3.263283,1,0.025313,0.000000,0.140000,-0.128295,-0.013513,-0.062908,-0.165620,-0.121513,-0.325994
3.263283,2,0.025313,0.000000,0.140000,-0.037662,0.009220,-0.045195,-0.074198,0.117220,-0.309727
3.263283,3,0.025313,0.000000,0.140000,0.084841,0.000905,0.169331,0.047198,-0.107095,-0.093975
3.266128,0,0.026451,0.000000,0.140000,-0.115531,-0.003661,-0.085503,-0.156608,0.104339,-0.349218
3.266128,1,0.026451,0.000000,0.140000,-0.128423,-0.012735,-0.062744,-0.165748,-0.120735,-0.325830
3.266128,2,0.026451,0.000000,0.140000,-0.038202,0.009535,-0.044929,-0.074737,0.117535,-0.309461
3.266128,3,0.026451,0.000000,0.140000,0.084548,0.000849,0.169247,0.046905,-0.107151,-0.094058
3.268881,0,0.027552,0.000000,0.140000,-0.113570,-0.003873,-0.084669,-0.154647,0.104127,-0.348384
3.268881,1,0.027552,0.000000,0.140000,-0.128482,-0.012106,-0.062511,-0.165807,-0.120106,-0.325598
3.268881,2,0.027552,0.000000,0.140000,-0.039081,0.008333,-0.044986,-0.075617,0.116333,-0.309517
3.268881,3,0.027552,0.000000,0.140000,0.084254,0.000811,0.169145,0.046612,-0.107189,-0.094160
3.271663,0,0.028665,0.000000,0.140000,-0.113848,-0.003716,-0.082784,-0.154925,0.104284,-0.346500
3.271663,1,0.028665,0.000000,0.140000,-0.128544,-0.011542,-0.062109,-0.165869,-0.119542,-0.325195
3.271663,2,0.028665,0.000000,0.140000,-0.039581,0.008759,-0.043986,-0.076117,0.116759,-0.308518
3.271663,3,0.028665,0.000000,0.140000,0.083950,0.000769,0.169065,0.046307,-0.107231,-0.094240
3.274520,0,0.029808,0.000000,0.140000,-0.109814,-0.003587,-0.082411,-0.150891,0.104413,-0.346127
3.274520,1,0.029808,0.000000,0.140000,-0.128146,-0.010929,-0.061681,-0.165470,-0.118929,-0.324768
3.274520,2,0.029808,0.000000,0.140000,-0.039681,0.009114,-0.043197,-0.076217,0.117114,-0.307728
3.274520,3,0.029808,0.000000,0.140000,0.083583,0.000721,0.168978,0.045941,-0.107279,-0.094328
3.277603,0,0.031041,0.000000,0.140000,-0.108254,-0.003698,-0.081134,-0.149331,0.104302,-0.344849
3.277603,1,0.031041,0.000000,0.140000,-0.127649,-0.010356,-0.061191,-0.164974,-0.118356,-0.324277
3.277603,2,0.031041,0.000000,0.140000,-0.040569,0.007644,-0.042774,-0.077105,0.115644,-0.307305
3.277603,3,0.031041,0.000000,0.140000,0.083183,0.000700,0.168872,0.045541,-0.107300,-0.094433
3.280843,0,0.032337,0.000000,0.140000,-0.107313,-0.003665,-0.078987,-0.148390,0.104335,-0.342703
3.280843,1,0.032337,0.000000,0.140000,-0.127159,-0.009769,-0.060490,-0.164484,-0.117769,-0.323576
3.280843,2,0.032337,0.000000,0.140000,-0.040955,0.007436,-0.041576,-0.077490,0.115436,-0.306108
3.280843,3,0.032337,0.000000,0.140000,0.082775,0.000689,0.168756,0.045133,-0.107311,-0.094549
3.283784,0,0.033514,0.000000,0.140000,-0.104499,-0.003029,-0.077321,-0.145576,0.104971,-0.341037
3.283784,1,0.033514,0.000000,0.140000,-0.126299,-0.009249,-0.059641,-0.163624,-0.117249,-0.322727
3.283784,2,0.033514,0.000000,0.140000,-0.040874,0.007755,-0.040133,-0.077409,0.115755,-0.304664
3.283784,3,0.033514,0.000000,0.140000,0.082340,0.000659,0.168632,0.044697,-0.107341,-0.094673
3.286827,0,0.034731,0.000000,0.140000,-0.102135,-0.003457,-0.075824,-0.143212,0.104543,-0.339540
3.286827,1,0.034731,0.000000,0.140000,-0.125410,-0.008784,-0.058857,-0.162734,-0.116784,-0.321944
3.286827,2,0.034731,0.000000,0.140000,-0.040887,0.006937,-0.039359,-0.077423,0.114937,-0.303890
3.286827,3,0.034731,0.000000,0.140000,0.081928,0.000646,0.168480,0.044286,-0.107354,-0.094825
3.289907,0,0.035963,0.000000,0.140000,-0.100545,-0.003312,-0.073661,-0.141623,0.104688,-0.337377
3.289907,1,0.035963,0.000000,0.140000,-0.124265,-0.008316,-0.057913,-0.161589,-0.116316,-0.320999
3.289907,2,0.035963,0.000000,0.140000,-0.041591,0.005741,-0.037938,-0.078127,0.113741,-0.302469
3.289907,3,0.035963,0.000000,0.140000,0.081475,0.000641,0.168278,0.043832,-0.107359,-0.095027
3.292865,0,0.037146,0.000000,0.140000,-0.099085,-0.003076,-0.071242,-0.140162,0.104924,-0.334958
3.292865,1,0.037146,0.000000,0.140000,-0.123147,-0.007994,-0.056773,-0.160472,-0.115994,-0.319859
3.292865,2,0.037146,0.000000,0.140000,-0.041578,0.005788,-0.036080,-0.078113,0.113788,-0.300612
3.292865,3,0.037146,0.000000,0.140000,0.081020,0.000622,0.168099,0.043378,-0.107378,-0.095207
3.295766,0,0.038306,0.000000,0.140000,-0.095947,-0.002767,-0.069402,-0.137024,0.105233,-0.333118
3.295766,1,0.038306,0.000000,0.140000,-0.121777,-0.007808,-0.055562,-0.159101,-0.115808,-0.318648
3.295766,2,0.038306,0.000000,0.140000,-0.040852,0.006032,-0.034514,-0.077388,0.114032,-0.299045
3.295766,3,0.038306,0.000000,0.140000,0.080567,0.000621,0.167891,0.042925,-0.107379,-0.095414
3.298625,0,0.039450,0.000000,0.140000,-0.093909,-0.002961,-0.067403,-0.134986,0.105039,-0.331119
3.298625,1,0.039450,0.000000,0.140000,-0.120130,-0.007576,-0.054425,-0.157454,-0.115576,-0.317512
3.298625,2,0.039450,0.000000,0.140000,-0.040556,0.004698,-0.033180,-0.077092,0.112698,-0.297711
3.298625,3,0.039450,0.000000,0.140000,0.080105,0.000619,0.167686,0.042463,-0.107381,-0.095619
3.301396,0,0.040558,0.000000,0.140000,-0.092887,-0.002955,-0.064582,-0.133964,0.105045,-0.328298
3.301396,1,0.040558,0.000000,0.140000,-0.118773,-0.007199,-0.053170,-0.156098,-0.115199,-0.316256
3.301396,2,0.040558,0.000000,0.140000,-0.039789,0.004667,-0.031201,-0.076325,0.112667,-0.295732
3.301396,3,0.040558,0.000000,0.140000,0.079647,0.000618,0.167486,0.042005,-0.107382,-0.095819
3.304214,0,0.041686,0.000000,0.140000,-0.089940,-0.002495,-0.062678,-0.131017,0.105505,-0.326393
3.304214,1,0.041686,0.000000,0.140000,-0.117347,-0.006937,-0.051809,-0.154672,-0.114937,-0.314895
3.304214,2,0.041686,0.000000,0.140000,-0.038715,0.005056,-0.029192,-0.075251,0.113056,-0.293724
3.304214,3,0.041686,0.000000,0.140000,0.079207,0.000628,0.167291,0.041565,-0.107372,-0.096015
3.307009,0,0.042804,0.000000,0.140000,-0.087288,-0.002839,-0.060389,-0.128366,0.105161,-0.324105
3.307009,1,0.042804,0.000000,0.140000,-0.115102,-0.007230,-0.050315,-0.152427,-0.115230,-0.313401
3.307009,2,0.042804,0.000000,0.140000,-0.038349,0.003640,-0.027601,-0.074885,0.111640,-0.292132
3.307009,3,0.042804,0.000000,0.140000,0.078729,0.000626,0.167083,0.041087,-0.107374,-0.096222
3.309773,0,0.043909,0.000000,0.140000,-0.085483,-0.002486,-0.057705,-0.126560,0.105514,-0.321420
3.309773,1,0.043909,0.000000,0.140000,-0.113318,-0.006900,-0.048846,-0.150642,-0.114900,-0.311932
3.309773,2,0.043909,0.000000,0.140000,-0.037052,0.003866,-0.025185,-0.073588,0.111866,-0.289716
3.309773,3,0.043909,0.000000,0.140000,0.078281,0.000630,0.166888,0.040638,-0.107370,-0.096417
3.312570,0,0.045028,0.000000,0.140000,-0.082501,-0.002312,-0.055159,-0.123578,0.105688,-0.318875
3.312570,1,0.045028,0.000000,0.140000,-0.111168,-0.006329,-0.047412,-0.148492,-0.114329,-0.310498
3.312570,2,0.045028,0.000000,0.140000,-0.034975,0.003986,-0.023007,-0.071511,0.111986,-0.287539
3.312570,3,0.045028,0.000000,0.140000,0.077793,0.000640,0.166673,0.040151,-0.107360,-0.096632
3.315440,0,0.046176,0.000000,0.140000,-0.079514,-0.002524,-0.052800,-0.120591,0.105476,-0.316516
3.315440,1,0.046176,0.000000,0.140000,-0.108444,-0.007120,-0.045548,-0.145769,-0.115120,-0.308634
3.315440,2,0.046176,0.000000,0.140000,-0.033979,0.002897,-0.020964,-0.070514,0.110897,-0.285496
3.315440,3,0.046176,0.000000,0.140000,0.077339,0.000648,0.166478,0.039697,-0.107352,-0.096827
3.318249,0,0.047300,0.000000,0.140000,-0.076869,-0.002366,-0.049586,-0.117946,0.105634,-0.313301
3.318249,1,0.047300,0.000000,0.140000,-0.106214,-0.006584,-0.043849,-0.143539,-0.114584,-0.306935
3.318249,2,0.047300,0.000000,0.140000,-0.032523,0.003408,-0.017901,-0.069059,0.111408,-0.282433
3.318249,3,0.047300,0.000000,0.140000,0.076893,0.000643,0.166298,0.039251,-0.107357,-0.097008
3.321015,0,0.048406,0.000000,0.140000,-0.074764,-0.002099,-0.046531,-0.115841,0.105901,-0.310247
3.321015,1,0.048406,0.000000,0.140000,-0.103730,-0.006284,-0.042004,-0.141055,-0.114284,-0.305090
3.321015,2,0.048406,0.000000,0.140000,-0.030257,0.003482,-0.015553,-0.066792,0.111482,-0.280085
3.321015,3,0.048406,0.000000,0.140000,0.076423,0.000671,0.166078,0.038781,-0.107329,-0.097227
3.323955,0,0.049582,0.000000,0.140000,-0.070358,-0.002202,-0.043910,-0.111435,0.105798,-0.307626
3.323955,1,0.049582,0.000000,0.140000,-0.100216,-0.007017,-0.039862,-0.137541,-0.115017,-0.302949
3.323955,2,0.049582,0.000000,0.140000,-0.028250,0.002629,-0.012762,-0.064786,0.110629,-0.277293
3.323955,3,0.049582,0.000000,0.140000,0.075978,0.000669,0.165904,0.038336,-0.107331,-0.097401
3.326795,0,0.050718,0.000000,0.140000,-0.067196,-0.002070,-0.040920,-0.108273,0.105930,-0.304636
3.326795,1,0.050718,0.000000,0.140000,-0.097477,-0.006427,-0.038205,-0.134802,-0.114427,-0.301292
3.326795,2,0.050718,0.000000,0.140000,-0.025668,0.003722,-0.009351,-0.062204,0.111722,-0.273883
3.326795,3,0.050718,0.000000,0.140000,0.075562,0.000658,0.165753,0.037920,-0.107342,-0.097552
3.330236,0,0.052095,0.000000,0.140000,-0.064583,-0.002213,-0.037732,-0.105660,0.105787,-0.301447
3.330236,1,0.052095,0.000000,0.140000,-0.093938,-0.006191,-0.035689,-0.131263,-0.114191,-0.298775
3.330236,2,0.052095,0.000000,0.140000,-0.023287,0.003067,-0.006716,-0.059823,0.111067,-0.271248
3.330236,3,0.052095,0.000000,0.140000,0.075049,0.000692,0.165521,0.037407,-0.107308,-0.097784
3.333234,0,0.053293,0.000000,0.140000,-0.060093,-0.001825,-0.033888,-0.101170,0.106175,-0.297603
3.333234,1,0.053293,0.000000,0.140000,-0.089946,-0.006763,-0.032773,-0.127271,-0.114763,-0.295859
3.333234,2,0.053293,0.000000,0.140000,-0.020831,0.002640,-0.003569,-0.057367,0.110640,-0.268100
3.333234,3,0.053293,0.000000,0.140000,0.074540,0.000711,0.165307,0.036898,-0.107289,-0.097998
3.336034,0,0.054413,0.000000,0.140000,-0.056268,-0.001826,-0.031279,-0.097345,0.106174,-0.294995
3.336034,1,0.054413,0.000000,0.140000,-0.086325,-0.006821,-0.030590,-0.123649,-0.114821,-0.293676
3.336034,2,0.054413,0.000000,0.140000,-0.018777,0.003248,-0.000639,-0.055313,0.111248,-0.265170
3.336034,3,0.054413,0.000000,0.140000,0.074142,0.000701,0.165170,0.036500,-0.107299,-0.098135
3.338832,0,0.055533,0.000000,0.140000,-0.053358,-0.001861,-0.028387,-0.094435,0.106139,-0.292103
3.338832,1,0.055533,0.000000,0.140000,-0.082587,-0.006237,-0.028458,-0.119912,-0.114237,-0.291544
3.338832,2,0.055533,0.000000,0.140000,-0.016418,0.003297,0.001952,-0.052954,0.111297,-0.262579
3.338832,3,0.055533,0.000000,0.140000,0.073897,0.000719,0.165059,0.036255,-0.107281,-0.098246
3.341572,0,0.056629,0.000000,0.140000,-0.051001,-0.001719,-0.025235,-0.092078,0.106281,-0.288950
3.341572,1,0.056629,0.000000,0.140000,-0.078965,-0.006677,-0.025905,-0.116290,-0.114677,-0.288991
3.341572,2,0.056629,0.000000,0.140000,-0.014183,0.002666,0.004268,-0.050718,0.110666,-0.260263
3.341572,3,0.056629,0.000000,0.140000,0.073557,0.000735,0.164913,0.035915,-0.107265,-0.098392
3.344321,0,0.057728,0.000000,0.140000,-0.047079,-0.001662,-0.022900,-0.088156,0.106338,-0.286615
3.344321,1,0.057728,0.000000,0.140000,-0.074734,-0.006423,-0.023607,-0.112059,-0.114423,-0.286693
3.344321,2,0.057728,0.000000,0.140000,-0.012323,0.002982,0.007010,-0.048859,0.110982,-0.257521
3.344321,3,0.057728,0.000000,0.140000,0.073250,0.000736,0.164808,0.035608,-0.107264,-0.098497
3.347106,0,0.058842,0.000000,0.140000,-0.044323,-0.001534,-0.020117,-0.085400,0.106466,-0.283833
3.347106,1,0.058842,0.000000,0.140000,-0.070929,-0.006448,-0.021214,-0.108253,-0.114448,-0.284301
3.347106,2,0.058842,0.000000,0.140000,-0.010245,0.003364,0.009634,-0.046780,0.111364,-0.254897
3.347106,3,0.058842,0.000000,0.140000,0.073092,0.000736,0.164743,0.035450,-0.107264,-0.098562
3.349909,0,0.059963,0.000000,0.140000,-0.042575,-0.001620,-0.017166,-0.083652,0.106380,-0.280882
3.349909,1,0.059963,0.000000,0.140000,-0.067087,-0.006147,-0.018950,-0.104411,-0.114147,-0.282036
3.349909,2,0.059963,0.000000,0.140000,-0.007712,0.002743,0.011779,-0.044248,0.110743,-0.252753
3.349909,3,0.059963,0.000000,0.140000,0.072835,0.000746,0.164644,0.035193,-0.107254,-0.098661
3.352684,0,0.061073,0.000000,0.140000,-0.038859,-0.001344,-0.014615,-0.079936,0.106656,-0.278331
3.352684,1,0.061073,0.000000,0.140000,-0.063163,-0.006400,-0.016444,-0.100488,-0.114400,-0.279531
3.352684,2,0.061073,0.000000,0.140000,-0.005923,0.002892,0.014184,-0.042458,0.110892,-0.250348
3.352684,3,0.061073,0.000000,0.140000,0.072681,0.000737,0.164599,0.035039,-0.107263,-0.098706
3.355556,0,0.062222,0.000000,0.140000,-0.035745,-0.001365,-0.011896,-0.076822,0.106635,-0.275612
3.355556,1,0.062222,0.000000,0.140000,-0.059398,-0.006211,-0.014115,-0.096723,-0.114211,-0.277201
3.355556,2,0.062222,0.000000,0.140000,-0.004142,0.003402,0.017059,-0.040677,0.111402,-0.247472
3.355556,3,0.062222,0.000000,0.140000,0.072532,0.000732,0.164549,0.034890,-0.107268,-0.098757
3.358333,0,0.063333,0.000000,0.140000,-0.033562,-0.001524,-0.009148,-0.074640,0.106476,-0.272864
3.358333,1,0.063333,0.000000,0.140000,-0.055651,-0.005883,-0.011829,-0.092976,-0.113883,-0.274915
3.358333,2,0.063333,0.000000,0.140000,-0.001718,0.003177,0.019283,-0.038254,0.111177,-0.245248
3.358333,3,0.063333,0.000000,0.140000,0.072372,0.000738,0.164485,0.034730,-0.107262,-0.098820
3.361100,0,0.064440,0.000000,0.140000,-0.030336,-0.001257,-0.006729,-0.071413,0.106743,-0.270445
3.361100,1,0.064440,0.000000,0.140000,-0.052049,-0.006058,-0.009463,-0.089374,-0.114058,-0.272549
3.361100,2,0.064440,0.000000,0.140000,0.000524,0.002713,0.021338,-0.036012,0.110713,-0.243194
3.361100,3,0.064440,0.000000,0.140000,0.072298,0.000723,0.164475,0.034655,-0.107277,-0.098830
3.363939,0,0.065576,0.000000,0.140000,-0.027129,-0.001335,-0.004339,-0.068206,0.106665,-0.268055
3.363939,1,0.065576,0.000000,0.140000,-0.048421,-0.005884,-0.007229,-0.085746,-0.113884,-0.270315
3.363939,2,0.065576,0.000000,0.140000,0.001903,0.003322,0.023944,-0.034633,0.111322,-0.240587
3.363939,3,0.065576,0.000000,0.140000,0.072191,0.000730,0.164435,0.034549,-0.107270,-0.098870
3.367031,0,0.066813,0.000000,0.140000,-0.024759,-0.001338,-0.001748,-0.065836,0.106662,-0.265464
3.367031,1,0.066813,0.000000,0.140000,-0.044845,-0.005728,-0.004923,-0.082170,-0.113728,-0.268009
3.367031,2,0.066813,0.000000,0.140000,0.004006,0.003356,0.026231,-0.032530,0.111356,-0.238301
3.367031,3,0.066813,0.000000,0.140000,0.072117,0.000730,0.164409,0.034475,-0.107270,-0.098897
3.370216,0,0.068086,0.000000,0.140000,-0.021514,-0.001340,0.001062,-0.062591,0.106660,-0.262653
3.370216,1,0.068086,0.000000,0.140000,-0.040823,-0.005528,-0.002394,-0.078147,-0.113528,-0.265480
3.370216,2,0.068086,0.000000,0.140000,0.006717,0.002942,0.028546,-0.029818,0.110942,-0.235985
3.370216,3,0.068086,0.000000,0.140000,0.072069,0.000724,0.164398,0.034427,-0.107276,-0.098907
3.373122,0,0.069249,0.000000,0.140000,-0.017948,-0.001256,0.003609,-0.059025,0.106744,-0.260107
3.373122,1,0.069249,0.000000,0.140000,-0.036809,-0.005314,0.000146,-0.074133,-0.113314,-0.262940
3.373122,2,0.069249,0.000000,0.140000,0.008757,0.002842,0.030838,-0.027779,0.110842,-0.233693
3.373122,3,0.069249,0.000000,0.140000,0.072058,0.000715,0.164408,0.034416,-0.107285,-0.098897
3.375906,0,0.070363,0.000000,0.140000,-0.014996,-0.001237,0.006050,-0.056073,0.106763,-0.257665
3.375906,1,0.070363,0.000000,0.140000,-0.033478,-0.005373,0.002394,-0.070803,-0.113373,-0.260693
3.375906,2,0.070363,0.000000,0.140000,0.010222,0.003264,0.033294,-0.026313,0.111264,-0.231238
3.375906,3,0.070363,0.000000,0.140000,0.072058,0.000706,0.164414,0.034415,-0.107294,-0.098891
3.378665,0,0.071466,0.000000,0.140000,-0.012767,-0.001318,0.008362,-0.053845,0.106682,-0.255353
3.378665,1,0.071466,0.000000,0.140000,-0.030106,-0.005491,0.004700,-0.067431,-0.113491,-0.258386
3.378665,2,0.071466,0.000000,0.140000,0.012342,0.003513,0.035439,-0.024193,0.111513,-0.229093
3.378665,3,0.071466,0.000000,0.140000,0.072078,0.000706,0.164421,0.034436,-0.107294,-0.098884
3.381418,0,0.072567,0.000000,0.140000,-0.009906,-0.001246,0.010591,-0.050983,0.106754,-0.253125
3.381418,1,0.072567,0.000000,0.140000,-0.026852,-0.005111,0.006748,-0.064177,-0.113111,-0.256338
3.381418,2,0.072567,0.000000,0.140000,0.014423,0.002843,0.037040,-0.022113,0.110843,-0.227491
3.381418,3,0.072567,0.000000,0.140000,0.072125,0.000691,0.164450,0.034483,-0.107309,-0.098855
3.384322,0,0.073729,0.000000,0.140000,-0.007005,-0.001227,0.012838,-0.048082,0.106773,-0.250878
3.384322,1,0.073729,0.000000,0.140000,-0.023685,-0.004615,0.008643,-0.061010,-0.112615,-0.254443
3.384322,2,0.073729,0.000000,0.140000,0.015954,0.002933,0.039197,-0.020582,0.110933,-0.225335
3.384322,3,0.073729,0.000000,0.140000,0.072206,0.000676,0.164495,0.034563,-0.107324,-0.098810
3.387164,0,0.074866,0.000000,0.140000,-0.004645,-0.001306,0.015133,-0.045722,0.106694,-0.248582
3.387164,1,0.074866,0.000000,0.140000,-0.020326,-0.005130,0.011221,-0.057651,-0.113130,-0.251865
3.387164,2,0.074866,0.000000,0.140000,0.017831,0.003462,0.041455,-0.018704,0.111462,-0.223076
3.387164,3,0.074866,0.000000,0.140000,0.072289,0.000664,0.164537,0.034646,-0.107336,-0.098768
3.390140,0,0.076056,0.000000,0.140000,-0.002068,-0.001279,0.017412,-0.043146,0.106721,-0.246304
3.390140,1,0.076056,0.000000,0.140000,-0.017314,-0.005194,0.013349,-0.054639,-0.113194,-0.249737
3.390140,2,0.076056,0.000000,0.140000,0.019917,0.003005,0.043023,-0.016619,0.111005,-0.221509
3.390140,3,0.076056,0.000000,0.140000,0.072399,0.000651,0.164589,0.034756,-0.107349,-0.098716
3.393047,0,0.077219,0.000000,0.140000,0.001059,-0.001127,0.019758,-0.040018,0.106873,-0.243957
3.393047,1,0.077219,0.000000,0.140000,-0.013960,-0.004441,0.015348,-0.051284,-0.112441,-0.247739
3.393047,2,0.077219,0.000000,0.140000,0.021770,0.002698,0.044974,-0.014766,0.110698,-0.219557
3.393047,3,0.077219,0.000000,0.140000,0.072550,0.000639,0.164656,0.034908,-0.107361,-0.098649
3.395837,0,0.078335,0.000000,0.140000,0.003431,-0.001249,0.021838,-0.037646,0.106751,-0.241877
3.395837,1,0.078335,0.000000,0.140000,-0.010803,-0.004616,0.017684,-0.048128,-0.112616,-0.245402
3.395837,2,0.078335,0.000000,0.140000,0.023457,0.003220,0.047265,-0.013079,0.111220,-0.217266
3.395837,3,0.078335,0.000000,0.140000,0.072686,0.000636,0.164704,0.035044,-0.107364,-0.098601
3.399047,0,0.079619,0.000000,0.140000,0.005547,-0.001542,0.023970,-0.035530,0.106458,-0.239746
3.399047,1,0.079619,0.000000,0.140000,-0.007633,-0.004993,0.020167,-0.044957,-0.112993,-0.242919
3.399047,2,0.079619,0.000000,0.140000,0.025590,0.003346,0.049400,-0.010946,0.111346,-0.215132
3.399047,3,0.079619,0.000000,0.140000,0.072882,0.000635,0.164778,0.035240,-0.107365,-0.098527
3.401831,0,0.080000,0.000000,0.138576,0.008541,-0.001175,0.026437,-0.032536,0.106825,-0.237278
3.401831,1,0.080000,0.000000,0.138576,-0.004749,-0.004507,0.021933,-0.042074,-0.112507,-0.241153
3.401831,2,0.080000,0.000000,0.138576,0.027577,0.002614,0.050714,-0.008959,0.110614,-0.213817
3.401831,3,0.080000,0.000000,0.138576,0.073063,0.000632,0.164847,0.035421,-0.107368,-0.098459
3.404596,0,0.080000,0.000000,0.136426,0.011231,-0.001137,0.028347,-0.029846,0.106863,-0.235368
3.404596,1,0.080000,0.000000,0.136426,-0.001818,-0.003873,0.023835,-0.039143,-0.111873,-0.239252
3.404596,2,0.080000,0.000000,0.136426,0.029130,0.002843,0.052635,-0.007406,0.110843,-0.211896
3.404596,3,0.080000,0.000000,0.136426,0.073261,0.000628,0.164922,0.035619,-0.107372,-0.098383
3.407579,0,0.080000,0.000000,0.134105,0.013639,-0.001455,0.030889,-0.027438,0.106545,-0.232827
3.407579,1,0.080000,0.000000,0.134105,0.001703,-0.004763,0.026833,-0.035621,-0.112763,-0.236253
3.407579,2,0.080000,0.000000,0.134105,0.031161,0.003238,0.055102,-0.005375,0.111238,-0.209430
3.407579,3,0.080000,0.000000,0.134105,0.073542,0.000625,0.165028,0.035900,-0.107375,-0.098277
3.410374,0,0.080000,0.000000,0.131931,0.016250,-0.001489,0.033294,-0.024828,0.106511,-0.230422
3.410374,1,0.080000,0.000000,0.131931,0.004855,-0.003750,0.028772,-0.032470,-0.111750,-0.234314
3.410374,2,0.080000,0.000000,0.131931,0.033217,0.002480,0.056513,-0.003319,0.110480,-0.208018
3.410374,3,0.080000,0.000000,0.131931,0.073796,0.000624,0.165118,0.036153,-0.107376,-0.098187
3.413214,0,0.080000,0.000000,0.129723,0.019517,-0.001101,0.035764,-0.021560,0.106899,-0.227951
3.413214,1,0.080000,0.000000,0.129723,0.008116,-0.003815,0.031336,-0.029208,-0.111815,-0.231750
3.413214,2,0.080000,0.000000,0.129723,0.035143,0.002723,0.058791,-0.001393,0.110723,-0.205741
3.413214,3,0.080000,0.000000,0.129723,0.074082,0.000624,0.165225,0.036440,-0.107376,-0.098080
3.416115,0,0.080000,0.000000,0.127466,0.021580,-0.001364,0.037889,-0.019497,0.106636,-0.225827
3.416115,1,0.080000,0.000000,0.127466,0.011029,-0.004126,0.033760,-0.026296,-0.112126,-0.229327
3.416115,2,0.080000,0.000000,0.127466,0.036823,0.002971,0.060730,0.000287,0.110971,-0.203802
3.416115,3,0.080000,0.000000,0.127466,0.074354,0.000620,0.165334,0.036712,-0.107380,-0.097971
3.419206,0,0.080000,0.000000,0.125062,0.023464,-0.001519,0.040124,-0.017613,0.106481,-0.223591
3.419206,1,0.080000,0.000000,0.125062,0.013988,-0.003526,0.035897,-0.023336,-0.111526,-0.227189
3.419206,2,0.080000,0.000000,0.125062,0.038694,0.002363,0.062250,0.002158,0.110363,-0.202281
3.419206,3,0.080000,0.000000,0.125062,0.074662,0.000625,0.165437,0.037020,-0.107375,-0.097868
3.422260,0,0.080000,0.000000,0.122687,0.026441,-0.001054,0.042598,-0.014636,0.106946,-0.221117
3.422260,1,0.080000,0.000000,0.122687,0.017071,-0.003201,0.038286,-0.020254,-0.111201,-0.224800
3.422260,2,0.080000,0.000000,0.122687,0.040447,0.002256,0.064075,0.003911,0.110256,-0.200457
3.422260,3,0.080000,0.000000,0.122687,0.074954,0.000613,0.165565,0.037312,-0.107387,-0.097740
3.425030,0,0.080000,0.000000,0.120532,0.028814,-0.001337,0.044411,-0.012263,0.106663,-0.219305
3.425030,1,0.080000,0.000000,0.120532,0.019497,-0.003659,0.040439,-0.017828,-0.111659,-0.222647
3.425030,2,0.080000,0.000000,0.120532,0.041910,0.002715,0.065855,0.005374,0.110715,-0.198677
3.425030,3,0.080000,0.000000,0.120532,0.075215,0.000612,0.165662,0.037573,-0.107388,-0.097643
3.428196,0,0.080000,0.000000,0.118069,0.030079,-0.001457,0.046296,-0.010998,0.106543,-0.217420
3.428196,1,0.080000,0.000000,0.118069,0.021931,-0.003606,0.042474,-0.015394,-0.111606,-0.220612
3.428196,2,0.080000,0.000000,0.118069,0.043517,0.002466,0.067334,0.006981,0.110466,-0.197198
3.428196,3,0.080000,0.000000,0.118069,0.075524,0.000608,0.165789,0.037881,-0.107392,-0.097516
3.431323,0,0.080000,0.000000,0.115637,0.032039,-0.001235,0.048413,-0.009038,0.106765,-0.215302
3.431323,1,0.080000,0.000000,0.115637,0.024510,-0.003127,0.044426,-0.012815,-0.111127,-0.218660
3.431323,2,0.080000,0.000000,0.115637,0.044919,0.002092,0.068587,0.008383,0.110092,-0.195945
3.431323,3,0.080000,0.000000,0.115637,0.075828,0.000602,0.165912,0.038186,-0.107398,-0.097393
3.434519,0,0.080000,0.000000,0.113152,0.034366,-0.001147,0.050162,-0.006711,0.106853,-0.213554
3.434519,1,0.080000,0.000000,0.113152,0.026802,-0.002778,0.046172,-0.010523,-0.110778,-0.216914
3.434519,2,0.080000,0.000000,0.113152,0.046350,0.002200,0.070124,0.009814,0.110200,-0.194408
3.434519,3,0.080000,0.000000,0.113152,0.076153,0.000595,0.166047,0.038511,-0.107405,-0.097258
3.437674,0,0.080000,0.000000,0.110698,0.036569,-0.001266,0.051976,-0.004508,0.106734,-0.211739
3.437674,1,0.080000,0.000000,0.110698,0.029024,-0.003125,0.048243,-0.008301,-0.111125,-0.214843
3.437674,2,0.080000,0.000000,0.110698,0.047700,0.002419,0.071589,0.011164,0.110419,-0.192943
3.437674,3,0.080000,0.000000,0.110698,0.076466,0.000585,0.166182,0.038824,-0.107415,-0.097123
3.440726,0,0.080000,0.000000,0.108324,0.038108,-0.001122,0.053735,-0.002969,0.106878,-0.209981
3.440726,1,0.080000,0.000000,0.108324,0.031143,-0.003395,0.050203,-0.006182,-0.111395,-0.212883
3.440726,2,0.080000,0.000000,0.108324,0.048832,0.002231,0.072570,0.012297,0.110231,-0.191961
3.440726,3,0.080000,0.000000,0.108324,0.076767,0.000585,0.166304,0.039124,-0.107415,-0.097001
3.443609,0,0.080000,0.000000,0.106082,0.039072,-0.001234,0.055120,-0.002005,0.106766,-0.208596
3.443609,1,0.080000,0.000000,0.106082,0.033028,-0.003145,0.051769,-0.004297,-0.111145,-0.211317
3.443609,2,0.080000,0.000000,0.106082,0.049958,0.001964,0.073477,0.013422,0.109964,-0.191054
3.443609,3,0.080000,0.000000,0.106082,0.077058,0.000578,0.166429,0.039416,-0.107422,-0.096876
3.446586,0,0.080000,0.000000,0.103766,0.040949,-0.001038,0.056615,-0.000128,0.106962,-0.207101
3.446586,1,0.080000,0.000000,0.103766,0.034767,-0.002551,0.052924,-0.002558,-0.110551,-0.210162
3.446586,2,0.080000,0.000000,0.103766,0.050997,0.002081,0.074530,0.014461,0.110081,-0.190002
3.446586,3,0.080000,0.000000,0.103766,0.077345,0.000574,0.166558,0.039702,-0.107426,-0.096747
3.449694,0,0.080000,0.000000,0.101349,0.042650,-0.001018,0.057950,0.001572,0.106982,-0.205766
3.449694,1,0.080000,0.000000,0.101349,0.036515,-0.002779,0.054544,-0.000810,-0.110779,-0.208543
3.449694,2,0.080000,0.000000,0.101349,0.052070,0.002134,0.075453,0.015535,0.110134,-0.189078
3.449694,3,0.080000,0.000000,0.101349,0.077656,0.000565,0.166697,0.040014,-0.107435,-0.096608
3.453633,0,0.080000,0.000000,0.098286,0.043703,-0.001062,0.059125,0.002626,0.106938,-0.204591
3.453633,1,0.080000,0.000000,0.098286,0.038080,-0.003231,0.056158,0.000755,-0.111231,-0.206928
3.453633,2,0.080000,0.000000,0.098286,0.053047,0.001948,0.076133,0.016511,0.109948,-0.188398
3.453633,3,0.080000,0.000000,0.098286,0.077955,0.000561,0.166825,0.040313,-0.107439,-0.096480
3.456542,0,0.080000,0.000000,0.096023,0.045353,-0.001085,0.060596,0.004276,0.106915,-0.203120
3.456542,1,0.080000,0.000000,0.096023,0.040093,-0.003168,0.057799,0.002768,-0.111168,-0.205287
3.456542,2,0.080000,0.000000,0.096023,0.054298,0.001899,0.077061,0.017762,0.109899,-0.187471
3.456542,3,0.080000,0.000000,0.096023,0.078358,0.000551,0.167002,0.040716,-0.107449,-0.096303
3.459416,0,0.080000,0.000000,0.093788,0.046474,-0.001025,0.061484,0.005397,0.106975,-0.202232
3.459416,1,0.080000,0.000000,0.093788,0.041388,-0.002886,0.058682,0.004063,-0.110886,-0.204404
3.459416,2,0.080000,0.000000,0.093788,0.055084,0.001928,0.077581,0.018548,0.109928,-0.186951
3.459416,3,0.080000,0.000000,0.093788,0.078633,0.000542,0.167129,0.040991,-0.107458,-0.096176
3.462647,0,0.080000,0.000000,0.091275,0.047903,-0.000966,0.062493,0.006826,0.107034,-0.201222
3.462647,1,0.080000,0.000000,0.091275,0.042738,-0.002366,0.059476,0.005414,-0.110366,-0.203610
3.462647,2,0.080000,0.000000,0.091275,0.056004,0.001905,0.078138,0.019469,0.109905,-0.186393
3.462647,3,0.080000,0.000000,0.091275,0.078975,0.000541,0.167276,0.041332,-0.107459,-0.096029
3.465763,0,0.080000,0.000000,0.088851,0.048940,-0.001010,0.063270,0.007863,0.106990,-0.200446
3.465763,1,0.080000,0.000000,0.088851,0.044158,-0.002550,0.060634,0.006833,-0.110550,-0.202452
3.465763,2,0.080000,0.000000,0.088851,0.056832,0.001849,0.078585,0.020296,0.109849,-0.185947
3.465763,3,0.080000,0.000000,0.088851,0.079278,0.000542,0.167182,0.041636,-0.107458,-0.096123
3.468582,0,0.080000,0.000000,0.086659,0.049735,-0.001104,0.063925,0.008658,0.106896,-0.199791
3.468582,1,0.080000,0.000000,0.086659,0.045326,-0.003022,0.061717,0.008001,-0.111022,-0.201369
3.468582,2,0.080000,0.000000,0.086659,0.057536,0.001869,0.078898,0.021000,0.109869,-0.185633
3.468582,3,0.080000,0.000000,0.086659,0.079333,0.000446,0.167143,0.041691,-0.107554,-0.096162
3.471361,0,0.080000,0.000000,0.084497,0.050812,-0.000943,0.064648,0.009735,0.107057,-0.199068
3.471361,1,0.080000,0.000000,0.084497,0.046371,-0.002810,0.062325,0.009047,-0.110810,-0.200761
3.471361,2,0.080000,0.000000,0.084497,0.058219,0.001838,0.079169,0.021684,0.109838,-0.185362
3.471361,3,0.080000,0.000000,0.084497,0.079492,0.000516,0.167034,0.041850,-0.107484,-0.096271
3.474298,0,0.080000,0.000000,0.082212,0.052117,-0.001001,0.065116,0.011040,0.106999,-0.198599
3.474298,1,0.080000,0.000000,0.082212,0.047459,-0.002207,0.062653,0.010135,-0.110207,-0.200433
3.474298,2,0.080000,0.000000,0.082212,0.058905,0.001819,0.079340,0.022370,0.109819,-0.185192
3.474298,3,0.080000,0.000000,0.082212,0.079440,0.000486,0.166747,0.041798,-0.107514,-0.096558
3.477450,0,0.080000,0.000000,0.079761,0.052363,-0.000903,0.065615,0.011286,0.107097,-0.198101
3.477450,1,0.080000,0.000000,0.079761,0.048480,-0.002739,0.063524,0.011155,-0.110739,-0.199562
3.477450,2,0.080000,0.000000,0.079761,0.059603,0.001790,0.079452,0.023067,0.109790,-0.185080
3.477450,3,0.080000,0.000000,0.079761,0.078825,0.000516,0.166083,0.041183,-0.107484,-0.097222
3.480594,0,0.080000,0.000000,0.077315,0.052926,-0.000985,0.065963,0.011849,0.107015,-0.197752
3.480594,1,0.080000,0.000000,0.077315,0.049530,-0.002967,0.064200,0.012205,-0.110967,-0.198886
3.480594,2,0.080000,0.000000,0.077315,0.060212,0.001756,0.079508,0.023676,0.109756,-0.185023
3.480594,3,0.080000,0.000000,0.077315,0.078062,0.000425,0.165464,0.040420,-0.107575,-0.097841
3.483466,0,0.080000,0.000000,0.075082,0.054022,-0.000738,0.066437,0.012945,0.107262,-0.197278
3.483466,1,0.080000,0.000000,0.075082,0.050548,-0.002707,0.064529,0.013223,-0.110707,-0.198557
3.483466,2,0.080000,0.000000,0.075082,0.060875,0.001677,0.079461,0.024340,0.109677,-0.185071
3.483466,3,0.080000,0.000000,0.075082,0.076962,0.000229,0.164632,0.039320,-0.107771,-0.098673
3.486242,0,0.080000,0.000000,0.072923,0.055239,-0.000659,0.066761,0.014162,0.107341,-0.196955
3.486242,1,0.080000,0.000000,0.072923,0.051472,-0.002335,0.064709,0.014147,-0.110335,-0.198377
3.486242,2,0.080000,0.000000,0.072923,0.061434,0.001655,0.079378,0.024899,0.109655,-0.185153
3.486242,3,0.080000,0.000000,0.072923,0.076373,0.000114,0.163628,0.038731,-0.107886,-0.099677
3.489018,0,0.080000,0.000000,0.070764,0.055212,-0.000558,0.066906,0.014135,0.107442,-0.196810
3.489018,1,0.080000,0.000000,0.070764,0.052314,-0.002884,0.065278,0.014990,-0.110884,-0.197808
3.489018,2,0.080000,0.000000,0.070764,0.062111,0.001595,0.079250,0.025575,0.109595,-0.185281
3.489018,3,0.080000,0.000000,0.070764,0.075984,0.000057,0.162662,0.038341,-0.107943,-0.100643
3.491778,0,0.080000,0.000000,0.068617,0.055663,-0.000373,0.067102,0.014586,0.107627,-0.196613
3.491778,1,0.080000,0.000000,0.068617,0.053101,-0.002665,0.065376,0.015776,-0.110665,-0.197711
3.491778,2,0.080000,0.000000,0.068617,0.062766,0.001489,0.079008,0.026230,0.109489,-0.185523
3.491778,3,0.080000,0.000000,0.068617,0.075244,0.000134,0.161706,0.037602,-0.107866,-0.101599
3.494602,0,0.080000,0.000000,0.066421,0.056749,-0.000027,0.067392,0.015672,0.107973,-0.196324
3.494602,1,0.080000,0.000000,0.066421,0.053954,-0.002034,0.065199,0.016630,-0.110034,-0.197887
3.494602,2,0.080000,0.000000,0.066421,0.063366,0.001379,0.078720,0.026830,0.109379,-0.185811
3.494602,3,0.080000,0.000000,0.066421,0.074466,0.000110,0.161107,0.036823,-0.107890,-0.102198
3.497404,0,0.080000,0.000000,0.064241,0.056933,0.000097,0.067410,0.015856,0.108097,-0.196306
3.497404,1,0.080000,0.000000,0.064241,0.054743,-0.002363,0.065460,0.017418,-0.110363,-0.197626
3.497404,2,0.080000,0.000000,0.064241,0.063946,0.001217,0.078342,0.027411,0.109217,-0.186190
3.497404,3,0.080000,0.000000,0.064241,0.074295,-0.000004,0.160910,0.036653,-0.108004,-0.102395
